{
  "type": "FeatureCollection",
  "crs": {
    "type": "name",
    "properties": {
      "name": "EPSG:4326"
    }
  },
  "features": [
    {
      "type": "Feature",
      "id": 2,
      "geometry": {
        "type": "Polygon",
        "coordinates": [
          [
            [
              -113.474885926834,
              41.9933094480731
            ],
            [
              -113.473261078403,
              41.993323954739
            ],
            [
              -113.47220578432,
              41.9933474199049
            ],
            [
              -113.470116156543,
              41.9933932405805
            ],
            [
              -113.465671804557,
              41.9934885725835
            ],
            [
              -113.465349268946,
              41.9934957744876
            ],
            [
              -113.460830593048,
              41.9935926065366
            ],
            [
              -113.460567399246,
              41.9935984310763
            ],
            [
              -113.456017344297,
              41.9936959266078
            ],
            [
              -113.455785632853,
              41.9937010668025
            ],
            [
              -113.454134085593,
              41.9937374874635
            ],
            [
              -113.45120109697,
              41.9937624553432
            ],
            [
              -113.451000886748,
              41.9937643013783
            ],
            [
              -113.44633968774,
              41.9938038078508
            ],
            [
              -113.446212245548,
              41.9938049041212
            ],
            [
              -113.44147766586,
              41.9938451469786
            ],
            [
              -113.441359879658,
              41.9938462125368
            ],
            [
              -113.436615514621,
              41.9938864633798
            ],
            [
              -113.43650750209,
              41.993887406091
            ],
            [
              -113.434470849763,
              41.9939054244237
            ],
            [
              -113.431754149409,
              41.9939327797253
            ],
            [
              -113.43165579736,
              41.9939337831912
            ],
            [
              -113.426898166902,
              41.9939812071196
            ],
            [
              -113.426804760079,
              41.9939821024268
            ],
            [
              -113.422042174513,
              41.9940296097742
            ],
            [
              -113.421954319278,
              41.9940304737016
            ],
            [
              -113.417186292617,
              41.9940779843512
            ],
            [
              -113.417103748222,
              41.9940788229076
            ],
            [
              -113.414869515042,
              41.9941016455253
            ],
            [
              -113.412330661351,
              41.9941268683007
            ],
            [
              -113.412253670342,
              41.994127676145
            ],
            [
              -113.407494039335,
              41.9941742466856
            ],
            [
              -113.407403048082,
              41.9941751653575
            ],
            [
              -113.402657404743,
              41.9942215115366
            ],
            [
              -113.402552656689,
              41.9942226244908
            ],
            [
              -113.397808695894,
              41.994269004685
            ],
            [
              -113.397701894292,
              41.9942700655625
            ],
            [
              -113.395047776869,
              41.9942965033726
            ],
            [
              -113.392960357152,
              41.9943201571215
            ],
            [
              -113.392851873005,
              41.9943214289718
            ],
            [
              -113.388113664123,
              41.9943735921692
            ],
            [
              -113.387999626591,
              41.9943748853828
            ],
            [
              -113.383819663166,
              41.9944211038978
            ],
            [
              -113.383267458879,
              41.994427442442
            ],
            [
              -113.378962343966,
              41.994475002868
            ],
            [
              -113.378430893457,
              41.9944810683436
            ],
            [
              -113.375614692109,
              41.9945126675595
            ],
            [
              -113.374105976081,
              41.9945287669301
            ],
            [
              -113.373595027822,
              41.9945342949538
            ],
            [
              -113.369248387386,
              41.9945791974441
            ],
            [
              -113.368758076124,
              41.9945845485402
            ],
            [
              -113.364338658676,
              41.9946302274542
            ],
            [
              -113.363921110952,
              41.994634688589
            ],
            [
              -113.359428794319,
              41.9946811392522
            ],
            [
              -113.359070742017,
              41.9946849894982
            ],
            [
              -113.35590097096,
              41.9947182403388
            ],
            [
              -113.354519743837,
              41.9947314634917
            ],
            [
              -113.354221173481,
              41.9947343483366
            ],
            [
              -113.349612018369,
              41.9947786691773
            ],
            [
              -113.34855627962,
              41.994788937374
            ],
            [
              -113.344670377008,
              41.9948263575262
            ],
            [
              -113.343721320385,
              41.9948355715234
            ],
            [
              -113.339728724867,
              41.9948740131254
            ],
            [
              -113.338969019632,
              41.994881397804
            ],
            [
              -113.33605884103,
              41.994909527139
            ],
            [
              -113.334787152677,
              41.9949273976357
            ],
            [
              -113.334216768285,
              41.9949354012025
            ],
            [
              -113.329845661334,
              41.9949965081477
            ],
            [
              -113.329277690716,
              41.9950045277289
            ],
            [
              -113.324895587487,
              41.9950656693245
            ],
            [
              -113.324338596079,
              41.995073532004
            ],
            [
              -113.319945623235,
              41.9951348851718
            ],
            [
              -113.31941891673,
              41.9951422918519
            ],
            [
              -113.316278336428,
              41.9951862846027
            ],
            [
              -113.314995652695,
              41.9952042471545
            ],
            [
              -113.314499354162,
              41.995211287966
            ],
            [
              -113.310045204251,
              41.995274125138
            ],
            [
              -113.30959862118,
              41.9952805043226
            ],
            [
              -113.305283952683,
              41.9953414300095
            ],
            [
              -113.30469775435,
              41.9953496938987
            ],
            [
              -113.300522806219,
              41.9954086239838
            ],
            [
              -113.29973762566,
              41.9954196818809
            ],
            [
              -113.29726793506,
              41.9954545673539
            ],
            [
              -113.29576184391,
              41.9954712045926
            ],
            [
              -113.294777576022,
              41.9954821589968
            ],
            [
              -113.29099989525,
              41.9955234296044
            ],
            [
              -113.289930542532,
              41.9955352305484
            ],
            [
              -113.286214763767,
              41.9955758288234
            ],
            [
              -113.285083622229,
              41.9955883661477
            ],
            [
              -113.281429745473,
              41.9956282967647
            ],
            [
              -113.280236691147,
              41.995641476333
            ],
            [
              -113.276877877723,
              41.9956782797672
            ],
            [
              -113.276644841264,
              41.9956808320925
            ],
            [
              -113.275389873252,
              41.9956946498981
            ],
            [
              -113.271860050243,
              41.9957334361423
            ],
            [
              -113.270515171651,
              41.9957482600442
            ],
            [
              -113.268454767868,
              41.9957709124871
            ],
            [
              -113.265640095453,
              41.9958017606551
            ],
            [
              -113.263817314028,
              41.9958218887996
            ],
            [
              -113.263757575164,
              41.9958225270464
            ],
            [
              -113.260765375885,
              41.9958554067626
            ],
            [
              -113.259060734599,
              41.9958741222027
            ],
            [
              -113.256487903031,
              41.9959024153338
            ],
            [
              -113.255890867422,
              41.995908481341
            ],
            [
              -113.254363947933,
              41.9959240829807
            ],
            [
              -113.251033480848,
              41.9959577704656
            ],
            [
              -113.249444644978,
              41.9959739809632
            ],
            [
              -113.246175965815,
              41.9960071269817
            ],
            [
              -113.244525332142,
              41.9960238481961
            ],
            [
              -113.24131855858,
              41.9960563646231
            ],
            [
              -113.239606011221,
              41.996073774808
            ],
            [
              -113.236461145057,
              41.9961056676532
            ],
            [
              -113.236337439855,
              41.9961069080897
            ],
            [
              -113.234685753357,
              41.9961213466884
            ],
            [
              -113.230424269616,
              41.9961573446971
            ],
            [
              -113.229787613811,
              41.9961629647108
            ],
            [
              -113.225560644243,
              41.9961987410467
            ],
            [
              -113.22488922723,
              41.9962046474649
            ],
            [
              -113.220704376071,
              41.9962401493865
            ],
            [
              -113.219991196381,
              41.9962463849364
            ],
            [
              -113.216429251413,
              41.9962767909112
            ],
            [
              -113.215848952316,
              41.9962817853568
            ],
            [
              -113.215093765606,
              41.9962882612449
            ],
            [
              -113.210992386802,
              41.9963220667052
            ],
            [
              -113.210259045323,
              41.9963283603298
            ],
            [
              -113.206135695524,
              41.9963624154574
            ],
            [
              -113.205424319651,
              41.996368526151
            ],
            [
              -113.201279113841,
              41.9964026460158
            ],
            [
              -113.200589461028,
              41.996408580455
            ],
            [
              -113.196458853739,
              41.9964426061646
            ],
            [
              -113.196422404597,
              41.9964429439781
            ],
            [
              -113.195754622167,
              41.9964494205174
            ],
            [
              -113.191403778514,
              41.9964900008513
            ],
            [
              -113.190896875369,
              41.9964949071551
            ],
            [
              -113.186540349871,
              41.9965355014798
            ],
            [
              -113.186038998315,
              41.9965403710612
            ],
            [
              -113.18167703262,
              41.996580974036
            ],
            [
              -113.181181112277,
              41.996585808898
            ],
            [
              -113.176813588706,
              41.9966265126535
            ],
            [
              -113.176565927674,
              41.9966288693299
            ],
            [
              -113.17632323163,
              41.9966316713047
            ],
            [
              -113.171967612533,
              41.9966676416526
            ],
            [
              -113.17137274905,
              41.9966742176433
            ],
            [
              -113.167121657919,
              41.9967096465332
            ],
            [
              -113.166422399421,
              41.9967173574614
            ],
            [
              -113.162276195582,
              41.9967521574363
            ],
            [
              -113.161472540271,
              41.9967609946214
            ],
            [
              -113.157430745822,
              41.9967952738351
            ],
            [
              -113.15667814087,
              41.9968035682457
            ],
            [
              -113.156522826649,
              41.9968055864364
            ],
            [
              -113.152564556656,
              41.9968465898088
            ],
            [
              -113.151645690613,
              41.9968581501674
            ],
            [
              -113.147698158183,
              41.9968991441594
            ],
            [
              -113.146768427017,
              41.9969107786132
            ],
            [
              -113.14283211185,
              41.9969516657537
            ],
            [
              -113.1418912281,
              41.9969512204575
            ],
            [
              -113.138247487932,
              41.9969899104677
            ],
            [
              -113.137965919091,
              41.9969929053658
            ],
            [
              -113.13701438761,
              41.9970026157512
            ],
            [
              -113.133116548185,
              41.9970356076837
            ],
            [
              -113.13207087416,
              41.9970462166646
            ],
            [
              -113.128266937428,
              41.9970785596586
            ],
            [
              -113.127127363405,
              41.997090144009
            ],
            [
              -113.123417572809,
              41.9971219315303
            ],
            [
              -113.122183854446,
              41.9971343991187
            ],
            [
              -113.118568088715,
              41.9971655517226
            ],
            [
              -113.118425191906,
              41.9971671092523
            ],
            [
              -113.117241422567,
              41.9971786014567
            ],
            [
              -113.112855487126,
              41.9972205399069
            ],
            [
              -113.112388641656,
              41.9972250823082
            ],
            [
              -113.108003904567,
              41.9972669933559
            ],
            [
              -113.107535971237,
              41.9972715364216
            ],
            [
              -113.103152433399,
              41.9973134200668
            ],
            [
              -113.102683171461,
              41.9973179671348
            ],
            [
              -113.09833487004,
              41.997359561676
            ],
            [
              -113.098301196692,
              41.9973599068284
            ],
            [
              -113.097830120157,
              41.997364377786
            ],
            [
              -113.093450251038,
              41.9974044721871
            ],
            [
              -113.092988345404,
              41.9974088456712
            ],
            [
              -113.088599295503,
              41.9974490128133
            ],
            [
              -113.088146444887,
              41.9974533822887
            ],
            [
              -113.083748454055,
              41.9974936161631
            ],
            [
              -113.083304531794,
              41.997497804047
            ],
            [
              -113.078897484147,
              41.9975381967832
            ],
            [
              -113.078462973535,
              41.997542285191
            ],
            [
              -113.07845319717,
              41.9975423726472
            ],
            [
              -113.078443541179,
              41.9975424574329
            ],
            [
              -113.074055041946,
              41.9975816971892
            ],
            [
              -113.073567541513,
              41.9975861848212
            ],
            [
              -113.06921234642,
              41.9976250874108
            ],
            [
              -113.068672220881,
              41.9976300530438
            ],
            [
              -113.064369765879,
              41.9976685416928
            ],
            [
              -113.063776891266,
              41.9976738931967
            ],
            [
              -113.059527296728,
              41.9977119699087
            ],
            [
              -113.058881674839,
              41.9977177920685
            ],
            [
              -113.058524888262,
              41.9977210406212
            ],
            [
              -113.054666704965,
              41.9977552472168
            ],
            [
              -113.053936830984,
              41.997761739645
            ],
            [
              -113.049805977557,
              41.9977983208771
            ],
            [
              -113.048991732007,
              41.997805568358
            ],
            [
              -113.044945364234,
              41.9978414572627
            ],
            [
              -113.044046507266,
              41.997849457125
            ],
            [
              -113.040084742827,
              41.9978845669151
            ],
            [
              -113.039101633767,
              41.9978933058056
            ],
            [
              -113.03872528907,
              41.9978966604978
            ],
            [
              -113.035236080691,
              41.9979281598807
            ],
            [
              -113.034496429446,
              41.9979348819457
            ],
            [
              -113.030387538929,
              41.9979719958227
            ],
            [
              -113.029512462163,
              41.9979800010094
            ],
            [
              -113.025538870505,
              41.9980158984945
            ],
            [
              -113.024528606272,
              41.9980250813204
            ],
            [
              -113.020690434745,
              41.9980597724292
            ],
            [
              -113.019544863569,
              41.9980702136722
            ],
            [
              -113.018799657142,
              41.9980770225099
            ],
            [
              -113.015843509052,
              41.9980981913882
            ],
            [
              -113.014778015497,
              41.9981058273771
            ],
            [
              -113.010996816922,
              41.9981327990074
            ],
            [
              -113.010011353377,
              41.9981398882295
            ],
            [
              -113.006185249817,
              41.9981673084709
            ],
            [
              -113.005244686765,
              41.9981740218318
            ],
            [
              -113.001373672831,
              41.9982017057594
            ],
            [
              -113.00047739313,
              41.9982076079862
            ],
            [
              -112.998983092367,
              41.9982168975999
            ],
            [
              -112.998317499132,
              41.9982215560921
            ],
            [
              -112.995492407158,
              41.9982373961644
            ],
            [
              -112.994204778199,
              41.9982458212361
            ],
            [
              -112.99050515833,
              41.9982644859035
            ],
            [
              -112.989280782445,
              41.9982725684945
            ],
            [
              -112.985517775653,
              41.998291360665
            ],
            [
              -112.984356532468,
              41.9982991087869
            ],
            [
              -112.980504576293,
              41.9983190939436
            ],
            [
              -112.979474672192,
              41.9983261477624
            ],
            [
              -112.978618107908,
              41.9983320045811
            ],
            [
              -112.975611802385,
              41.9983603860773
            ],
            [
              -112.97463893322,
              41.9983690260984
            ],
            [
              -112.970732096269,
              41.9984067385551
            ],
            [
              -112.969811974381,
              41.9984149720045
            ],
            [
              -112.965852868956,
              41.9984532358671
            ],
            [
              -112.964985371276,
              41.9984609792962
            ],
            [
              -112.96094561151,
              41.9984915384271
            ],
            [
              -112.960105139646,
              41.9984986930335
            ],
            [
              -112.958622866426,
              41.9985109433842
            ],
            [
              -112.956067918519,
              41.9985295772645
            ],
            [
              -112.955229117521,
              41.9985361270268
            ],
            [
              -112.951185645917,
              41.9985641539399
            ],
            [
              -112.950348773602,
              41.998570635604
            ],
            [
              -112.946303604182,
              41.9985986090944
            ],
            [
              -112.945468421598,
              41.9986051167912
            ],
            [
              -112.941403428156,
              41.9986047042187
            ],
            [
              -112.940569176226,
              41.9986100790097
            ],
            [
              -112.938676377414,
              41.9986180267031
            ],
            [
              -112.936486045799,
              41.9986367273114
            ],
            [
              -112.935693964382,
              41.9986432470209
            ],
            [
              -112.93157890244,
              41.998680165548
            ],
            [
              -112.930827739284,
              41.9986863227505
            ],
            [
              -112.926672113017,
              41.9987235677049
            ],
            [
              -112.925961387524,
              41.9987294645426
            ],
            [
              -112.921759959753,
              41.9987615363066
            ],
            [
              -112.921089905485,
              41.998766901738
            ],
            [
              -112.918797634848,
              41.9987848105395
            ],
            [
              -112.916983506895,
              41.9987994594894
            ],
            [
              -112.916219521187,
              41.9988049243886
            ],
            [
              -112.9120420434,
              41.9988469579001
            ],
            [
              -112.911349877101,
              41.9988518239667
            ],
            [
              -112.907100703873,
              41.9988948715164
            ],
            [
              -112.906480241099,
              41.9988992375545
            ],
            [
              -112.902157450934,
              41.9989396320715
            ],
            [
              -112.901608688094,
              41.9989434132982
            ],
            [
              -112.899032400707,
              41.9989645518467
            ],
            [
              -112.897280525105,
              41.9989779496933
            ],
            [
              -112.89673791752,
              41.9989816955355
            ],
            [
              -112.89240292464,
              41.9990222849361
            ],
            [
              -112.891866352836,
              41.9990259987314
            ],
            [
              -112.887525315192,
              41.9990665927769
            ],
            [
              -112.88699489595,
              41.9990701823982
            ],
            [
              -112.884046185911,
              41.9990854000674
            ],
            [
              -112.882647429064,
              41.9990935860303
            ],
            [
              -112.879261324822,
              41.9991103618435
            ],
            [
              -112.879188533436,
              41.9991108331604
            ],
            [
              -112.877738709161,
              41.9991192554461
            ],
            [
              -112.874330751603,
              41.9991361527534
            ],
            [
              -112.872829981174,
              41.9991448046858
            ],
            [
              -112.869473084755,
              41.9991614449653
            ],
            [
              -112.8679211391,
              41.9991707764979
            ],
            [
              -112.864630549129,
              41.9991882672763
            ],
            [
              -112.863011721207,
              41.9991978985513
            ],
            [
              -112.85978800991,
              41.9992151549994
            ],
            [
              -112.859489267078,
              41.9992181050644
            ],
            [
              -112.858132886457,
              41.9992306189733
            ],
            [
              -112.854945812949,
              41.9992581335419
            ],
            [
              -112.853254225082,
              41.9992736662666
            ],
            [
              -112.850103480343,
              41.9993009104445
            ],
            [
              -112.848375311281,
              41.999316600709
            ],
            [
              -112.845249787641,
              41.9993435744964
            ],
            [
              -112.843495424604,
              41.9993596125622
            ],
            [
              -112.840396088652,
              41.999386303943
            ],
            [
              -112.839817059772,
              41.9993918061767
            ],
            [
              -112.838612765726,
              41.999398859209
            ],
            [
              -112.835542452544,
              41.9994146876393
            ],
            [
              -112.833729601097,
              41.9994249370633
            ],
            [
              -112.833021832857,
              41.9994293998647
            ],
            [
              -112.830691131395,
              41.999443999265
            ],
            [
              -112.828849059548,
              41.9994542780579
            ],
            [
              -112.825837890546,
              41.9994697139352
            ],
            [
              -112.823965152012,
              41.9994801315814
            ],
            [
              -112.820984525729,
              41.9994954960209
            ],
            [
              -112.820162307631,
              41.9995004341369
            ],
            [
              -112.819078604327,
              41.9995067201038
            ],
            [
              -112.816131778056,
              41.9995219623691
            ],
            [
              -112.814191190666,
              41.9995327538534
            ],
            [
              -112.811278285678,
              41.9995478759475
            ],
            [
              -112.809303531766,
              41.999558853683
            ],
            [
              -112.806561575278,
              41.9995734116634
            ],
            [
              -112.804415876458,
              41.9995852852905
            ],
            [
              -112.801844623231,
              41.9995991176027
            ],
            [
              -112.800382091388,
              41.9996074817441
            ],
            [
              -112.799607139945,
              41.9996145934998
            ],
            [
              -112.797130536809,
              41.9996367432123
            ],
            [
              -112.794613979304,
              41.9996593735761
            ],
            [
              -112.792417301092,
              41.9996791146382
            ],
            [
              -112.789620692001,
              41.9997042083626
            ],
            [
              -112.78743185698,
              41.9997239113587
            ],
            [
              -112.784627514292,
              41.9997490037303
            ],
            [
              -112.782446402087,
              41.9997686719983
            ],
            [
              -112.780414485678,
              41.999786975058
            ],
            [
              -112.780289897433,
              41.9997875571883
            ],
            [
              -112.777460582479,
              41.9998006130604
            ],
            [
              -112.775952126064,
              41.9998077561708
            ],
            [
              -112.772602358675,
              41.9998230711303
            ],
            [
              -112.771615048194,
              41.9998269697986
            ],
            [
              -112.768116401216,
              41.9998334646857
            ],
            [
              -112.767281451296,
              41.9998368693442
            ],
            [
              -112.763266973716,
              41.9998425130658
            ],
            [
              -112.762893207184,
              41.9998442027107
            ],
            [
              -112.76242961631,
              41.9998461894288
            ],
            [
              -112.758413930496,
              41.9998518618555
            ],
            [
              -112.757577770545,
              41.9998552144418
            ],
            [
              -112.753561490944,
              41.9998613568439
            ],
            [
              -112.752726783569,
              41.9998648315967
            ],
            [
              -112.748719736853,
              41.999881920969
            ],
            [
              -112.747886610513,
              41.9998858770455
            ],
            [
              -112.743878353766,
              41.9999029957857
            ],
            [
              -112.74326470651,
              41.9999059244563
            ],
            [
              -112.743018063269,
              41.9999070593412
            ],
            [
              -112.739036726337,
              41.9999241400237
            ],
            [
              -112.738149150412,
              41.9999283103905
            ],
            [
              -112.734193414567,
              41.9999456460824
            ],
            [
              -112.733278431941,
              41.9999499225928
            ],
            [
              -112.729324454099,
              41.9999743586455
            ],
            [
              -112.728380146869,
              41.9999792179501
            ],
            [
              -112.724453810188,
              42.0000035204758
            ],
            [
              -112.723506601399,
              42.0000082929931
            ],
            [
              -112.723500928538,
              42.0000083784431
            ],
            [
              -112.719583154599,
              42.0000324753436
            ],
            [
              -112.718632807995,
              42.0000373446574
            ],
            [
              -112.71471273886,
              42.0000615797356
            ],
            [
              -112.713759373019,
              42.0000664543879
            ],
            [
              -112.709843400201,
              42.000090551934
            ],
            [
              -112.708887135496,
              42.0000954285868
            ],
            [
              -112.704974296901,
              42.0001194940783
            ],
            [
              -112.704004631129,
              42.0001244388217
            ],
            [
              -112.703314563294,
              42.0001279289144
            ],
            [
              -112.700106857281,
              42.0001385674208
            ],
            [
              -112.699125049879,
              42.000141039458
            ],
            [
              -112.695236320269,
              42.0001548689791
            ],
            [
              -112.694242437714,
              42.0001572976231
            ],
            [
              -112.690327029038,
              42.000171443572
            ],
            [
              -112.68935850233,
              42.0001739069294
            ],
            [
              -112.685417499754,
              42.0001882624935
            ],
            [
              -112.68444897035,
              42.0001906844606
            ],
            [
              -112.683327110206,
              42.0001935456928
            ],
            [
              -112.680602672663,
              42.0002022235168
            ],
            [
              -112.679583074036,
              42.0002048117098
            ],
            [
              -112.675783677389,
              42.0002184749905
            ],
            [
              -112.674713960854,
              42.0002207607709
            ],
            [
              -112.670931545061,
              42.0002282516412
            ],
            [
              -112.669854586308,
              42.0002305975031
            ],
            [
              -112.666079412733,
              42.0002380930453
            ],
            [
              -112.665043744144,
              42.000240334765
            ],
            [
              -112.663587790664,
              42.0002433468671
            ],
            [
              -112.661228251484,
              42.0002482555518
            ],
            [
              -112.660233873059,
              42.0002503964671
            ],
            [
              -112.65637611197,
              42.0002580468846
            ],
            [
              -112.65542266528,
              42.0002601857969
            ],
            [
              -112.650608600859,
              42.0002717061484
            ],
            [
              -112.649772868506,
              42.0002735459865
            ],
            [
              -112.645206910681,
              42.0002844241281
            ],
            [
              -112.644898431908,
              42.0002851537879
            ],
            [
              -112.644144799283,
              42.00028676665
            ],
            [
              -112.64002446962,
              42.0002965472957
            ],
            [
              -112.639805816087,
              42.0002969698708
            ],
            [
              -112.635149663815,
              42.00030810636
            ],
            [
              -112.634404478947,
              42.0003096250934
            ],
            [
              -112.630363618746,
              42.0003156753263
            ],
            [
              -112.629011850974,
              42.0003182995637
            ],
            [
              -112.625509367292,
              42.00032383109
            ],
            [
              -112.623911533896,
              42.0003268171528
            ],
            [
              -112.622290400897,
              42.0003299313897
            ],
            [
              -112.62065405403,
              42.0003330563077
            ],
            [
              -112.618810036432,
              42.0003364762936
            ],
            [
              -112.615799440555,
              42.0003414363744
            ],
            [
              -112.613708989922,
              42.0003450012236
            ],
            [
              -112.610962682893,
              42.0003493604864
            ],
            [
              -112.608607814055,
              42.0003533011797
            ],
            [
              -112.606125806654,
              42.0003574421451
            ],
            [
              -112.60380655422,
              42.0003613260941
            ],
            [
              -112.601645107035,
              42.0003650331355
            ],
            [
              -112.601288874719,
              42.0003682027793
            ],
            [
              -112.599005516268,
              42.0003879703245
            ],
            [
              -112.596452347924,
              42.0004098253677
            ],
            [
              -112.594205581448,
              42.0004299794252
            ],
            [
              -112.591586883699,
              42.0004533565218
            ],
            [
              -112.58940674976,
              42.0004729424606
            ],
            [
              -112.588045795816,
              42.0004852077854
            ],
            [
              -112.58672069633,
              42.0004972321139
            ],
            [
              -112.583178626589,
              42.0005286768036
            ],
            [
              -112.582178974154,
              42.0005376890359
            ],
            [
              -112.581855771094,
              42.0005388118932
            ],
            [
              -112.57831101,
              42.0005495190909
            ],
            [
              -112.576990663501,
              42.0005537094439
            ],
            [
              -112.573402905444,
              42.0005640448012
            ],
            [
              -112.57212686565,
              42.0005680221977
            ],
            [
              -112.568494794599,
              42.0005784510128
            ],
            [
              -112.567263184581,
              42.0005823075778
            ],
            [
              -112.563586679262,
              42.0005928278479
            ],
            [
              -112.562489203887,
              42.0005962464848
            ],
            [
              -112.562399499021,
              42.0005965669194
            ],
            [
              -112.558678555841,
              42.0006069943947
            ],
            [
              -112.557535443354,
              42.0006106253186
            ],
            [
              -112.553743755151,
              42.000621582176
            ],
            [
              -112.552691313219,
              42.000624928046
            ],
            [
              -112.548808468472,
              42.0006362347085
            ],
            [
              -112.547847301661,
              42.0006392948571
            ],
            [
              -112.54387341805,
              42.0006507617342
            ],
            [
              -112.543003043066,
              42.0006535501804
            ],
            [
              -112.54284765698,
              42.000654018148
            ],
            [
              -112.538938394578,
              42.000691644469
            ],
            [
              -112.538159300105,
              42.0006993869581
            ],
            [
              -112.533997692855,
              42.0007125768249
            ],
            [
              -112.533292072487,
              42.0007129099428
            ],
            [
              -112.529051991108,
              42.0007266084957
            ],
            [
              -112.528422438283,
              42.0007268888754
            ],
            [
              -112.52410400315,
              42.0007410881033
            ],
            [
              -112.523550879887,
              42.00074131708
            ],
            [
              -112.523212073989,
              42.0007414011938
            ],
            [
              -112.519164421626,
              42.0007538013161
            ],
            [
              -112.518687365904,
              42.0007539909061
            ],
            [
              -112.514260309182,
              42.0007653836623
            ],
            [
              -112.513832031082,
              42.0007654497518
            ],
            [
              -112.509354625585,
              42.0007770474499
            ],
            [
              -112.508975129599,
              42.0007771742883
            ],
            [
              -112.504447740043,
              42.0007890577044
            ],
            [
              -112.504116900405,
              42.0007890710557
            ],
            [
              -112.503498937643,
              42.0007893320756
            ],
            [
              -112.499556725036,
              42.0007983082223
            ],
            [
              -112.499274667511,
              42.0007983910009
            ],
            [
              -112.494620709824,
              42.0008092877448
            ],
            [
              -112.494379461864,
              42.0008092770636
            ],
            [
              -112.489683365104,
              42.0008203427007
            ],
            [
              -112.489482809031,
              42.0008203340223
            ],
            [
              -112.484744814846,
              42.0008315605418
            ],
            [
              -112.484585071032,
              42.0008316453232
            ],
            [
              -112.482555040187,
              42.0008336600483
            ],
            [
              -112.479863625612,
              42.000806791701
            ],
            [
              -112.479744675194,
              42.0008060733958
            ],
            [
              -112.475268692628,
              42.0007911044742
            ],
            [
              -112.474912469296,
              42.0007899188698
            ],
            [
              -112.470172401799,
              42.0007741822386
            ],
            [
              -112.470084371393,
              42.0007738684806
            ],
            [
              -112.465257966815,
              42.0007578634821
            ],
            [
              -112.465077440477,
              42.0007572860338
            ],
            [
              -112.463255384891,
              42.0007510796313
            ],
            [
              -112.46040933612,
              42.000741397856
            ],
            [
              -112.459960856706,
              42.0007398984925
            ],
            [
              -112.45556030298,
              42.0007549034749
            ],
            [
              -112.455125354889,
              42.0007537539186
            ],
            [
              -112.450710675155,
              42.0007689317985
            ],
            [
              -112.450289610527,
              42.0007676787691
            ],
            [
              -112.445861168603,
              42.0007831143277
            ],
            [
              -112.445454111405,
              42.0007819374015
            ],
            [
              -112.443865558504,
              42.0007803178763
            ],
            [
              -112.441008803611,
              42.0007831677333
            ],
            [
              -112.44061574486,
              42.0007816176354
            ],
            [
              -112.436146043315,
              42.0008203427007
            ],
            [
              -112.435810466861,
              42.0008191370698
            ],
            [
              -112.431283553412,
              42.0008591091318
            ],
            [
              -112.431005092742,
              42.0008580777372
            ],
            [
              -112.426421090459,
              42.0008993802397
            ],
            [
              -112.426200228866,
              42.0008985224136
            ],
            [
              -112.424466352807,
              42.0008995204291
            ],
            [
              -112.421392011579,
              42.0009134085314
            ],
            [
              -112.420384799821,
              42.0009099371737
            ],
            [
              -112.416586974328,
              42.0009085105791
            ],
            [
              -112.413271611517,
              42.0009055218734
            ],
            [
              -112.411781520259,
              42.0009011646513
            ],
            [
              -112.408418828809,
              42.0008983481781
            ],
            [
              -112.406976192853,
              42.0008940663908
            ],
            [
              -112.405050567803,
              42.0008893767186
            ],
            [
              -112.40356547028,
              42.0008924168279
            ],
            [
              -112.402170081217,
              42.0008952426473
            ],
            [
              -112.398713177154,
              42.0009131061227
            ],
            [
              -112.397362228646,
              42.0009162323472
            ],
            [
              -112.393861137353,
              42.0009344876794
            ],
            [
              -112.392554255701,
              42.0009374730459
            ],
            [
              -112.389009100246,
              42.0009562050158
            ],
            [
              -112.387746646573,
              42.0009589574
            ],
            [
              -112.385633756923,
              42.0009660222749
            ],
            [
              -112.384155914195,
              42.0009697145946
            ],
            [
              -112.382937648651,
              42.0009722420076
            ],
            [
              -112.379594422794,
              42.0009932930984
            ],
            [
              -112.379304310076,
              42.000995068829
            ],
            [
              -112.37812021914,
              42.0009978545899
            ],
            [
              -112.374453198234,
              42.0010211126508
            ],
            [
              -112.373303032175,
              42.0010237128267
            ],
            [
              -112.369601844746,
              42.0010474041294
            ],
            [
              -112.368485606259,
              42.0010499115124
            ],
            [
              -112.366221944269,
              42.0010591372924
            ],
            [
              -112.364748850934,
              42.0010592801517
            ],
            [
              -112.363666488814,
              42.0010593562545
            ],
            [
              -112.359884325448,
              42.0010571279149
            ],
            [
              -112.359385645481,
              42.0010570911987
            ],
            [
              -112.355017727549,
              42.0010540731271
            ],
            [
              -112.354523515802,
              42.0010540524325
            ],
            [
              -112.350157407976,
              42.0010510083255
            ],
            [
              -112.349661262156,
              42.0010508995121
            ],
            [
              -112.346810308583,
              42.0010496244585
            ],
            [
              -112.345300263947,
              42.0010496812016
            ],
            [
              -112.344802549669,
              42.0010496598395
            ],
            [
              -112.344122750476,
              42.0010496077692
            ],
            [
              -112.340440850774,
              42.0010496164476
            ],
            [
              -112.339958231786,
              42.0010496678503
            ],
            [
              -112.335581559771,
              42.0010496151125
            ],
            [
              -112.335114153753,
              42.0010496491584
            ],
            [
              -112.330745208148,
              42.0010495917476
            ],
            [
              -112.330269832276,
              42.0010496084368
            ],
            [
              -112.32743121886,
              42.001049600426
            ],
            [
              -112.325909033493,
              42.0010523341142
            ],
            [
              -112.32542582521,
              42.0010531418707
            ],
            [
              -112.321065488161,
              42.001060722097
            ],
            [
              -112.320613914949,
              42.0010615058209
            ],
            [
              -112.316222061406,
              42.0010690847111
            ],
            [
              -112.315802001993,
              42.0010698484079
            ],
            [
              -112.311343375777,
              42.0010775548024
            ],
            [
              -112.310990086342,
              42.0010781682965
            ],
            [
              -112.308470086493,
              42.0010825174956
            ],
            [
              -112.306464738657,
              42.001082575574
            ],
            [
              -112.306178933361,
              42.001082586255
            ],
            [
              -112.301421508617,
              42.0010869127566
            ],
            [
              -112.301355461782,
              42.001086941462
            ],
            [
              -112.296569539782,
              42.0010913000065
            ],
            [
              -112.296531868931,
              42.001091365428
            ],
            [
              -112.291721073479,
              42.0010958027451
            ],
            [
              -112.291714794255,
              42.0010957833857
            ],
            [
              -112.291708394657,
              42.0010957653613
            ],
            [
              -112.289382604284,
              42.0010967887413
            ],
            [
              -112.286886160059,
              42.0011018402195
            ],
            [
              -112.286880001209,
              42.0011018188573
            ],
            [
              -112.286873963632,
              42.0011017968276
            ],
            [
              -112.282027844627,
              42.0011151401513
            ],
            [
              -112.282022412514,
              42.0011152008999
            ],
            [
              -112.282016857332,
              42.0011151728621
            ],
            [
              -112.277169284853,
              42.0011284173832
            ],
            [
              -112.27716445551,
              42.0011284714561
            ],
            [
              -112.277159504894,
              42.0011284360751
            ],
            [
              -112.272310964031,
              42.0011417566959
            ],
            [
              -112.272302511783,
              42.0011417600337
            ],
            [
              -112.270280335806,
              42.0011458749128
            ],
            [
              -112.267454516197,
              42.0011522575141
            ],
            [
              -112.267448961015,
              42.0011522281412
            ],
            [
              -112.262589401416,
              42.0011581447808
            ],
            [
              -112.262548347509,
              42.0011581461159
            ],
            [
              -112.257730202042,
              42.0011640307118
            ],
            [
              -112.257640607669,
              42.0011640220334
            ],
            [
              -112.252870876904,
              42.0011698031559
            ],
            [
              -112.252732863337,
              42.001169778456
            ],
            [
              -112.250871935852,
              42.0011706202568
            ],
            [
              -112.248269402388,
              42.0011723853015
            ],
            [
              -112.248015109992,
              42.0011723585988
            ],
            [
              -112.243463333871,
              42.0011724961174
            ],
            [
              -112.243181149684,
              42.0011724907769
            ],
            [
              -112.238657265354,
              42.0011726756927
            ],
            [
              -112.238346827355,
              42.0011726930494
            ],
            [
              -112.233851195939,
              42.0011728345734
            ],
            [
              -112.233512623604,
              42.0011728712896
            ],
            [
              -112.231295235631,
              42.0011729033327
            ],
            [
              -112.229045125626,
              42.001172972092
            ],
            [
              -112.228678418056,
              42.0011729353759
            ],
            [
              -112.224114806631,
              42.0011731530024
            ],
            [
              -112.223781545135,
              42.0011731042701
            ],
            [
              -112.219184485839,
              42.0011733018697
            ],
            [
              -112.218884673113,
              42.0011733339128
            ],
            [
              -112.214254165047,
              42.0011735088151
            ],
            [
              -112.213987919668,
              42.0011735335151
            ],
            [
              -112.211835007377,
              42.0011734981341
            ],
            [
              -112.20932384156,
              42.0011735949311
            ],
            [
              -112.209090800609,
              42.001173618296
            ],
            [
              -112.204456306718,
              42.0011737998739
            ],
            [
              -112.204246328216,
              42.0011737518092
            ],
            [
              -112.200888486769,
              42.0011738980061
            ],
            [
              -112.199591405737,
              42.0011727811681
            ],
            [
              -112.199404610057,
              42.0011727517952
            ],
            [
              -112.194758243133,
              42.0011579852325
            ],
            [
              -112.194594509901,
              42.0011579785568
            ],
            [
              -112.192487908458,
              42.001155026579
            ],
            [
              -112.189903778779,
              42.0011404155551
            ],
            [
              -112.189763104402,
              42.0011401625474
            ],
            [
              -112.186040995209,
              42.0012131789149
            ],
            [
              -112.181195703552,
              42.0013391591051
            ],
            [
              -112.176352727752,
              42.0014674327923
            ],
            [
              -112.173160193386,
              42.0015213631783
            ],
            [
              -112.171498553554,
              42.001124578208
            ],
            [
              -112.166637026644,
              41.9999997406472
            ],
            [
              -112.161749827681,
              41.9989410647185
            ],
            [
              -112.159207254067,
              41.9983902663122
            ],
            [
              -112.15686267004,
              41.9978823591601
            ],
            [
              -112.153988633358,
              41.9972315714525
            ],
            [
              -112.153983431214,
              41.9972309933044
            ],
            [
              -112.153013591169,
              41.9972410094176
            ],
            [
              -112.151997893027,
              41.9972522893095
            ],
            [
              -112.148175372846,
              41.9973447187889
            ],
            [
              -112.14715715493,
              41.9973503066527
            ],
            [
              -112.14333675657,
              41.9973798689138
            ],
            [
              -112.142351283144,
              41.9973868887888
            ],
            [
              -112.138498405297,
              41.9974167033878
            ],
            [
              -112.137545527241,
              41.9974235389998
            ],
            [
              -112.134866062056,
              41.9974435778398
            ],
            [
              -112.133654360502,
              41.997466449989
            ],
            [
              -112.13273450721,
              41.9974837269347
            ],
            [
              -112.128817924437,
              41.9975646419145
            ],
            [
              -112.127930804856,
              41.997582819431
            ],
            [
              -112.123959916229,
              41.9976523035875
            ],
            [
              -112.123277226257,
              41.9976646609175
            ],
            [
              -112.119099920049,
              41.9977375277246
            ],
            [
              -112.11846671647,
              41.9977490131499
            ],
            [
              -112.115747876329,
              41.9977971799462
            ],
            [
              -112.114241899264,
              41.9977983889725
            ],
            [
              -112.113658008703,
              41.9977990125122
            ],
            [
              -112.109380066928,
              41.9978002696057
            ],
            [
              -112.108845681623,
              41.9978010199897
            ],
            [
              -112.104519794965,
              41.997815619096
            ],
            [
              -112.10396403874,
              41.9978163721502
            ],
            [
              -112.099659275966,
              41.9978308550904
            ],
            [
              -112.099082391365,
              41.9978316969353
            ],
            [
              -112.096193072543,
              41.9978392421625
            ],
            [
              -112.094803602479,
              41.9978471899522
            ],
            [
              -112.094205627232,
              41.9978503697354
            ],
            [
              -112.089943640435,
              41.9978812823203
            ],
            [
              -112.089324293369,
              41.997884460099
            ],
            [
              -112.085084241635,
              41.9979133631906
            ],
            [
              -112.084582245088,
              41.9979159461359
            ],
            [
              -112.080224362236,
              41.9979458726438
            ],
            [
              -112.079839471866,
              41.9979477833147
            ],
            [
              -112.075428707889,
              41.9979782051666
            ],
            [
              -112.075364366056,
              41.9979789882609
            ],
            [
              -112.075096501015,
              41.9979825786112
            ],
            [
              -112.07050405367,
              41.9980512592099
            ],
            [
              -112.070353591249,
              41.9980501409819
            ],
            [
              -112.066120792513,
              41.9980374759636
            ],
            [
              -112.065577871416,
              41.9980334209675
            ],
            [
              -112.061304144537,
              41.9980208681025
            ],
            [
              -112.060802040192,
              41.998017133553
            ],
            [
              -112.056487263897,
              41.9980046908386
            ],
            [
              -112.056036600679,
              41.9980012727302
            ],
            [
              -112.056031528791,
              41.9980012293362
            ],
            [
              -112.056026336528,
              41.9980011872775
            ],
            [
              -112.051670827924,
              41.9979640800934
            ],
            [
              -112.051250918529,
              41.9979584695852
            ],
            [
              -112.04680977802,
              41.9979194403553
            ],
            [
              -112.046400134573,
              41.997913988732
            ],
            [
              -112.041948493656,
              41.997874867346
            ],
            [
              -112.041549238327,
              41.9978696647339
            ],
            [
              -112.037087579398,
              41.9978304451833
            ],
            [
              -112.036698468743,
              41.9978253140009
            ],
            [
              -112.036640258811,
              41.997824578972
            ],
            [
              -112.032225920437,
              41.9978367106194
            ],
            [
              -112.031847265273,
              41.9978359722527
            ],
            [
              -112.0270155256,
              41.997848322871
            ],
            [
              -112.022181972229,
              41.9978606661434
            ],
            [
              -112.021806939971,
              41.9978600426042
            ],
            [
              -112.017348727879,
              41.9978698316341
            ],
            [
              -112.016596855054,
              41.9978687474505
            ],
            [
              -112.015776520723,
              41.9978675437665
            ],
            [
              -112.012539981484,
              41.9979011828229
            ],
            [
              -112.011414735589,
              41.9979051590506
            ],
            [
              -112.007701551159,
              41.997949346166
            ],
            [
              -112.006600450183,
              41.9979531528204
            ],
            [
              -112.002887258566,
              41.9979973639361
            ],
            [
              -112.001786154895,
              41.9980011251908
            ],
            [
              -111.998072837514,
              41.9980453616418
            ],
            [
              -111.996971732944,
              41.9980491662876
            ],
            [
              -111.996508820298,
              41.9980498539144
            ],
            [
              -111.993250651424,
              41.9980837672575
            ],
            [
              -111.992149668127,
              41.9980876152949
            ],
            [
              -111.988427884125,
              41.9981317929372
            ],
            [
              -111.987335230007,
              41.998135612265
            ],
            [
              -111.98360523181,
              41.9981799747986
            ],
            [
              -111.982521026347,
              41.9981836766263
            ],
            [
              -111.978782694479,
              41.9982283135086
            ],
            [
              -111.977706939468,
              41.9982319872945
            ],
            [
              -111.977125341407,
              41.9982330667987
            ],
            [
              -111.97395067543,
              41.9982650914135
            ],
            [
              -111.972883370871,
              41.9982687384934
            ],
            [
              -111.96912263502,
              41.9983098283782
            ],
            [
              -111.968065101436,
              41.9983129881104
            ],
            [
              -111.964294101434,
              41.9983543670355
            ],
            [
              -111.963246951477,
              41.9983575748324
            ],
            [
              -111.959465925379,
              41.9983991486663
            ],
            [
              -111.958428914706,
              41.9984022282826
            ],
            [
              -111.95780360642,
              41.9984033051136
            ],
            [
              -111.954628396064,
              41.9984325477753
            ],
            [
              -111.953601767221,
              41.9984355873343
            ],
            [
              -111.949808096436,
              41.9984476768068
            ],
            [
              -111.94935084677,
              41.9984478570574
            ],
            [
              -111.944991551767,
              41.9984638339302
            ],
            [
              -111.944522952785,
              41.9984639981584
            ],
            [
              -111.940175002606,
              41.9984798788937
            ],
            [
              -111.939695054309,
              41.9984801158897
            ],
            [
              -111.938429087325,
              41.9984814664329
            ],
            [
              -111.935350627322,
              41.998489390109
            ],
            [
              -111.934859087165,
              41.9984896117503
            ],
            [
              -111.930307202347,
              41.9985057888909
            ],
            [
              -111.930026716875,
              41.9985058102539
            ],
            [
              -111.925264879606,
              41.9985234874738
            ],
            [
              -111.925196056079,
              41.9985235021609
            ],
            [
              -111.920365640523,
              41.9985417094452
            ],
            [
              -111.920223527045,
              41.9985417681934
            ],
            [
              -111.91553448206,
              41.9985589086581
            ],
            [
              -111.915524943749,
              41.9985588946387
            ],
            [
              -111.915515404539,
              41.9985588806192
            ],
            [
              -111.915180949182,
              41.998559025487
            ],
            [
              -111.910697978622,
              41.9985740556847
            ],
            [
              -111.910374390185,
              41.9985741905385
            ],
            [
              -111.905861234435,
              41.9985894510522
            ],
            [
              -111.905568071937,
              41.9985895124708
            ],
            [
              -111.901024730996,
              41.99860500063
            ],
            [
              -111.900761873164,
              41.9986049919513
            ],
            [
              -111.896188347033,
              41.9986207064208
            ],
            [
              -111.896134738272,
              41.9986207645014
            ],
            [
              -111.895954589227,
              41.9986207297865
            ],
            [
              -111.891314483561,
              41.9986244302534
            ],
            [
              -111.891080968299,
              41.9986245317275
            ],
            [
              -111.886440740462,
              41.998628216172
            ],
            [
              -111.886207223404,
              41.9986282181748
            ],
            [
              -111.881567116839,
              41.998631974719
            ],
            [
              -111.881333598883,
              41.9986319660403
            ],
            [
              -111.876693370147,
              41.9986357065622
            ],
            [
              -111.876634809872,
              41.9986357038918
            ],
            [
              -111.876459731817,
              41.9986356898724
            ],
            [
              -111.871820920623,
              41.9986372413577
            ],
            [
              -111.871645723091,
              41.9986373107873
            ],
            [
              -111.866948230349,
              41.9986389303671
            ],
            [
              -111.86683147182,
              41.9986389116745
            ],
            [
              -111.862075418804,
              41.9986405940079
            ],
            [
              -111.86201685763,
              41.9986405833265
            ],
            [
              -111.857202123964,
              41.998642324408
            ],
            [
              -111.856966312609,
              41.9986423738098
            ],
            [
              -111.852342228396,
              41.9986439286329
            ],
            [
              -111.852337519427,
              41.9986438738904
            ],
            [
              -111.852332810458,
              41.9986439086052
            ],
            [
              -111.847481006016,
              41.9986456069607
            ],
            [
              -111.847462651638,
              41.998645562232
            ],
            [
              -111.842619902213,
              41.9986472592523
            ],
            [
              -111.842606137328,
              41.9986472699337
            ],
            [
              -111.842592493715,
              41.9986472799476
            ],
            [
              -111.837759040057,
              41.9986489729623
            ],
            [
              -111.837722333996,
              41.9986489709595
            ],
            [
              -111.837251111934,
              41.998651958436
            ],
            [
              -111.832885208025,
              41.9986747133222
            ],
            [
              -111.832800212128,
              41.9986752400525
            ],
            [
              -111.828008222009,
              41.9986996385419
            ],
            [
              -111.827923226111,
              41.998700161934
            ],
            [
              -111.8231312315,
              41.9987245370481
            ],
            [
              -111.823046235603,
              41.9987251465594
            ],
            [
              -111.818254238297,
              41.9987495884231
            ],
            [
              -111.818169241501,
              41.9987501044713
            ],
            [
              -111.817091208363,
              41.9987568825271
            ],
            [
              -111.813373298794,
              41.998777973071
            ],
            [
              -111.813297356119,
              41.9987784216923
            ],
            [
              -111.808483517175,
              41.9988045919284
            ],
            [
              -111.808416750789,
              41.9988049717876
            ],
            [
              -111.803593971812,
              41.9988311800654
            ],
            [
              -111.803536140969,
              41.9988315846254
            ],
            [
              -111.798703938664,
              41.9988577434905
            ],
            [
              -111.798655404486,
              41.9988580812912
            ],
            [
              -111.79692153202,
              41.9988685103866
            ],
            [
              -111.793788084341,
              41.9988860786886
            ],
            [
              -111.793756572339,
              41.9988862969905
            ],
            [
              -111.788911424413,
              41.9989110518919
            ],
            [
              -111.788799745857,
              41.9989118196201
            ],
            [
              -111.784035367254,
              41.9989362640825
            ],
            [
              -111.78384364162,
              41.9989375732255
            ],
            [
              -111.779160032341,
              41.9989617145925
            ],
            [
              -111.778888017083,
              41.9989634703522
            ],
            [
              -111.777105719135,
              41.9989738393472
            ],
            [
              -111.774294860966,
              41.9989892312801
            ],
            [
              -111.773938572057,
              41.9989914536838
            ],
            [
              -111.769421914673,
              41.9990131710157
            ],
            [
              -111.768981110465,
              41.9990159448467
            ],
            [
              -111.764549449877,
              41.9990374411986
            ],
            [
              -111.764024372916,
              41.9990407571103
            ],
            [
              -111.759677709124,
              41.9990619497011
            ],
            [
              -111.759067874318,
              41.9990657142309
            ],
            [
              -111.757489971844,
              41.9990746966289
            ],
            [
              -111.754813111773,
              41.9990885470769
            ],
            [
              -111.754189874103,
              41.9990923730231
            ],
            [
              -111.749941095236,
              41.9991109332986
            ],
            [
              -111.749304698146,
              41.9991149087831
            ],
            [
              -111.745069196379,
              41.999133381598
            ],
            [
              -111.744419396425,
              41.999137417164
            ],
            [
              -111.740197415201,
              41.9991558933103
            ],
            [
              -111.739534092008,
              41.9991599882901
            ],
            [
              -111.737911391449,
              41.9991692604076
            ],
            [
              -111.735404420765,
              41.9991840875147
            ],
            [
              -111.734820899411,
              41.999187374045
            ],
            [
              -111.73478673109,
              41.9991875930135
            ],
            [
              -111.730614430295,
              41.9992114325364
            ],
            [
              -111.730107695135,
              41.9992141162347
            ],
            [
              -111.730039357596,
              41.9992144607093
            ],
            [
              -111.725823448983,
              41.9992369630467
            ],
            [
              -111.725394468401,
              41.9992392241617
            ],
            [
              -111.725291962542,
              41.9992397815963
            ],
            [
              -111.721032462282,
              41.9992624728516
            ],
            [
              -111.720544563895,
              41.9992652666994
            ],
            [
              -111.716504215733,
              41.9992882149661
            ],
            [
              -111.715828449976,
              41.9992921610658
            ],
            [
              -111.715705539784,
              41.9992928373302
            ],
            [
              -111.715689723146,
              41.9992929361329
            ],
            [
              -111.710975764286,
              41.9993185367069
            ],
            [
              -111.710849471936,
              41.9993192289931
            ],
            [
              -111.710834742261,
              41.9993193197848
            ],
            [
              -111.706123073206,
              41.9993449777606
            ],
            [
              -111.705993521769,
              41.9993456847333
            ],
            [
              -111.705979879054,
              41.9993457681815
            ],
            [
              -111.701270377634,
              41.9993713033109
            ],
            [
              -111.701137565313,
              41.9993720249703
            ],
            [
              -111.701125008662,
              41.9993721017425
            ],
            [
              -111.696417472755,
              41.9994011183154
            ],
            [
              -111.696284300209,
              41.9994019260928
            ],
            [
              -111.696270052929,
              41.9994020128788
            ],
            [
              -111.692993365285,
              41.9994219309307
            ],
            [
              -111.691564642436,
              41.9994158665935
            ],
            [
              -111.691430126011,
              41.9994153258501
            ],
            [
              -111.69141515379,
              41.9994153258501
            ],
            [
              -111.686711681862,
              41.9993963651126
            ],
            [
              -111.686576803415,
              41.9993958210311
            ],
            [
              -111.686560260939,
              41.9993957395858
            ],
            [
              -111.681858843458,
              41.9993767481335
            ],
            [
              -111.681723482616,
              41.9993762013815
            ],
            [
              -111.681705371682,
              41.9993763088627
            ],
            [
              -111.67700612453,
              41.9993567452843
            ],
            [
              -111.676867743552,
              41.9993561204246
            ],
            [
              -111.672377276551,
              41.9993374774401
            ],
            [
              -111.67233054619,
              41.9993373005299
            ],
            [
              -111.67215328433,
              41.9993365374799
            ],
            [
              -111.672012247932,
              41.9993359219663
            ],
            [
              -111.667643137936,
              41.9993178250608
            ],
            [
              -111.667300568995,
              41.999316394425
            ],
            [
              -111.66715651336,
              41.9993157909277
            ],
            [
              -111.66295573058,
              41.9992983375692
            ],
            [
              -111.662526464333,
              41.9992965831539
            ],
            [
              -111.662447739575,
              41.9992966772835
            ],
            [
              -111.662300673685,
              41.9992968949164
            ],
            [
              -111.657448370677,
              41.9993046135422
            ],
            [
              -111.652596307519,
              41.9993123061312
            ],
            [
              -111.647743879646,
              41.9993199753537
            ],
            [
              -111.643620136385,
              41.999326508345
            ],
            [
              -111.643152738451,
              41.9993272366807
            ],
            [
              -111.642891812895,
              41.9993277073284
            ],
            [
              -111.638419235843,
              41.9993342957284
            ],
            [
              -111.638019344506,
              41.999335978711
            ],
            [
              -111.633148448168,
              41.9993569135157
            ],
            [
              -111.628277306591,
              41.9993777334889
            ],
            [
              -111.624116838404,
              41.9993955653462
            ],
            [
              -111.623699680549,
              41.9993973825117
            ],
            [
              -111.623406402168,
              41.9993986155406
            ],
            [
              -111.618953741664,
              41.999417936773
            ],
            [
              -111.618568700377,
              41.9994195616735
            ],
            [
              -111.613731477388,
              41.9994404824314
            ],
            [
              -111.608894130431,
              41.999461379817
            ],
            [
              -111.604595041417,
              41.9994799600123
            ],
            [
              -111.604244892492,
              41.9994814433835
            ],
            [
              -111.604056778983,
              41.9994822531627
            ],
            [
              -111.599425757081,
              41.9995008547146
            ],
            [
              -111.597872462157,
              41.999498327243
            ],
            [
              -111.593020698138,
              41.9994892694679
            ],
            [
              -111.585049150715,
              41.9994714509885
            ],
            [
              -111.584788818047,
              41.9994708862125
            ],
            [
              -111.583323176237,
              41.9994674448174
            ],
            [
              -111.580426447212,
              41.9994627643862
            ],
            [
              -111.578474353303,
              41.9994761307515
            ],
            [
              -111.573627556069,
              41.9995089191238
            ],
            [
              -111.565464414166,
              41.9995624799937
            ],
            [
              -111.5653226672,
              41.9995634486565
            ],
            [
              -111.563942259341,
              41.9995724002755
            ],
            [
              -111.56093598975,
              41.9995930739775
            ],
            [
              -111.559089287987,
              41.999591364966
            ],
            [
              -111.558414554393,
              41.9995907768256
            ],
            [
              -111.554236953538,
              41.9995867946951
            ],
            [
              -111.545847811678,
              41.9995774558801
            ],
            [
              -111.544540724312,
              41.9995759184369
            ],
            [
              -111.534861054631,
              41.9995668473211
            ],
            [
              -111.526652563975,
              41.9995591360706
            ],
            [
              -111.526613201596,
              41.9995591367382
            ],
            [
              -111.525181384051,
              41.9995576807397
            ],
            [
              -111.521550284078,
              41.9995539703133
            ],
            [
              -111.520335707016,
              41.9995547086601
            ],
            [
              -111.515491640662,
              41.9995568395851
            ],
            [
              -111.510647693783,
              41.9995590352656
            ],
            [
              -111.507797616965,
              41.9995602395852
            ],
            [
              -111.50713351673,
              41.999560563363
            ],
            [
              -111.50706686533,
              41.9995605880636
            ],
            [
              -111.505871485266,
              41.9995611782069
            ],
            [
              -111.505803505257,
              41.9995611174569
            ],
            [
              -111.49610019012,
              41.9995546465749
            ],
            [
              -111.487578743487,
              41.9995490061656
            ],
            [
              -111.487510642206,
              41.9995489347343
            ],
            [
              -111.486396875882,
              41.9995481656785
            ],
            [
              -111.483527823053,
              41.999547136933
            ],
            [
              -111.482871865148,
              41.9995543107806
            ],
            [
              -111.478027559841,
              41.9996058388236
            ],
            [
              -111.473183246449,
              41.9996572526683
            ],
            [
              -111.468338924973,
              41.999708732562
            ],
            [
              -111.467995428073,
              41.9997123848998
            ],
            [
              -111.46794894385,
              41.9997128448634
            ],
            [
              -111.464286148619,
              41.9997520352155
            ],
            [
              -111.463495076908,
              41.9997767577362
            ],
            [
              -111.458656293546,
              41.9999293110915
            ],
            [
              -111.453817607201,
              42.0000818407159
            ],
            [
              -111.448978777126,
              42.0002343466095
            ],
            [
              -111.448378433021,
              42.00025326504
            ],
            [
              -111.445526644914,
              42.0003429964966
            ],
            [
              -111.444138072267,
              42.0003638688855
            ],
            [
              -111.439617341922,
              42.0004074795124
            ],
            [
              -111.439564822817,
              42.0004083113097
            ],
            [
              -111.43469388875,
              42.0004831509921
            ],
            [
              -111.433987344016,
              42.0004937500523
            ],
            [
              -111.429826561419,
              42.0005575005883
            ],
            [
              -111.429121223123,
              42.0005680655899
            ],
            [
              -111.426928299869,
              42.000601370768
            ],
            [
              -111.424964088584,
              42.0006009128136
            ],
            [
              -111.424259916301,
              42.0006054990334
            ],
            [
              -111.420097074765,
              42.0006342286556
            ],
            [
              -111.419392901584,
              42.0006388749545
            ],
            [
              -111.415233698225,
              42.0006707474875
            ],
            [
              -111.414360606736,
              42.0006766942125
            ],
            [
              -111.411512894285,
              42.0006974757023
            ],
            [
              -111.408323358495,
              42.0007210242663
            ],
            [
              -111.26166091256,
              42.0013136548057
            ],
            [
              -111.261597760097,
              42.0013136187573
            ],
            [
              -111.259752465095,
              42.001313755608
            ],
            [
              -111.258069612445,
              42.0013222350126
            ],
            [
              -111.257634922171,
              42.0013243818999
            ],
            [
              -111.253231271054,
              42.0013466999111
            ],
            [
              -111.252777140338,
              42.0013489616187
            ],
            [
              -111.248392926967,
              42.0013711414354
            ],
            [
              -111.247919354912,
              42.0013735159604
            ],
            [
              -111.247501810782,
              42.0013755880789
            ],
            [
              -111.243481075538,
              42.0013730179578
            ],
            [
              -111.242645008113,
              42.0013738877936
            ],
            [
              -111.238995582508,
              42.0013722669483
            ],
            [
              -111.237728317459,
              42.0013733670937
            ],
            [
              -111.234519753554,
              42.0013727609456
            ],
            [
              -111.23280969902,
              42.001373720235
            ],
            [
              -111.230049842702,
              42.0013738797828
            ],
            [
              -111.227895308053,
              42.001374664838
            ],
            [
              -111.227824910677,
              42.0013747149053
            ],
            [
              -111.225582116552,
              42.0013781528594
            ],
            [
              -111.222978281429,
              42.0013817990933
            ],
            [
              -111.220605680745,
              42.0013852123472
            ],
            [
              -111.218059683652,
              42.0013888158567
            ],
            [
              -111.215629122767,
              42.0013923265745
            ],
            [
              -111.213141206248,
              42.0013958920324
            ],
            [
              -111.210652563891,
              42.0013994948736
            ],
            [
              -111.208222727049,
              42.0014030269529
            ],
            [
              -111.208137719473,
              42.0014031811601
            ],
            [
              -111.205682148593,
              42.0014023834216
            ],
            [
              -111.20331339719,
              42.0014016497691
            ],
            [
              -111.201989133137,
              42.0014014655216
            ],
            [
              -111.198390903419,
              42.0013997245155
            ],
            [
              -111.19706977808,
              42.0013994781845
            ],
            [
              -111.193468288376,
              42.001397768554
            ],
            [
              -111.192150665568,
              42.001397549593
            ],
            [
              -111.188545674231,
              42.0013957812168
            ],
            [
              -111.188472741809,
              42.0013958112572
            ],
            [
              -111.187233131396,
              42.0013983800423
            ],
            [
              -111.183632998148,
              42.0014064468813
            ],
            [
              -111.182235084818,
              42.0014093053886
            ],
            [
              -111.178721165583,
              42.0014172614108
            ],
            [
              -111.177238486325,
              42.0014203709214
            ],
            [
              -111.173810538557,
              42.0014279537742
            ],
            [
              -111.172243213744,
              42.0014313069449
            ],
            [
              -111.168901237444,
              42.0014387048815
            ],
            [
              -111.16883808588,
              42.0014387976727
            ],
            [
              -111.167249748575,
              42.0014415727332
            ],
            [
              -111.163993985389,
              42.001448341824
            ],
            [
              -111.162246983147,
              42.0014513645499
            ],
            [
              -111.159086973184,
              42.0014579487246
            ],
            [
              -111.157245181611,
              42.0014611169789
            ],
            [
              -111.154180924871,
              42.001467434795
            ],
            [
              -111.152244343968,
              42.0014708300202
            ],
            [
              -111.149275720076,
              42.0014768901561
            ],
            [
              -111.149202786756,
              42.00147698495
            ],
            [
              -111.147243629393,
              42.0014817667026
            ],
            [
              -111.144367260685,
              42.0014897427425
            ],
            [
              -111.142361130416,
              42.0014946800363
            ],
            [
              -111.139457471787,
              42.0015028376516
            ],
            [
              -111.137478509267,
              42.0015076567858
            ],
            [
              -111.134547439446,
              42.0015158130643
            ],
            [
              -111.132595644675,
              42.001520605495
            ],
            [
              -111.129639014191,
              42.0015486611339
            ],
            [
              -111.129551591045,
              42.0015486698122
            ],
            [
              -111.127716313157,
              42.0015505456617
            ],
            [
              -111.125914966434,
              42.0015523554225
            ],
            [
              -111.122865672033,
              42.0015575510579
            ],
            [
              -111.121059494169,
              42.0015593801778
            ],
            [
              -111.11801503001,
              42.0015646218744
            ],
            [
              -111.116204021905,
              42.0015664690182
            ],
            [
              -111.11316438619,
              42.0015715772018
            ],
            [
              -111.111348426572,
              42.0015734430372
            ],
            [
              -111.1100137753,
              42.0015738295555
            ],
            [
              -111.108315301846,
              42.0015733729432
            ],
            [
              -111.106502116226,
              42.0015729076526
            ],
            [
              -111.103423951768,
              42.0015730204705
            ],
            [
              -111.101656288274,
              42.0015725278099
            ],
            [
              -111.098532843337,
              42.0015726392927
            ],
            [
              -111.096810702868,
              42.0015722133883
            ],
            [
              -111.093641613633,
              42.0015723201982
            ],
            [
              -111.091964874917,
              42.0015718742668
            ],
            [
              -111.090326898506,
              42.0015717334113
            ],
            [
              -111.088749544004,
              42.0015760265015
            ],
            [
              -111.087113988552,
              42.0015805211951
            ],
            [
              -111.083889608909,
              42.0015911187374
            ],
            [
              -111.082263833417,
              42.0015956281162
            ],
            [
              -111.079029791494,
              42.0016062763907
            ],
            [
              -111.077413554313,
              42.0016106195457
            ],
            [
              -111.074169851908,
              42.0016214080055
            ],
            [
              -111.072563394686,
              42.0016257671809
            ],
            [
              -111.070988332684,
              42.0016305342359
            ],
            [
              -111.069309063414,
              42.0016361537663
            ],
            [
              -111.067707316059,
              42.00164143284
            ],
            [
              -111.063869645791,
              42.0016587633922
            ],
            [
              -111.062851964169,
              42.0016617567354
            ],
            [
              -111.058430345848,
              42.0016830966519
            ],
            [
              -111.057997093776,
              42.0016842168187
            ],
            [
              -111.053142584506,
              42.0017088137549
            ],
            [
              -111.052991525604,
              42.0017092436639
            ],
            [
              -111.051977707636,
              42.0017125894766
            ],
            [
              -111.051926026659,
              42.001712792415
            ],
            [
              -111.048297954907,
              42.0017097830527
            ],
            [
              -111.047549059998,
              42.0017091048113
            ],
            [
              -111.046726023534,
              42.0017083618165
            ],
            [
              -111.046720962426,
              42.0010614150318
            ],
            [
              -111.046715780045,
              42.0004143782225
            ],
            [
              -111.046702610743,
              41.9987530138348
            ],
            [
              -111.046687323214,
              41.9968345087111
            ],
            [
              -111.046673762246,
              41.9951301810549
            ],
            [
              -111.046658869975,
              41.9932546367749
            ],
            [
              -111.046651428331,
              41.992322538372
            ],
            [
              -111.046645042208,
              41.9915139208675
            ],
            [
              -111.046629221079,
              41.9895211990055
            ],
            [
              -111.046616205389,
              41.9878975687289
            ],
            [
              -111.04660024592,
              41.9858786355741
            ],
            [
              -111.046587492538,
              41.9842813042842
            ],
            [
              -111.046571153979,
              41.9822360707302
            ],
            [
              -111.046558662007,
              41.9806652177366
            ],
            [
              -111.046542306381,
              41.9785935025087
            ],
            [
              -111.046538454405,
              41.9781104748439
            ],
            [
              -111.046532728543,
              41.9770435432038
            ],
            [
              -111.046520598592,
              41.974971014929
            ],
            [
              -111.046511986443,
              41.9734196130454
            ],
            [
              -111.046499737914,
              41.9713481643483
            ],
            [
              -111.046491125766,
              41.9697956803925
            ],
            [
              -111.046479000306,
              41.9677252205809
            ],
            [
              -111.046470268681,
              41.9661718354536
            ],
            [
              -111.046458145018,
              41.9641023653324
            ],
            [
              -111.046457149685,
              41.963895931555
            ],
            [
              -111.046466669132,
              41.9625468104725
            ],
            [
              -111.046481556911,
              41.960449496889
            ],
            [
              -111.046492274711,
              41.9589246534209
            ],
            [
              -111.046507257711,
              41.9567956354312
            ],
            [
              -111.046517876696,
              41.9553024040413
            ],
            [
              -111.046533077089,
              41.953141680717
            ],
            [
              -111.046543356511,
              41.9516802420708
            ],
            [
              -111.04655761008,
              41.9497137034199
            ],
            [
              -111.046557688233,
              41.949489165409
            ],
            [
              -111.046559905275,
              41.9480586225539
            ],
            [
              -111.046564337563,
              41.9458602528694
            ],
            [
              -111.046566438722,
              41.9444370044105
            ],
            [
              -111.046570985994,
              41.9422304368439
            ],
            [
              -111.046572972169,
              41.9408152941308
            ],
            [
              -111.046577513153,
              41.9386006193162
            ],
            [
              -111.046579625991,
              41.9371936714928
            ],
            [
              -111.046584202907,
              41.9353613323626
            ],
            [
              -111.046584522707,
              41.934972059326
            ],
            [
              -111.046588084527,
              41.9335669119765
            ],
            [
              -111.04659624123,
              41.9313496203315
            ],
            [
              -111.046599798559,
              41.9299399682787
            ],
            [
              -111.046607957957,
              41.9277272690078
            ],
            [
              -111.046611511692,
              41.926313113093
            ],
            [
              -111.046619673784,
              41.924104825615
            ],
            [
              -111.046623223926,
              41.9226861646708
            ],
            [
              -111.046628576987,
              41.9209279469277
            ],
            [
              -111.046628975839,
              41.9204824706465
            ],
            [
              -111.046633989337,
              41.9190860552827
            ],
            [
              -111.046646106712,
              41.9168477709864
            ],
            [
              -111.04665100792,
              41.9154630637906
            ],
            [
              -111.04666335706,
              41.9132130688652
            ],
            [
              -111.046668145081,
              41.9118401594258
            ],
            [
              -111.046680484339,
              41.9095782747383
            ],
            [
              -111.04668516007,
              41.9082171630722
            ],
            [
              -111.046691806705,
              41.9065833243793
            ],
            [
              -111.046691341378,
              41.9059440210899
            ],
            [
              -111.046675045939,
              41.9045950762822
            ],
            [
              -111.046615190293,
              41.9018685563374
            ],
            [
              -111.04660730578,
              41.9009736411625
            ],
            [
              -111.046546843771,
              41.8982327986613
            ],
            [
              -111.046539212583,
              41.8973522935179
            ],
            [
              -111.046478143313,
              41.8945971288709
            ],
            [
              -111.046470644177,
              41.8937309444647
            ],
            [
              -111.046461916146,
              41.8921655592621
            ],
            [
              -111.046456101351,
              41.8909614373491
            ],
            [
              -111.046456568475,
              41.8901092101896
            ],
            [
              -111.046478130737,
              41.8872626788385
            ],
            [
              -111.046478410113,
              41.8864837662194
            ],
            [
              -111.046501243491,
              41.8835637362666
            ],
            [
              -111.046501334221,
              41.8828582295316
            ],
            [
              -111.046525437816,
              41.8798646116478
            ],
            [
              -111.046525461172,
              41.879232510523
            ],
            [
              -111.046530019224,
              41.8777068360949
            ],
            [
              -111.046549027576,
              41.8761666554516
            ],
            [
              -111.046553443694,
              41.8756089482803
            ],
            [
              -111.04659548934,
              41.8724384242435
            ],
            [
              -111.046599137399,
              41.871985827429
            ],
            [
              -111.04636492235,
              41.8702180536162
            ],
            [
              -111.046643151254,
              41.8687101902989
            ],
            [
              -111.046645790505,
              41.8683625239445
            ],
            [
              -111.046367965842,
              41.8665921546499
            ],
            [
              -111.046692012419,
              41.8649816833852
            ],
            [
              -111.046693884508,
              41.8647391274791
            ],
            [
              -111.046708249468,
              41.8632856807372
            ],
            [
              -111.046730507924,
              41.8612551594717
            ],
            [
              -111.046731370307,
              41.8611166329074
            ],
            [
              -111.046730543857,
              41.8593184083702
            ],
            [
              -111.046684410875,
              41.8575122750258
            ],
            [
              -111.046684516877,
              41.8574932707266
            ],
            [
              -111.046636839691,
              41.8555477108448
            ],
            [
              -111.046636826216,
              41.8538699059855
            ],
            [
              -111.046637475698,
              41.8537693883027
            ],
            [
              -111.046634772668,
              41.8522036303289
            ],
            [
              -111.04662708758,
              41.8502475143377
            ],
            [
              -111.04662837307,
              41.8500274749638
            ],
            [
              -111.046628834804,
              41.8488385633746
            ],
            [
              -111.046622048032,
              41.8466251183071
            ],
            [
              -111.046621801893,
              41.846286548605
            ],
            [
              -111.046616932126,
              41.8448874172888
            ],
            [
              -111.046608218468,
              41.8430054256065
            ],
            [
              -111.046607633665,
              41.8425320229531
            ],
            [
              -111.046582948859,
              41.8393869068023
            ],
            [
              -111.046582026289,
              41.8387786697283
            ],
            [
              -111.046578504893,
              41.8375768776278
            ],
            [
              -111.046570328428,
              41.8357671191915
            ],
            [
              -111.046568946819,
              41.8350240482186
            ],
            [
              -111.046567425073,
              41.8342546766159
            ],
            [
              -111.046555865552,
              41.8320968007538
            ],
            [
              -111.04655418121,
              41.8312686140672
            ],
            [
              -111.046534219746,
              41.8284825067147
            ],
            [
              -111.046532273097,
              41.8276238758893
            ],
            [
              -111.046512697909,
              41.8248685702466
            ],
            [
              -111.046510728802,
              41.8239789549678
            ],
            [
              -111.046508775864,
              41.8231099658871
            ],
            [
              -111.046499844814,
              41.8212517459521
            ],
            [
              -111.046497734671,
              41.8203310563144
            ],
            [
              -111.046496666574,
              41.8196866991833
            ],
            [
              -111.046493856644,
              41.817633475457
            ],
            [
              -111.046495216693,
              41.8166836909763
            ],
            [
              -111.046495541884,
              41.8156353715488
            ],
            [
              -111.046495867074,
              41.8145869613148
            ],
            [
              -111.046497498414,
              41.8140127669857
            ],
            [
              -111.046493094873,
              41.8109188767684
            ],
            [
              -111.046494639975,
              41.810392868886
            ],
            [
              -111.046489960651,
              41.8072508794669
            ],
            [
              -111.046491421311,
              41.8067728793796
            ],
            [
              -111.046493938391,
              41.8052596165705
            ],
            [
              -111.046499775643,
              41.8035088381441
            ],
            [
              -111.046501685462,
              41.8031534219229
            ],
            [
              -111.046504895142,
              41.7997676062171
            ],
            [
              -111.04650617075,
              41.7995349553726
            ],
            [
              -111.046508931273,
              41.7960266427403
            ],
            [
              -111.046509573568,
              41.7959165771581
            ],
            [
              -111.046511772644,
              41.7922983777486
            ],
            [
              -111.046511883137,
              41.7922856772219
            ],
            [
              -111.046517891968,
              41.7907742108485
            ],
            [
              -111.046521430432,
              41.7886772902397
            ],
            [
              -111.046522049371,
              41.7885346186131
            ],
            [
              -111.046521822097,
              41.7850571047399
            ],
            [
              -111.046522949483,
              41.7847846426624
            ],
            [
              -111.046523297131,
              41.7814368266878
            ],
            [
              -111.046524931166,
              41.7810343931135
            ],
            [
              -111.04652573426,
              41.7778163656684
            ],
            [
              -111.046527876742,
              41.7772841406037
            ],
            [
              -111.046531815855,
              41.7762414858263
            ],
            [
              -111.046522036795,
              41.7741984269141
            ],
            [
              -111.046519285255,
              41.7735543360338
            ],
            [
              -111.04650378213,
              41.7705814826652
            ],
            [
              -111.046500589517,
              41.7698256143403
            ],
            [
              -111.046485891282,
              41.7669643559067
            ],
            [
              -111.046482137223,
              41.7660967100729
            ],
            [
              -111.046468122606,
              41.7633471371025
            ],
            [
              -111.046463807099,
              41.7623678028181
            ],
            [
              -111.046461593651,
              41.7618013509764
            ],
            [
              -111.04645300396,
              41.7597325260797
            ],
            [
              -111.046448892371,
              41.7587014910721
            ],
            [
              -111.046437888907,
              41.7561195348733
            ],
            [
              -111.046433499738,
              41.7550366184075
            ],
            [
              -111.046422896025,
              41.7525065406459
            ],
            [
              -111.046418229277,
              41.7513715632729
            ],
            [
              -111.046407783667,
              41.7488933644893
            ],
            [
              -111.046403802333,
              41.7477062345265
            ],
            [
              -111.046402746813,
              41.7472428215349
            ],
            [
              -111.046408583167,
              41.746162151397
            ],
            [
              -111.046427654401,
              41.7440863745
            ],
            [
              -111.046438689306,
              41.7425424677299
            ],
            [
              -111.046457757844,
              41.7404666891006
            ],
            [
              -111.046468790953,
              41.7389227817679
            ],
            [
              -111.046491465329,
              41.7368463699748
            ],
            [
              -111.046504541206,
              41.7353016502886
            ],
            [
              -111.046536890438,
              41.7328056830457
            ],
            [
              -111.046537744736,
              41.732490614433
            ],
            [
              -111.046536199633,
              41.7316816882605
            ],
            [
              -111.046532927071,
              41.7303125216443
            ],
            [
              -111.0465256597,
              41.728073811757
            ],
            [
              -111.046522378154,
              41.7266911333375
            ],
            [
              -111.046515122462,
              41.7244661121084
            ],
            [
              -111.04651171066,
              41.723069742707
            ],
            [
              -111.046504708293,
              41.7208607524111
            ],
            [
              -111.046501165337,
              41.7194481687514
            ],
            [
              -111.046499104602,
              41.7184240616859
            ],
            [
              -111.046504750514,
              41.717250972747
            ],
            [
              -111.046511534591,
              41.7158219912023
            ],
            [
              -111.046454308314,
              41.7136456246581
            ],
            [
              -111.046432105553,
              41.7121926048142
            ],
            [
              -111.046376345327,
              41.7100399254538
            ],
            [
              -111.046386101031,
              41.7085621222275
            ],
            [
              -111.046400915148,
              41.7064293180493
            ],
            [
              -111.046410774158,
              41.7049294467569
            ],
            [
              -111.046416487444,
              41.7040163009345
            ],
            [
              -111.046406249344,
              41.7028153838055
            ],
            [
              -111.04639325701,
              41.7012934532995
            ],
            [
              -111.046304622936,
              41.6992048234104
            ],
            [
              -111.046254137617,
              41.6976838075252
            ],
            [
              -111.046165272676,
              41.695594095173
            ],
            [
              -111.046132459015,
              41.6940731609163
            ],
            [
              -111.046076887435,
              41.6919793809079
            ],
            [
              -111.046044200437,
              41.6904611484175
            ],
            [
              -111.046031982451,
              41.689673657301
            ],
            [
              -111.046020473235,
              41.6883619498762
            ],
            [
              -111.046004493105,
              41.6868462308975
            ],
            [
              -111.04600888407,
              41.6847453083238
            ],
            [
              -111.046012002122,
              41.6832184122922
            ],
            [
              -111.046016400274,
              41.6811277569977
            ],
            [
              -111.046014103282,
              41.6795901435771
            ],
            [
              -111.046008418743,
              41.6775121010277
            ],
            [
              -111.046005992393,
              41.6759614260558
            ],
            [
              -111.046006253803,
              41.6753161516995
            ],
            [
              -111.046021219735,
              41.6738951730332
            ],
            [
              -111.046037164832,
              41.6723315195712
            ],
            [
              -111.046036665368,
              41.6702810338885
            ],
            [
              -111.046041563882,
              41.6687253102499
            ],
            [
              -111.046040938654,
              41.6666674373784
            ],
            [
              -111.046056532509,
              41.665119455237
            ],
            [
              -111.046075000075,
              41.6630549983604
            ],
            [
              -111.046090598421,
              41.6615147606413
            ],
            [
              -111.046097069885,
              41.6609894578697
            ],
            [
              -111.0460748267,
              41.6594411284822
            ],
            [
              -111.046052596092,
              41.657909101817
            ],
            [
              -111.046026374269,
              41.6558302485828
            ],
            [
              -111.046003291159,
              41.6542780451992
            ],
            [
              -111.045977086404,
              41.6522194568704
            ],
            [
              -111.045960236704,
              41.6506467133955
            ],
            [
              -111.045944853953,
              41.6486037022236
            ],
            [
              -111.045927994372,
              41.6470151950046
            ],
            [
              -111.045918870184,
              41.646510794249
            ],
            [
              -111.045950329185,
              41.6449859482605
            ],
            [
              -111.045984253163,
              41.6433817473203
            ],
            [
              -111.045995447968,
              41.6422389959873
            ],
            [
              -111.046003721452,
              41.6413778113346
            ],
            [
              -111.046031266494,
              41.6385762797179
            ],
            [
              -111.046039327975,
              41.6377558973651
            ],
            [
              -111.046067200902,
              41.6349136513566
            ],
            [
              -111.04607492282,
              41.6341230823716
            ],
            [
              -111.046095177134,
              41.6320500569477
            ],
            [
              -111.046089564461,
              41.6312504858527
            ],
            [
              -111.046084341656,
              41.6304907260019
            ],
            [
              -111.046064505956,
              41.6275867959114
            ],
            [
              -111.046059305609,
              41.6268582012101
            ],
            [
              -111.046039106989,
              41.6239462528544
            ],
            [
              -111.046034036,
              41.6232294571945
            ],
            [
              -111.046013710718,
              41.6203057077178
            ],
            [
              -111.046009025105,
              41.6196244901586
            ],
            [
              -111.04599446072,
              41.6175403936586
            ],
            [
              -111.045987717067,
              41.616664259272
            ],
            [
              -111.045982697281,
              41.616018890431
            ],
            [
              -111.045959446187,
              41.613023620712
            ],
            [
              -111.045954812676,
              41.6124136492672
            ],
            [
              -111.0459316586,
              41.6093822581396
            ],
            [
              -111.045927167922,
              41.6088045332483
            ],
            [
              -111.045903754232,
              41.6057407142027
            ],
            [
              -111.045899392912,
              41.6051756881916
            ],
            [
              -111.045883123523,
              41.6030453802507
            ],
            [
              -111.045875853458,
              41.6020998876919
            ],
            [
              -111.045871502019,
              41.6015475620041
            ],
            [
              -111.045847955378,
              41.5984584285
            ],
            [
              -111.045843733297,
              41.5979187132045
            ],
            [
              -111.045820192945,
              41.5948335409994
            ],
            [
              -111.045815969066,
              41.5942902219915
            ],
            [
              -111.045792312831,
              41.5912085607682
            ],
            [
              -111.045788087156,
              41.5906619084057
            ],
            [
              -111.045771834836,
              41.5885458267338
            ],
            [
              -111.045773675484,
              41.5875841146995
            ],
            [
              -111.045774726513,
              41.5870344874089
            ],
            [
              -111.045780952736,
              41.5839590257073
            ],
            [
              -111.045783201219,
              41.5834061550542
            ],
            [
              -111.045795893516,
              41.5803147455196
            ],
            [
              -111.045796832256,
              41.5797760168346
            ],
            [
              -111.045802797967,
              41.5766740699139
            ],
            [
              -111.045803867861,
              41.5761506527725
            ],
            [
              -111.045807630904,
              41.5741768738886
            ],
            [
              -111.045803584892,
              41.573033393376
            ],
            [
              -111.045801906839,
              41.5725254702862
            ],
            [
              -111.045790818035,
              41.5693928107066
            ],
            [
              -111.045789150762,
              41.5689001098798
            ],
            [
              -111.045778294621,
              41.5657542973046
            ],
            [
              -111.045776634535,
              41.5652715940698
            ],
            [
              -111.04576565263,
              41.562115781311
            ],
            [
              -111.045764128189,
              41.5616548758506
            ],
            [
              -111.04575722284,
              41.5596860496264
            ],
            [
              -111.045753013334,
              41.5584786145381
            ],
            [
              -111.045751505063,
              41.5580394158786
            ],
            [
              -111.045740494413,
              41.5548400041428
            ],
            [
              -111.045739002311,
              41.5544239539654
            ],
            [
              -111.045726645086,
              41.5508418172654
            ],
            [
              -111.045726622628,
              41.5508104713285
            ],
            [
              -111.045714118079,
              41.5471868983936
            ],
            [
              -111.045713064355,
              41.5468829896233
            ],
            [
              -111.045707200153,
              41.5451949188378
            ],
            [
              -111.045706170684,
              41.5435638619413
            ],
            [
              -111.045704762125,
              41.5429249684346
            ],
            [
              -111.045709136921,
              41.5399436105485
            ],
            [
              -111.04570761248,
              41.5389697320772
            ],
            [
              -111.045708145181,
              41.5363211970475
            ],
            [
              -111.045706282973,
              41.5355490837983
            ],
            [
              -111.045705711645,
              41.5326942782663
            ],
            [
              -111.045704235713,
              41.5321292438023
            ],
            [
              -111.045701830923,
              41.5307566068534
            ],
            [
              -111.045702566643,
              41.5290774453087
            ],
            [
              -111.045702558558,
              41.5290656456893
            ],
            [
              -111.045702666356,
              41.5287076910459
            ],
            [
              -111.04570528764,
              41.5254488983751
            ],
            [
              -111.04570529303,
              41.5252863144413
            ],
            [
              -111.045707417545,
              41.5218325091345
            ],
            [
              -111.045707442698,
              41.5215277884625
            ],
            [
              -111.045709427077,
              41.5182162984778
            ],
            [
              -111.045709471992,
              41.5177689890189
            ],
            [
              -111.045709834014,
              41.5164091380868
            ],
            [
              -111.045725099085,
              41.5145997189375
            ],
            [
              -111.045729956276,
              41.5140094600455
            ],
            [
              -111.045756227506,
              41.5109834916064
            ],
            [
              -111.045762301914,
              41.5102505542402
            ],
            [
              -111.045788071885,
              41.507367262056
            ],
            [
              -111.045794697858,
              41.5065673982622
            ],
            [
              -111.045819071847,
              41.5037477876227
            ],
            [
              -111.045826252081,
              41.5028843307882
            ],
            [
              -111.04583419768,
              41.5019182779373
            ],
            [
              -111.045846355479,
              41.5001287628005
            ],
            [
              -111.045851931322,
              41.4992019829652
            ],
            [
              -111.045871959261,
              41.4965112676016
            ],
            [
              -111.045878089365,
              41.4955209847376
            ],
            [
              -111.045895643344,
              41.4928934102026
            ],
            [
              -111.045901318001,
              41.4919382563687
            ],
            [
              -111.045919444207,
              41.4892757309265
            ],
            [
              -111.045924904167,
              41.4883557955008
            ],
            [
              -111.045930143142,
              41.487462161891
            ],
            [
              -111.045941685595,
              41.4856568792348
            ],
            [
              -111.045946810484,
              41.4847723424393
            ],
            [
              -111.045965602341,
              41.4820392851165
            ],
            [
              -111.045970632009,
              41.4811899678575
            ],
            [
              -111.045988079088,
              41.4784217797793
            ],
            [
              -111.045994822741,
              41.4772871037188
            ],
            [
              -111.046010793888,
              41.4748052631562
            ],
            [
              -111.046019370104,
              41.4733842367562
            ],
            [
              -111.046021496417,
              41.4730038494318
            ],
            [
              -111.046043326376,
              41.4711882896362
            ],
            [
              -111.046063675014,
              41.4694808190999
            ],
            [
              -111.046086633258,
              41.4675715794343
            ],
            [
              -111.046110728769,
              41.4655778483136
            ],
            [
              -111.046128856771,
              41.4639527058437
            ],
            [
              -111.046139222431,
              41.463034295842
            ],
            [
              -111.04616939774,
              41.4603326595049
            ],
            [
              -111.046179415752,
              41.459431633278
            ],
            [
              -111.046188533652,
              41.4586125762713
            ],
            [
              -111.046200236005,
              41.4567115338399
            ],
            [
              -111.046205715728,
              41.4558287941364
            ],
            [
              -111.04622256992,
              41.4530904995484
            ],
            [
              -111.046227823268,
              41.4522259548274
            ],
            [
              -111.046244782562,
              41.4494693728655
            ],
            [
              -111.046250578492,
              41.4485271823609
            ],
            [
              -111.046267110188,
              41.4458455418467
            ],
            [
              -111.046273331022,
              41.4448284077576
            ],
            [
              -111.046277403983,
              41.4441593258168
            ],
            [
              -111.046275908288,
              41.442221893608
            ],
            [
              -111.046275012668,
              41.4411297293742
            ],
            [
              -111.046272975289,
              41.4385980679288
            ],
            [
              -111.046272026668,
              41.4374308698061
            ],
            [
              -111.046270042289,
              41.434974330165
            ],
            [
              -111.046268894242,
              41.433694356269
            ],
            [
              -111.046267110188,
              41.4313504998676
            ],
            [
              -111.046265882191,
              41.4299578411442
            ],
            [
              -111.046265663901,
              41.4296501422966
            ],
            [
              -111.04626405951,
              41.427726757569
            ],
            [
              -111.046262871038,
              41.4262215029664
            ],
            [
              -111.046261128307,
              41.4241029228001
            ],
            [
              -111.046259859886,
              41.422484982103
            ],
            [
              -111.046258197104,
              41.4204792657056
            ],
            [
              -111.046256910717,
              41.418834481754
            ],
            [
              -111.046255269495,
              41.4168589390878
            ],
            [
              -111.046254058565,
              41.4153198133676
            ],
            [
              -111.0462546802,
              41.4151841588556
            ],
            [
              -111.046263590589,
              41.4132388761893
            ],
            [
              -111.046271474204,
              41.4115336456263
            ],
            [
              -111.046280285779,
              41.4096186270352
            ],
            [
              -111.046288266412,
              41.4078833099419
            ],
            [
              -111.046296859696,
              41.4059986464288
            ],
            [
              -111.046306944183,
              41.4041945091939
            ],
            [
              -111.046325198848,
              41.4009229386838
            ],
            [
              -111.046325625548,
              41.4005129118407
            ],
            [
              -111.046327900082,
              41.3979885277715
            ],
            [
              -111.046328981653,
              41.3968154654085
            ],
            [
              -111.046331210374,
              41.3943944863929
            ],
            [
              -111.046332337759,
              41.393118286429
            ],
            [
              -111.046334518869,
              41.3908003534398
            ],
            [
              -111.0463357819,
              41.3893782282817
            ],
            [
              -111.046337828262,
              41.3872063082088
            ],
            [
              -111.046338405879,
              41.3865033521793
            ],
            [
              -111.046339226939,
              41.3856381686198
            ],
            [
              -111.046341110706,
              41.3835743381421
            ],
            [
              -111.04634267108,
              41.3818980158165
            ],
            [
              -111.046344392252,
              41.3799423660715
            ],
            [
              -111.046345995745,
              41.3781579505451
            ],
            [
              -111.046347674696,
              41.3763103913598
            ],
            [
              -111.046351075718,
              41.3726785050499
            ],
            [
              -111.046351610215,
              41.3720836391102
            ],
            [
              -111.046351593147,
              41.3720602193084
            ],
            [
              -111.046354358162,
              41.3690483271933
            ],
            [
              -111.046354893558,
              41.3684553527949
            ],
            [
              -111.046357760082,
              41.3654181476814
            ],
            [
              -111.046358193968,
              41.3648503944074
            ],
            [
              -111.046361042526,
              41.3617879652026
            ],
            [
              -111.046361494379,
              41.3612454331664
            ],
            [
              -111.04636432497,
              41.35815787082
            ],
            [
              -111.046366363247,
              41.3576609165016
            ],
            [
              -111.046366779167,
              41.3575729114119
            ],
            [
              -111.046379548719,
              41.3545099347467
            ],
            [
              -111.046382210427,
              41.3538811067509
            ],
            [
              -111.04639477157,
              41.3508621759054
            ],
            [
              -111.046397640789,
              41.3501893004007
            ],
            [
              -111.046409992624,
              41.347214234243
            ],
            [
              -111.046412949878,
              41.3464974006829
            ],
            [
              -111.046425211882,
              41.3435664712561
            ],
            [
              -111.046425637683,
              41.3431565305564
            ],
            [
              -111.046425929636,
              41.3428946763204
            ],
            [
              -111.046429318081,
              41.3399235738267
            ],
            [
              -111.046429972953,
              41.339330776505
            ],
            [
              -111.046433304804,
              41.3362807646758
            ],
            [
              -111.046433895895,
              41.3357665137068
            ],
            [
              -111.046437410105,
              41.3326378630806
            ],
            [
              -111.046437937416,
              41.3322025192695
            ],
            [
              -111.046441515406,
              41.328995138892
            ],
            [
              -111.046441642966,
              41.3288375937766
            ],
            [
              -111.046441471388,
              41.3285962767809
            ],
            [
              -111.04643858061,
              41.3253663771491
            ],
            [
              -111.046438176368,
              41.3249651735018
            ],
            [
              -111.046435406862,
              41.3217365328954
            ],
            [
              -111.046435000823,
              41.3213338874331
            ],
            [
              -111.046432233114,
              41.3181066861571
            ],
            [
              -111.046431827075,
              41.3177027788652
            ],
            [
              -111.046429059366,
              41.3144767472329
            ],
            [
              -111.046429610932,
              41.3144120710269
            ],
            [
              -111.046432152266,
              41.3141208498528
            ],
            [
              -111.046460334213,
              41.3109034505987
            ],
            [
              -111.046463546588,
              41.3105493542202
            ],
            [
              -111.046491947724,
              41.3073085326412
            ],
            [
              -111.04649481874,
              41.3069778565893
            ],
            [
              -111.046523439065,
              41.3037136128421
            ],
            [
              -111.046526206774,
              41.3034062665669
            ],
            [
              -111.046526204079,
              41.3034032939107
            ],
            [
              -111.046555046288,
              41.300118780995
            ],
            [
              -111.04655534363,
              41.300032756504
            ],
            [
              -111.046555838602,
              41.2998898927543
            ],
            [
              -111.04656822637,
              41.2964817075805
            ],
            [
              -111.046568516526,
              41.2963855944709
            ],
            [
              -111.046581191754,
              41.2928810235412
            ],
            [
              -111.046581286077,
              41.2928449017864
            ],
            [
              -111.046593866983,
              41.289376720615
            ],
            [
              -111.046594463464,
              41.2892078243829
            ],
            [
              -111.046605445369,
              41.2861799418643
            ],
            [
              -111.046607138693,
              41.2857053201867
            ],
            [
              -111.046607639953,
              41.2855710140287
            ],
            [
              -111.046618302057,
              41.2825980773916
            ],
            [
              -111.046620699661,
              41.2819398766776
            ],
            [
              -111.046631276425,
              41.2790162107344
            ],
            [
              -111.046633877946,
              41.278308826891
            ],
            [
              -111.046644249894,
              41.2754343419279
            ],
            [
              -111.046647054434,
              41.2746776851348
            ],
            [
              -111.04665720899,
              41.2718345454211
            ],
            [
              -111.046658913993,
              41.2713778484296
            ],
            [
              -111.046660110549,
              41.2710465405533
            ],
            [
              -111.046677202794,
              41.2682232137857
            ],
            [
              -111.046681789591,
              41.267455655891
            ],
            [
              -111.046698982448,
              41.2646085465872
            ],
            [
              -111.046703586313,
              41.2638649484938
            ],
            [
              -111.046720879781,
              41.2609939662797
            ],
            [
              -111.046725261763,
              41.2602740591762
            ],
            [
              -111.046742778013,
              41.2573837982933
            ],
            [
              -111.046745125311,
              41.2569926768519
            ],
            [
              -111.046746934517,
              41.2566833472144
            ],
            [
              -111.046764554972,
              41.2537736279566
            ],
            [
              -111.04676893875,
              41.2530587638551
            ],
            [
              -111.046777592222,
              41.2516355207467
            ],
            [
              -111.046786448712,
              41.2501635451323
            ],
            [
              -111.046790822609,
              41.2494342677708
            ],
            [
              -111.046808221179,
              41.2465533702083
            ],
            [
              -111.046808323587,
              41.2465295891715
            ],
            [
              -111.046812702874,
              41.2458097698558
            ],
            [
              -111.046830108631,
              41.2429409403758
            ],
            [
              -111.046832137027,
              41.2426061176542
            ],
            [
              -111.046834700819,
              41.2421852694712
            ],
            [
              -111.046809482414,
              41.2392888920572
            ],
            [
              -111.04680272349,
              41.2385130474398
            ],
            [
              -111.046777514068,
              41.2356261255906
            ],
            [
              -111.046770748856,
              41.2348408224133
            ],
            [
              -111.046745668791,
              41.2319635375984
            ],
            [
              -111.046738659237,
              41.2311685052522
            ],
            [
              -111.046713580969,
              41.228289417064
            ],
            [
              -111.046711364826,
              41.2280250367758
            ],
            [
              -111.046706692688,
              41.2274962756948
            ],
            [
              -111.046713255779,
              41.2246467186485
            ],
            [
              -111.046715073969,
              41.2238480784942
            ],
            [
              -111.046721526568,
              41.2210126620684
            ],
            [
              -111.046723334877,
              41.2202001493919
            ],
            [
              -111.046729796458,
              41.2173785130127
            ],
            [
              -111.046731713463,
              41.2165520377551
            ],
            [
              -111.046738170554,
              41.2137240945428
            ],
            [
              -111.04673843376,
              41.2135911378288
            ],
            [
              -111.046739972574,
              41.2129040138997
            ],
            [
              -111.046746544649,
              41.2100697631831
            ],
            [
              -111.046748258634,
              41.209294271281
            ],
            [
              -111.046754797471,
              41.2064153392126
            ],
            [
              -111.046756543796,
              41.205684526166
            ],
            [
              -111.04676316977,
              41.2027610037885
            ],
            [
              -111.046764708584,
              41.2020747792664
            ],
            [
              -111.046771342642,
              41.199162964682
            ],
            [
              -111.046772159211,
              41.1988022869471
            ],
            [
              -111.046772992847,
              41.1984650299423
            ],
            [
              -111.046780444373,
              41.1951952380529
            ],
            [
              -111.046781250161,
              41.1948205075683
            ],
            [
              -111.04678860916,
              41.1915881864247
            ],
            [
              -111.046789626951,
              41.1911760729521
            ],
            [
              -111.046796892525,
              41.1879811334501
            ],
            [
              -111.046797884265,
              41.1875317261456
            ],
            [
              -111.046804239846,
              41.1847349364549
            ],
            [
              -111.046805163314,
              41.1843571423284
            ],
            [
              -111.046806259259,
              41.1838872873657
            ],
            [
              -111.046808911984,
              41.1807475639661
            ],
            [
              -111.046809281191,
              41.1802610440498
            ],
            [
              -111.046811947391,
              41.177140145037
            ],
            [
              -111.0468124226,
              41.1766347980575
            ],
            [
              -111.046815102275,
              41.1735326342578
            ],
            [
              -111.046815444533,
              41.1730084601687
            ],
            [
              -111.04681773883,
              41.1703695747454
            ],
            [
              -111.046818135885,
              41.1699234094065
            ],
            [
              -111.046818585043,
              41.1693822102801
            ],
            [
              -111.046821169496,
              41.1663141825102
            ],
            [
              -111.04682160967,
              41.1657603717686
            ],
            [
              -111.046824203107,
              41.1627049529284
            ],
            [
              -111.046824753774,
              41.1621386211618
            ],
            [
              -111.046824972963,
              41.1619444987067
            ],
            [
              -111.046827356193,
              41.1590957213734
            ],
            [
              -111.046827778401,
              41.1585167779295
            ],
            [
              -111.04682993885,
              41.1560258869987
            ],
            [
              -111.046830470652,
              41.1554335203391
            ],
            [
              -111.046830934183,
              41.1549129485536
            ],
            [
              -111.046812861876,
              41.1517899721489
            ],
            [
              -111.046810004335,
              41.1512913804162
            ],
            [
              -111.046791922147,
              41.148152458916
            ],
            [
              -111.04678919576,
              41.1476698104117
            ],
            [
              -111.046770985113,
              41.1445149427587
            ],
            [
              -111.046768270404,
              41.1440482385762
            ],
            [
              -111.046755365206,
              41.1418177688408
            ],
            [
              -111.046750200792,
              41.1409217436166
            ],
            [
              -111.046747347743,
              41.1404266635931
            ],
            [
              -111.046754465095,
              41.1371935017283
            ],
            [
              -111.046755390359,
              41.1368181369781
            ],
            [
              -111.046762499626,
              41.1335742532384
            ],
            [
              -111.046763312602,
              41.1332096080493
            ],
            [
              -111.046770413784,
              41.1299550026392
            ],
            [
              -111.046771234844,
              41.1296011661581
            ],
            [
              -111.046775997712,
              41.1274170756658
            ],
            [
              -111.046778539944,
              41.1262999874819
            ],
            [
              -111.046778641454,
              41.1262740440879
            ],
            [
              -111.046779156188,
              41.1259926327143
            ],
            [
              -111.046786547527,
              41.1226450603848
            ],
            [
              -111.046787077533,
              41.1223858084554
            ],
            [
              -111.046794672788,
              41.1189900407104
            ],
            [
              -111.046795119251,
              41.1187809630436
            ],
            [
              -111.046795753462,
              41.1184994613375
            ],
            [
              -111.046802677676,
              41.1153350184922
            ],
            [
              -111.046801729055,
              41.1151730541451
            ],
            [
              -111.046789539815,
              41.1131036374174
            ],
            [
              -111.046780332981,
              41.1115433544017
            ],
            [
              -111.046776833145,
              41.1103043864685
            ],
            [
              -111.046769911626,
              41.1079357171162
            ],
            [
              -111.046766417179,
              41.1067026037036
            ],
            [
              -111.046759492067,
              41.1043281686067
            ],
            [
              -111.046755882636,
              41.1031009096946
            ],
            [
              -111.046749074305,
              41.1007205268297
            ],
            [
              -111.046745790962,
              41.0996174884222
            ],
            [
              -111.046743114881,
              41.0986977642749
            ],
            [
              -111.046738537965,
              41.0971129739101
            ],
            [
              -111.046737245289,
              41.0961287502277
            ],
            [
              -111.046733562196,
              41.0934516372477
            ],
            [
              -111.046732500387,
              41.0926258660407
            ],
            [
              -111.046728586428,
              41.0897904790469
            ],
            [
              -111.046727637807,
              41.0891230692778
            ],
            [
              -111.046723611558,
              41.0861290477623
            ],
            [
              -111.04672266114,
              41.0854590251618
            ],
            [
              -111.046721068427,
              41.0842190599947
            ],
            [
              -111.046718637586,
              41.0824678844036
            ],
            [
              -111.046717685372,
              41.0817951593095
            ],
            [
              -111.046713664513,
              41.0788074400389
            ],
            [
              -111.046712709603,
              41.0781310207979
            ],
            [
              -111.046708693236,
              41.0751471730712
            ],
            [
              -111.046707735632,
              41.0744671500253
            ],
            [
              -111.046698989634,
              41.0715275318721
            ],
            [
              -111.04669679505,
              41.0707809395
            ],
            [
              -111.046693836898,
              41.069796441923
            ],
            [
              -111.046688222427,
              41.0679175280231
            ],
            [
              -111.046689429763,
              41.0670998592288
            ],
            [
              -111.046693729998,
              41.0642615739811
            ],
            [
              -111.04669510981,
              41.0633519311988
            ],
            [
              -111.046699237569,
              41.0606057072604
            ],
            [
              -111.046700790756,
              41.0596040008953
            ],
            [
              -111.046704744242,
              41.056949838499
            ],
            [
              -111.046706217479,
              41.0560034416598
            ],
            [
              -111.04670716071,
              41.0553179206583
            ],
            [
              -111.046710250915,
              41.0532931568636
            ],
            [
              -111.046711997239,
              41.0523974745604
            ],
            [
              -111.046717223638,
              41.0496924120721
            ],
            [
              -111.046718772333,
              41.0488539319334
            ],
            [
              -111.046724076885,
              41.0460915759044
            ],
            [
              -111.046725547427,
              41.0453103868038
            ],
            [
              -111.046730930132,
              41.0424908272493
            ],
            [
              -111.046731214,
              41.0423875031807
            ],
            [
              -111.046733897268,
              41.0409670035309
            ],
            [
              -111.046736761097,
              41.0394645283614
            ],
            [
              -111.046737901059,
              41.0388899866016
            ],
            [
              -111.046740159424,
              41.0365318236184
            ],
            [
              -111.046741281419,
              41.0352588768794
            ],
            [
              -111.046742841793,
              41.0335967757775
            ],
            [
              -111.046744780357,
              41.0316277654053
            ],
            [
              -111.046746326358,
              41.0299455749126
            ],
            [
              -111.04674815982,
              41.0279966515381
            ],
            [
              -111.04674944441,
              41.0266163247037
            ],
            [
              -111.046749810923,
              41.0262941017594
            ],
            [
              -111.046751658758,
              41.0243654451778
            ],
            [
              -111.046754485756,
              41.0226442465102
            ],
            [
              -111.046757873303,
              41.0207072110472
            ],
            [
              -111.046760707487,
              41.0189956502525
            ],
            [
              -111.046763968372,
              41.0170487039038
            ],
            [
              -111.046766833099,
              41.0153807416528
            ],
            [
              -111.046770182917,
              41.0133904646473
            ],
            [
              -111.046772123278,
              41.0122663285497
            ],
            [
              -111.046772958711,
              41.0117659214037
            ],
            [
              -111.04677294883,
              41.011752589525
            ],
            [
              -111.046776395666,
              41.0097320432561
            ],
            [
              -111.046783123149,
              41.0081460525559
            ],
            [
              -111.046791570007,
              41.0061337006901
            ],
            [
              -111.046798395407,
              41.0045198733812
            ],
            [
              -111.046806742552,
              41.0025354463591
            ],
            [
              -111.046813668563,
              41.0008963942917
            ],
            [
              -111.046826397691,
              40.9978809711499
            ],
            [
              -111.044879055869,
              40.9978864296387
            ],
            [
              -111.042261117196,
              40.9978937247988
            ],
            [
              -111.040042088002,
              40.9978999222943
            ],
            [
              -111.037509162294,
              40.9979070798211
            ],
            [
              -111.03520499976,
              40.99791348139
            ],
            [
              -111.035135562683,
              40.9979136827525
            ],
            [
              -111.032733663446,
              40.997920425349
            ],
            [
              -111.030367909721,
              40.9979270181092
            ],
            [
              -111.027958400856,
              40.9979337532463
            ],
            [
              -111.025530936464,
              40.9979405324521
            ],
            [
              -111.02319633272,
              40.9979443583401
            ],
            [
              -111.020660191942,
              40.9979485347479
            ],
            [
              -111.018448529831,
              40.9979521524931
            ],
            [
              -111.018442109571,
              40.997952153849
            ],
            [
              -111.016028911325,
              40.997956117368
            ],
            [
              -111.015789565099,
              40.9979565106012
            ],
            [
              -111.013618922759,
              40.9979600307157
            ],
            [
              -111.010918817882,
              40.997964462046
            ],
            [
              -111.008789314788,
              40.9979678865637
            ],
            [
              -111.00604830782,
              40.9979723870483
            ],
            [
              -111.003835335067,
              40.9979575282614
            ],
            [
              -111.001262570873,
              40.9979402890542
            ],
            [
              -110.999097041743,
              40.9979257895941
            ],
            [
              -110.996933891352,
              40.9979112487734
            ],
            [
              -110.996476839316,
              40.9979081727389
            ],
            [
              -110.994423791836,
              40.9978943993977
            ],
            [
              -110.991691230828,
              40.9978760381022
            ],
            [
              -110.989750664998,
              40.9978629996945
            ],
            [
              -110.986905508254,
              40.9978438844661
            ],
            [
              -110.985077423176,
              40.9978315911625
            ],
            [
              -110.982119909648,
              40.9978117125086
            ],
            [
              -110.980543956517,
              40.9975871524591
            ],
            [
              -110.978126017861,
              40.9975776205693
            ],
            [
              -110.97734282707,
              40.9975766584986
            ],
            [
              -110.975508327123,
              40.9975711484567
            ],
            [
              -110.972558197746,
              40.9975568814667
            ],
            [
              -110.97069528229,
              40.9975512880302
            ],
            [
              -110.967773215384,
              40.9975372657912
            ],
            [
              -110.965906139829,
              40.9975315943838
            ],
            [
              -110.963140782228,
              40.9975191227098
            ],
            [
              -110.961114977058,
              40.99751242143
            ],
            [
              -110.959283810759,
              40.9975059337171
            ],
            [
              -110.958452229521,
              40.9975046462088
            ],
            [
              -110.956401100842,
              40.9974965916536
            ],
            [
              -110.953723376592,
              40.9974827565291
            ],
            [
              -110.951682593811,
              40.9974748023142
            ],
            [
              -110.951651085403,
              40.9974746090861
            ],
            [
              -110.948994765311,
              40.9974609427773
            ],
            [
              -110.946835440845,
              40.9974520400471
            ],
            [
              -110.944157839664,
              40.9974382523727
            ],
            [
              -110.94198829237,
              40.9974292533643
            ],
            [
              -110.940111235635,
              40.9974223479992
            ],
            [
              -110.93934195885,
              40.9974211350686
            ],
            [
              -110.937510321833,
              40.9974145714114
            ],
            [
              -110.934552719372,
              40.9973974364733
            ],
            [
              -110.933041276957,
              40.9973929651033
            ],
            [
              -110.929766101177,
              40.997371828638
            ],
            [
              -110.928173928066,
              40.9973668833482
            ],
            [
              -110.924901014245,
              40.9973458804395
            ],
            [
              -110.923306582769,
              40.9973408673483
            ],
            [
              -110.92111754922,
              40.9973256070463
            ],
            [
              -110.920039614896,
              40.9973218916355
            ],
            [
              -110.918494530574,
              40.9973143238582
            ],
            [
              -110.915208442061,
              40.9972797040799
            ],
            [
              -110.913706400515,
              40.9972725539428
            ],
            [
              -110.910378227727,
              40.9972370439344
            ],
            [
              -110.909033370695,
              40.9972312165623
            ],
            [
              -110.905628990229,
              40.9971940678152
            ],
            [
              -110.904362011742,
              40.997188969963
            ],
            [
              -110.902214339324,
              40.9971905917296
            ],
            [
              -110.900821320016,
              40.997191203282
            ],
            [
              -110.89958798164,
              40.9971917565268
            ],
            [
              -110.896007216967,
              40.9971960590895
            ],
            [
              -110.894815493047,
              40.9971965994523
            ],
            [
              -110.891193232496,
              40.9972010742256
            ],
            [
              -110.889973685955,
              40.9972018986687
            ],
            [
              -110.889954424279,
              40.9972018796848
            ],
            [
              -110.886431439245,
              40.9972088223628
            ],
            [
              -110.885126522209,
              40.9972097817269
            ],
            [
              -110.88313722547,
              40.9972100339414
            ],
            [
              -110.881622096369,
              40.9972101098769
            ],
            [
              -110.88045094297,
              40.9972101620826
            ],
            [
              -110.876791472404,
              40.9972107227852
            ],
            [
              -110.87576275947,
              40.9972106997333
            ],
            [
              -110.871959421914,
              40.997211402137
            ],
            [
              -110.871073030867,
              40.997211405527
            ],
            [
              -110.867123446685,
              40.997212055047
            ],
            [
              -110.866381280157,
              40.9972120977607
            ],
            [
              -110.863922479833,
              40.9971986822559
            ],
            [
              -110.862323070792,
              40.9971899367854
            ],
            [
              -110.861709560081,
              40.9971865895188
            ],
            [
              -110.857524726889,
              40.9971638373221
            ],
            [
              -110.856935114957,
              40.9971606751472
            ],
            [
              -110.852726388375,
              40.9971377181866
            ],
            [
              -110.852160675223,
              40.9971346522859
            ],
            [
              -110.847944816916,
              40.9971116926043
            ],
            [
              -110.847386238184,
              40.9971086117865
            ],
            [
              -110.844824718203,
              40.9970947426806
            ],
            [
              -110.843163250847,
              40.9970856480277
            ],
            [
              -110.842576017654,
              40.997082505511
            ],
            [
              -110.838381567997,
              40.9970596753087
            ],
            [
              -110.83776568214,
              40.9970562880336
            ],
            [
              -110.833600009115,
              40.9970335947778
            ],
            [
              -110.832955469695,
              40.9970301403796
            ],
            [
              -110.828777791584,
              40.997007345415
            ],
            [
              -110.828145141367,
              40.9970039716972
            ],
            [
              -110.825726900877,
              40.9969907920934
            ],
            [
              -110.823955577647,
              40.9969810743459
            ],
            [
              -110.823392721137,
              40.9969780518298
            ],
            [
              -110.819133486779,
              40.9969548724222
            ],
            [
              -110.81864042218,
              40.9969522058541
            ],
            [
              -110.814311280926,
              40.996928648114
            ],
            [
              -110.813888247191,
              40.9969263449522
            ],
            [
              -110.809514285394,
              40.9969025349873
            ],
            [
              -110.809135957217,
              40.9969004677683
            ],
            [
              -110.806629383588,
              40.9968868318503
            ],
            [
              -110.804717173979,
              40.9968764015103
            ],
            [
              -110.804449895537,
              40.9968749573718
            ],
            [
              -110.799920067954,
              40.9968503385348
            ],
            [
              -110.799763718873,
              40.9968494367954
            ],
            [
              -110.795122964623,
              40.9968241663911
            ],
            [
              -110.795077546701,
              40.9968239053611
            ],
            [
              -110.790391496699,
              40.996798454599
            ],
            [
              -110.790300779432,
              40.9967979291489
            ],
            [
              -110.787531573448,
              40.9967828592393
            ],
            [
              -110.785590240458,
              40.9967723285387
            ],
            [
              -110.785478596936,
              40.9967716702003
            ],
            [
              -110.78078887013,
              40.9967460919539
            ],
            [
              -110.780656419829,
              40.9967453895453
            ],
            [
              -110.775987502497,
              40.9967200160449
            ],
            [
              -110.775834246316,
              40.9967191780358
            ],
            [
              -110.771302384947,
              40.9967044206667
            ],
            [
              -110.771056269017,
              40.9967035718093
            ],
            [
              -110.768428419231,
              40.9966949896714
            ],
            [
              -110.766625948715,
              40.9966891927613
            ],
            [
              -110.766278413888,
              40.9966880381253
            ],
            [
              -110.761949514281,
              40.9966739553605
            ],
            [
              -110.761500441979,
              40.9966724868095
            ],
            [
              -110.757273201119,
              40.9966587084641
            ],
            [
              -110.756722473662,
              40.9966569171841
            ],
            [
              -110.752596771175,
              40.9966434520722
            ],
            [
              -110.751915965869,
              40.9966427998345
            ],
            [
              -110.749456714591,
              40.9966349587447
            ],
            [
              -110.748200687466,
              40.9966329423674
            ],
            [
              -110.747135488558,
              40.9966314216093
            ],
            [
              -110.74504827725,
              40.9966215993966
            ],
            [
              -110.743702618023,
              40.9966152824525
            ],
            [
              -110.743530101064,
              40.9966144485101
            ],
            [
              -110.742373827359,
              40.9966127704552
            ],
            [
              -110.738858206715,
              40.9965965723076
            ],
            [
              -110.737610740534,
              40.9965946406795
            ],
            [
              -110.734138455517,
              40.9965647950169
            ],
            [
              -110.73282240027,
              40.9965594096429
            ],
            [
              -110.730452604126,
              40.9965421822741
            ],
            [
              -110.729365064117,
              40.9965384627511
            ],
            [
              -110.728058045023,
              40.9965332251796
            ],
            [
              -110.724605058513,
              40.9964963811407
            ],
            [
              -110.723306839316,
              40.9964912005181
            ],
            [
              -110.719844941518,
              40.9964541930568
            ],
            [
              -110.718555640795,
              40.9964490707392
            ],
            [
              -110.715085068865,
              40.9964118090028
            ],
            [
              -110.71380313253,
              40.9964085430571
            ],
            [
              -110.711452463316,
              40.9963975485418
            ],
            [
              -110.71030428433,
              40.9963949389036
            ],
            [
              -110.709031503625,
              40.9963917332995
            ],
            [
              -110.705532942886,
              40.9963672647991
            ],
            [
              -110.704268961179,
              40.9963641195361
            ],
            [
              -110.700761487355,
              40.9963395737328
            ],
            [
              -110.6995065427,
              40.9963363993143
            ],
            [
              -110.69593607811,
              40.9963073088325
            ],
            [
              -110.694681131658,
              40.9963048022474
            ],
            [
              -110.692334740221,
              40.9962958613928
            ],
            [
              -110.691061840938,
              40.9962932680227
            ],
            [
              -110.68987300061,
              40.9962909763648
            ],
            [
              -110.686173624184,
              40.9962690733999
            ],
            [
              -110.685050889979,
              40.996267002771
            ],
            [
              -110.681284700455,
              40.9962443099214
            ],
            [
              -110.680228072374,
              40.9962424643896
            ],
            [
              -110.67637318769,
              40.996244498407
            ],
            [
              -110.675385394814,
              40.9962439729526
            ],
            [
              -110.673057524841,
              40.996241448059
            ],
            [
              -110.671525424768,
              40.9962404256262
            ],
            [
              -110.670564978406,
              40.996239936784
            ],
            [
              -110.666648074933,
              40.9962329106093
            ],
            [
              -110.665714498978,
              40.9962324590573
            ],
            [
              -110.66176977558,
              40.9962252762624
            ],
            [
              -110.66086342756,
              40.9962248653908
            ],
            [
              -110.657157784487,
              40.9962221011603
            ],
            [
              -110.65584826089,
              40.9962209919425
            ],
            [
              -110.653984802851,
              40.9962186562117
            ],
            [
              -110.652293267984,
              40.9962167191484
            ],
            [
              -110.651058649509,
              40.9962156912912
            ],
            [
              -110.647421405958,
              40.9962067856808
            ],
            [
              -110.646261691706,
              40.9962058452862
            ],
            [
              -110.642549070519,
              40.9961966447418
            ],
            [
              -110.641464379967,
              40.99619579859
            ],
            [
              -110.637676501519,
              40.9961862068344
            ],
            [
              -110.636671211257,
              40.9961895290656
            ],
            [
              -110.634992716336,
              40.9961949463361
            ],
            [
              -110.633930360596,
              40.9961973424103
            ],
            [
              -110.633505533823,
              40.9961989655572
            ],
            [
              -110.632136764536,
              40.9962043346885
            ],
            [
              -110.629504811247,
              40.9962141020449
            ],
            [
              -110.629032665717,
              40.9962153760184
            ],
            [
              -110.627602435495,
              40.996219142342
            ],
            [
              -110.625028385812,
              40.9962285442511
            ],
            [
              -110.624559806593,
              40.9962298114442
            ],
            [
              -110.623068103758,
              40.9962339520263
            ],
            [
              -110.620456469462,
              40.9962662800171
            ],
            [
              -110.618476598746,
              40.9962458713687
            ],
            [
              -110.616873618901,
              40.9962480314951
            ],
            [
              -110.615660389313,
              40.9962492180051
            ],
            [
              -110.615297037849,
              40.9962498071921
            ],
            [
              -110.613657910696,
              40.9962524331082
            ],
            [
              -110.610744674229,
              40.9962571357555
            ],
            [
              -110.610507116549,
              40.9962574144158
            ],
            [
              -110.608839104068,
              40.9962590626475
            ],
            [
              -110.60583395827,
              40.9962638703853
            ],
            [
              -110.604020295644,
              40.9962656718461
            ],
            [
              -110.600927289221,
              40.9962699588751
            ],
            [
              -110.599170217763,
              40.9962723305384
            ],
            [
              -110.597617650475,
              40.9962743984551
            ],
            [
              -110.596007892842,
              40.9962766948596
            ],
            [
              -110.594320138984,
              40.9962789654998
            ],
            [
              -110.591088733617,
              40.9962834023671
            ],
            [
              -110.589470059307,
              40.9962855760523
            ],
            [
              -110.586169574393,
              40.9962901702165
            ],
            [
              -110.584619978731,
              40.9962922537268
            ],
            [
              -110.581250176216,
              40.9962969068769
            ],
            [
              -110.579816743501,
              40.9962988975002
            ],
            [
              -110.578361791642,
              40.9963007911688
            ],
            [
              -110.576496403124,
              40.9963034116589
            ],
            [
              -110.575013627746,
              40.9963054314362
            ],
            [
              -110.571742509657,
              40.996309900846
            ],
            [
              -110.570210510195,
              40.9963120358841
            ],
            [
              -110.566988734768,
              40.9963164639351
            ],
            [
              -110.565407392644,
              40.9963186206691
            ],
            [
              -110.562234959879,
              40.9963229212548
            ],
            [
              -110.560570507422,
              40.9963252359637
            ],
            [
              -110.559105804351,
              40.9963272103141
            ],
            [
              -110.557485939773,
              40.9963294714605
            ],
            [
              -110.555733622199,
              40.9963318295615
            ],
            [
              -110.552736919666,
              40.9963359152188
            ],
            [
              -110.550896854656,
              40.9963384902811
            ],
            [
              -110.547988017239,
              40.996342434913
            ],
            [
              -110.546059968535,
              40.9963451279479
            ],
            [
              -110.543306792089,
              40.9962420087698
            ],
            [
              -110.541319556984,
              40.9961558375657
            ],
            [
              -110.53999911706,
              40.99611805631
            ],
            [
              -110.538632997803,
              40.9960669250643
            ],
            [
              -110.536611377884,
              40.9960026953386
            ],
            [
              -110.533959347248,
              40.9958918327578
            ],
            [
              -110.531913375797,
              40.9958259803833
            ],
            [
              -110.529285603267,
              40.995716729816
            ],
            [
              -110.52721951225,
              40.9956393619118
            ],
            [
              -110.52461188444,
              40.995541618273
            ],
            [
              -110.52247413032,
              40.9954615279377
            ],
            [
              -110.521205505221,
              40.9954141069552
            ],
            [
              -110.519730299947,
              40.9953587857097
            ],
            [
              -110.517728773544,
              40.9952838589198
            ],
            [
              -110.514848623826,
              40.9951759255186
            ],
            [
              -110.512983442818,
              40.9951060843302
            ],
            [
              -110.50996709413,
              40.9949930397337
            ],
            [
              -110.508238020465,
              40.9949282943449
            ],
            [
              -110.505085472807,
              40.9948102171753
            ],
            [
              -110.503440695251,
              40.9948100802151
            ],
            [
              -110.502360068676,
              40.9948099242704
            ],
            [
              -110.500289651372,
              40.9948097059478
            ],
            [
              -110.498582216325,
              40.9948095879722
            ],
            [
              -110.495493947617,
              40.9948093554111
            ],
            [
              -110.493723500245,
              40.9948091601412
            ],
            [
              -110.490698245659,
              40.9948088957132
            ],
            [
              -110.488865022218,
              40.9948087092576
            ],
            [
              -110.485902543701,
              40.9948085072075
            ],
            [
              -110.483982409154,
              40.9948083051573
            ],
            [
              -110.483201157826,
              40.994808228541
            ],
            [
              -110.481157610929,
              40.9948080570018
            ],
            [
              -110.479099915566,
              40.9948078752923
            ],
            [
              -110.476412916211,
              40.9948075925577
            ],
            [
              -110.474217304299,
              40.9948074183064
            ],
            [
              -110.471667983439,
              40.9948072026959
            ],
            [
              -110.469334931085,
              40.9948070257325
            ],
            [
              -110.466923289619,
              40.9948067979176
            ],
            [
              -110.464491317481,
              40.9948066060378
            ],
            [
              -110.464042255959,
              40.9948065911214
            ],
            [
              -110.462143166244,
              40.9948063938174
            ],
            [
              -110.459647704776,
              40.9948061632904
            ],
            [
              -110.45736304287,
              40.9948059707325
            ],
            [
              -110.454804092968,
              40.9948056974902
            ],
            [
              -110.452582920393,
              40.9948055300191
            ],
            [
              -110.449960481161,
              40.9948052981361
            ],
            [
              -110.447802679339,
              40.994805161176
            ],
            [
              -110.445226609345,
              40.9948048628469
            ],
            [
              -110.444883363973,
              40.994804832336
            ],
            [
              -110.44300294125,
              40.9948046791033
            ],
            [
              -110.440492618952,
              40.994804503496
            ],
            [
              -110.438203202263,
              40.9948042682228
            ],
            [
              -110.435758510879,
              40.9948040383739
            ],
            [
              -110.433403108441,
              40.9948038356457
            ],
            [
              -110.431024521384,
              40.994803649868
            ],
            [
              -110.429167662369,
              40.9948009560922
            ],
            [
              -110.426257297817,
              40.9947968662716
            ],
            [
              -110.42558757862,
              40.9947958736494
            ],
            [
              -110.423346926976,
              40.9947936043141
            ],
            [
              -110.421490180251,
              40.9947917777263
            ],
            [
              -110.418579688138,
              40.9947889354634
            ],
            [
              -110.416722941412,
              40.9947871224359
            ],
            [
              -110.413812568775,
              40.9947842496618
            ],
            [
              -110.41195570437,
              40.9947823593398
            ],
            [
              -110.409045331733,
              40.9947795469094
            ],
            [
              -110.407189656698,
              40.9947776755718
            ],
            [
              -110.40651898349,
              40.9947770172136
            ],
            [
              -110.404481476865,
              40.9947799313472
            ],
            [
              -110.402423758146,
              40.9947829749827
            ],
            [
              -110.399917567199,
              40.9947865305238
            ],
            [
              -110.397657963798,
              40.9947897890915
            ],
            [
              -110.395353775213,
              40.9947931303776
            ],
            [
              -110.392892049975,
              40.9947966764258
            ],
            [
              -110.390789626596,
              40.9947997268408
            ],
            [
              -110.388121022941,
              40.9948036091868
            ],
            [
              -110.387786095968,
              40.9948040831232
            ],
            [
              -110.38605033704,
              40.9948073728791
            ],
            [
              -110.383350215994,
              40.9948124180298
            ],
            [
              -110.381311154385,
              40.9948162651181
            ],
            [
              -110.378579525828,
              40.9948213895966
            ],
            [
              -110.376572090307,
              40.9948251437955
            ],
            [
              -110.376559369264,
              40.9948251648142
            ],
            [
              -110.373809071919,
              40.9948304357443
            ],
            [
              -110.37183302533,
              40.994834097732
            ],
            [
              -110.369044206429,
              40.9948394052746
            ],
            [
              -110.368867884207,
              40.9948397008914
            ],
            [
              -110.367052743852,
              40.9948387570873
            ],
            [
              -110.364279446941,
              40.9948371881484
            ],
            [
              -110.362272414763,
              40.9948361012819
            ],
            [
              -110.359514573366,
              40.9948345933648
            ],
            [
              -110.357492085674,
              40.9948335173467
            ],
            [
              -110.354749701589,
              40.9948319816307
            ],
            [
              -110.352711757484,
              40.9948309157828
            ],
            [
              -110.349976626396,
              40.9948293970172
            ],
            [
              -110.349775102836,
              40.9948292512428
            ],
            [
              -110.347870183954,
              40.9948299306192
            ],
            [
              -110.345203393099,
              40.9948308479807
            ],
            [
              -110.343028348116,
              40.9948315341373
            ],
            [
              -110.340430277482,
              40.9948324616691
            ],
            [
              -110.338186749433,
              40.9948332054573
            ],
            [
              -110.335657282239,
              40.9948340590849
            ],
            [
              -110.333345271124,
              40.9948348537246
            ],
            [
              -110.33088773473,
              40.9948356585347
            ],
            [
              -110.330758972014,
              40.9948357215906
            ],
            [
              -110.328563299017,
              40.9948306106736
            ],
            [
              -110.32611819351,
              40.9948249898849
            ],
            [
              -110.323781041245,
              40.9948195908084
            ],
            [
              -110.32134854,
              40.994813943576
            ],
            [
              -110.318998787066,
              40.9948084631361
            ],
            [
              -110.316578888286,
              40.9948028796366
            ],
            [
              -110.314212070058,
              40.9948035963044
            ],
            [
              -110.312129409615,
              40.9948041590615
            ],
            [
              -110.311836927141,
              40.9948045753662
            ],
            [
              -110.309443337321,
              40.9948073762692
            ],
            [
              -110.307094807893,
              40.9948101283545
            ],
            [
              -110.30467422819,
              40.9948129380716
            ],
            [
              -110.30465461078,
              40.9948130004495
            ],
            [
              -110.302352807222,
              40.994815667104
            ],
            [
              -110.29990547569,
              40.9948185758118
            ],
            [
              -110.297610805653,
              40.9948212811133
            ],
            [
              -110.295136485136,
              40.994824194567
            ],
            [
              -110.293051426192,
              40.9948266496788
            ],
            [
              -110.292822200386,
              40.9948265947592
            ],
            [
              -110.290393926612,
              40.9948262652412
            ],
            [
              -110.288033542118,
              40.9948258536829
            ],
            [
              -110.285651161475,
              40.994825526877
            ],
            [
              -110.283245002427,
              40.9948251837987
            ],
            [
              -110.280908752969,
              40.9948248664852
            ],
            [
              -110.278456345057,
              40.9948244956081
            ],
            [
              -110.276165870153,
              40.9948240976101
            ],
            [
              -110.274123880935,
              40.9948238691172
            ],
            [
              -110.273666743558,
              40.9948340509486
            ],
            [
              -110.271353343648,
              40.9948857506531
            ],
            [
              -110.26887879945,
              40.9949410668716
            ],
            [
              -110.266541606761,
              40.9949933299257
            ],
            [
              -110.264090957751,
              40.9950481538127
            ],
            [
              -110.261729736925,
              40.995100886648
            ],
            [
              -110.26109587488,
              40.9951151121325
            ],
            [
              -110.25959749397,
              40.9951330619625
            ],
            [
              -110.259302479145,
              40.9951365720576
            ],
            [
              -110.256916791804,
              40.9951651769179
            ],
            [
              -110.254514337409,
              40.9951939851708
            ],
            [
              -110.2521496949,
              40.9952222672705
            ],
            [
              -110.249726187587,
              40.9952513792497
            ],
            [
              -110.24738235006,
              40.9952795189414
            ],
            [
              -110.244938268632,
              40.9953088465042
            ],
            [
              -110.242615353766,
              40.9953367563242
            ],
            [
              -110.241477976124,
              40.995350356628
            ],
            [
              -110.240150368542,
              40.9953742220729
            ],
            [
              -110.237848697934,
              40.9954155077328
            ],
            [
              -110.235371499215,
              40.9954599969825
            ],
            [
              -110.233031052829,
              40.9955021002729
            ],
            [
              -110.230592497836,
              40.9955458436499
            ],
            [
              -110.228213159788,
              40.9955885801492
            ],
            [
              -110.225813603357,
              40.9956316725772
            ],
            [
              -110.223395492224,
              40.9956751304253
            ],
            [
              -110.221769979039,
              40.9957043439061
            ],
            [
              -110.221034346857,
              40.9957069420455
            ],
            [
              -110.218576808666,
              40.9957158009407
            ],
            [
              -110.216243520055,
              40.9957242821824
            ],
            [
              -110.213855180888,
              40.995732880719
            ],
            [
              -110.21145257288,
              40.9957416026525
            ],
            [
              -110.209133550414,
              40.9957500371082
            ],
            [
              -110.206661741587,
              40.9957589949871
            ],
            [
              -110.204411919043,
              40.9957670897572
            ],
            [
              -110.203033870159,
              40.9957720731356
            ],
            [
              -110.201870828547,
              40.9957732142275
            ],
            [
              -110.199678785642,
              40.9957717083659
            ],
            [
              -110.197146586672,
              40.9957700438497
            ],
            [
              -110.194902230376,
              40.9957685325639
            ],
            [
              -110.19230856508,
              40.9957667826184
            ],
            [
              -110.19012579728,
              40.9957652503142
            ],
            [
              -110.187470664761,
              40.9957634996905
            ],
            [
              -110.185349245607,
              40.9957620385774
            ],
            [
              -110.183881029225,
              40.9957610215612
            ],
            [
              -110.182633265702,
              40.9957870415747
            ],
            [
              -110.180574431276,
              40.9958298958915
            ],
            [
              -110.177850441992,
              40.9958867083625
            ],
            [
              -110.176149686817,
              40.9959221282451
            ],
            [
              -110.173067367652,
              40.9959863546594
            ],
            [
              -110.171350552396,
              40.9960221290867
            ],
            [
              -110.168284399312,
              40.9960859831774
            ],
            [
              -110.166551404501,
              40.9961221101143
            ],
            [
              -110.164559742498,
              40.9961636326082
            ],
            [
              -110.163501095902,
              40.9961733403061
            ],
            [
              -110.161751111253,
              40.996189363632
            ],
            [
              -110.158695739749,
              40.9962175490278
            ],
            [
              -110.157011034773,
              40.9962329858679
            ],
            [
              -110.153890378206,
              40.9962617380577
            ],
            [
              -110.152271189161,
              40.9962765951928
            ],
            [
              -110.149085129851,
              40.9963059073958
            ],
            [
              -110.147531577111,
              40.9963201916067
            ],
            [
              -110.145384308036,
              40.9963399635856
            ],
            [
              -110.144280429469,
              40.9963624916471
            ],
            [
              -110.142792654068,
              40.9963927842061
            ],
            [
              -110.13950200391,
              40.9964551042936
            ],
            [
              -110.137987254796,
              40.9964838719807
            ],
            [
              -110.134729539571,
              40.9965454916053
            ],
            [
              -110.133182083697,
              40.996574851827
            ],
            [
              -110.129957421084,
              40.996635863877
            ],
            [
              -110.128377137176,
              40.9966658125637
            ],
            [
              -110.126678996997,
              40.9966979993184
            ],
            [
              -110.125184483334,
              40.9966972962312
            ],
            [
              -110.123570360787,
              40.996696565346
            ],
            [
              -110.120344371362,
              40.9967490107465
            ],
            [
              -110.118708601214,
              40.9967756107383
            ],
            [
              -110.115476421499,
              40.9968281428598
            ],
            [
              -110.113846593706,
              40.9968546295937
            ],
            [
              -110.110608579434,
              40.9969072504702
            ],
            [
              -110.108984932948,
              40.9969336266586
            ],
            [
              -110.107224286195,
              40.9969622510791
            ],
            [
              -110.105740484941,
              40.9969866915608
            ],
            [
              -110.104123012577,
              40.9970134067163
            ],
            [
              -110.100998310896,
              40.9970384431389
            ],
            [
              -110.099455104052,
              40.9970508084582
            ],
            [
              -110.096324213878,
              40.9970760299598
            ],
            [
              -110.094787306919,
              40.9970883823901
            ],
            [
              -110.09164999379,
              40.9971135164158
            ],
            [
              -110.090119387615,
              40.9971258566351
            ],
            [
              -110.088462498074,
              40.9971391596073
            ],
            [
              -110.086975643447,
              40.9971343275256
            ],
            [
              -110.085300386053,
              40.9971432058907
            ],
            [
              -110.082159953075,
              40.9971615707803
            ],
            [
              -110.080517381781,
              40.9971625321792
            ],
            [
              -110.077376947905,
              40.9971808570616
            ],
            [
              -110.075792139182,
              40.9971748269636
            ],
            [
              -110.072836589371,
              40.9971675764717
            ],
            [
              -110.071254041708,
              40.9971615023027
            ],
            [
              -110.06985613287,
              40.9971559956161
            ],
            [
              -110.068113529678,
              40.9971936264398
            ],
            [
              -110.066623546219,
              40.9972252603703
            ],
            [
              -110.063231299297,
              40.997234043804
            ],
            [
              -110.061960658378,
              40.9972502838306
            ],
            [
              -110.058250785138,
              40.9972543538371
            ],
            [
              -110.057037097409,
              40.9972703748662
            ],
            [
              -110.053465244922,
              40.9972756896706
            ],
            [
              -110.052284373549,
              40.9972914794983
            ],
            [
              -110.050359050333,
              40.997310044355
            ],
            [
              -110.048683914212,
              40.9973017260361
            ],
            [
              -110.047535648988,
              40.9972989998185
            ],
            [
              -110.043913945393,
              40.9973065791234
            ],
            [
              -110.042777124706,
              40.9973099358759
            ],
            [
              -110.039145907952,
              40.9973175572152
            ],
            [
              -110.038015620713,
              40.9973213709355
            ],
            [
              -110.034342463415,
              40.9973350671051
            ],
            [
              -110.033226680373,
              40.9973388659085
            ],
            [
              -110.031045525948,
              40.9973465841977
            ],
            [
              -110.029599275171,
              40.9973540550181
            ],
            [
              -110.028526402854,
              40.997358619954
            ],
            [
              -110.024813926296,
              40.9973778058345
            ],
            [
              -110.02385320505,
              40.9973802133915
            ],
            [
              -110.023658328125,
              40.9973805449306
            ],
            [
              -110.020000548188,
              40.9973993185844
            ],
            [
              -110.019322347098,
              40.9974002162484
            ],
            [
              -110.018794435054,
              40.9974009478038
            ],
            [
              -110.015233837559,
              40.9974006698263
            ],
            [
              -110.014839814018,
              40.9974006359266
            ],
            [
              -110.013977916435,
              40.9974016434254
            ],
            [
              -110.01181314189,
              40.9974031031463
            ],
            [
              -110.010445836858,
              40.9974105597224
            ],
            [
              -110.010347856711,
              40.9974111597469
            ],
            [
              -110.009152252967,
              40.9974176434011
            ],
            [
              -110.005664061481,
              40.9974333660734
            ],
            [
              -110.005552883287,
              40.9974340284731
            ],
            [
              -110.004414232731,
              40.9974403236428
            ],
            [
              -110.00088145157,
              40.9974561466527
            ],
            [
              -109.999679397922,
              40.99745662057
            ],
            [
              -109.996085678645,
              40.9973824982316
            ],
            [
              -109.994988381135,
              40.9973825748449
            ],
            [
              -109.991424075395,
              40.9973450458283
            ],
            [
              -109.991240247749,
              40.9973459597648
            ],
            [
              -109.99027728251,
              40.9973474371147
            ],
            [
              -109.986537662458,
              40.9973608281814
            ],
            [
              -109.986400685547,
              40.9973613353212
            ],
            [
              -109.985439564549,
              40.9973665714709
            ],
            [
              -109.981804213749,
              40.9973800967765
            ],
            [
              -109.980613185124,
              40.9973905582246
            ],
            [
              -109.976976868634,
              40.9974433773254
            ],
            [
              -109.976738099127,
              40.9974449509481
            ],
            [
              -109.975855895127,
              40.9974520692008
            ],
            [
              -109.973569468032,
              40.9974779427783
            ],
            [
              -109.972164124737,
              40.9974769495184
            ],
            [
              -109.971894944562,
              40.9974768010379
            ],
            [
              -109.971084342579,
              40.997474522303
            ],
            [
              -109.967417330656,
              40.9974746090861
            ],
            [
              -109.966319257002,
              40.9974710726739
            ],
            [
              -109.96259861925,
              40.9974714259083
            ],
            [
              -109.961553451874,
              40.9974680501803
            ],
            [
              -109.957784066145,
              40.9974685295215
            ],
            [
              -109.956786932586,
              40.997465184303
            ],
            [
              -109.954676701051,
              40.9974611990587
            ],
            [
              -109.952986405859,
              40.9974726117184
            ],
            [
              -109.952037404932,
              40.9974781299043
            ],
            [
              -109.948208676495,
              40.9974420850698
            ],
            [
              -109.947496082506,
              40.9974450384093
            ],
            [
              -109.943429825135,
              40.9974523363302
            ],
            [
              -109.942762288844,
              40.9974555839183
            ],
            [
              -109.938659716179,
              40.9974809361177
            ],
            [
              -109.938042832293,
              40.9974839925104
            ],
            [
              -109.935586686491,
              40.9974976391527
            ],
            [
              -109.933884550606,
              40.9975058693078
            ],
            [
              -109.933318324516,
              40.9975083778812
            ],
            [
              -109.929131470115,
              40.9975324310266
            ],
            [
              -109.928474280619,
              40.9975354216516
            ],
            [
              -109.924377675463,
              40.9975588801879
            ],
            [
              -109.923628580229,
              40.9975617955546
            ],
            [
              -109.91959862827,
              40.9975734556639
            ],
            [
              -109.918760591738,
              40.9975767676553
            ],
            [
              -109.916422715431,
              40.9975848099968
            ],
            [
              -109.914817234677,
              40.9975861002156
            ],
            [
              -109.913890181389,
              40.9975870968638
            ],
            [
              -109.910029728948,
              40.9975871375433
            ],
            [
              -109.909138702594,
              40.9975880765622
            ],
            [
              -109.905241748907,
              40.9975881524973
            ],
            [
              -109.904387451072,
              40.9975897640841
            ],
            [
              -109.90046110451,
              40.9976057029948
            ],
            [
              -109.899643072561,
              40.9976071749149
            ],
            [
              -109.897406283673,
              40.9976136341421
            ],
            [
              -109.895678787449,
              40.9976165528963
            ],
            [
              -109.894897387899,
              40.9976172613976
            ],
            [
              -109.890905288251,
              40.9976262088529
            ],
            [
              -109.890140892912,
              40.9976267783658
            ],
            [
              -109.886132265161,
              40.9976357617534
            ],
            [
              -109.88538523156,
              40.9976361963459
            ],
            [
              -109.881383717568,
              40.9976393184966
            ],
            [
              -109.880647505074,
              40.9976396480004
            ],
            [
              -109.878328046027,
              40.9976412406023
            ],
            [
              -109.87637707591,
              40.9976621437522
            ],
            [
              -109.875602381385,
              40.9976671100375
            ],
            [
              -109.871649682744,
              40.9976592900872
            ],
            [
              -109.870932709468,
              40.9976609165881
            ],
            [
              -109.86697430383,
              40.9976531508763
            ],
            [
              -109.866248159653,
              40.997655739447
            ],
            [
              -109.862104842102,
              40.9976704891453
            ],
            [
              -109.861477623997,
              40.9976727624495
            ],
            [
              -109.859287534928,
              40.9976806549433
            ],
            [
              -109.857326099438,
              40.9976876199445
            ],
            [
              -109.856706967069,
              40.9976898573146
            ],
            [
              -109.852547356774,
              40.9977047324335
            ],
            [
              -109.851958070032,
              40.9977067914914
            ],
            [
              -109.847768612313,
              40.9977218266123
            ],
            [
              -109.847209288878,
              40.9977238009209
            ],
            [
              -109.842994623533,
              40.9977388611235
            ],
            [
              -109.842460388247,
              40.9977407933962
            ],
            [
              -109.840277669855,
              40.9977485787593
            ],
            [
              -109.838220773992,
              40.9977682201357
            ],
            [
              -109.837711692433,
              40.9977730867485
            ],
            [
              -109.833447113098,
              40.9978136874925
            ],
            [
              -109.832930063482,
              40.9978186320708
            ],
            [
              -109.828673445017,
              40.9978592273629
            ],
            [
              -109.82814854682,
              40.9978642512624
            ],
            [
              -109.823902151183,
              40.9979046838091
            ],
            [
              -109.823367025667,
              40.9979097612663
            ],
            [
              -109.821104395841,
              40.9979313206239
            ],
            [
              -109.819130823213,
              40.9979384117045
            ],
            [
              -109.818595516237,
              40.9979403127838
            ],
            [
              -109.814359196105,
              40.9979554549736
            ],
            [
              -109.813815565339,
              40.9979574279192
            ],
            [
              -109.809587568098,
              40.9979724799326
            ],
            [
              -109.809035612644,
              40.9979745254224
            ],
            [
              -109.804818433814,
              40.9979896038734
            ],
            [
              -109.804255659949,
              40.9979916039375
            ],
            [
              -109.802135119348,
              40.9979992211301
            ],
            [
              -109.800049180952,
              40.9980066193318
            ],
            [
              -109.799475705458,
              40.9980086648205
            ],
            [
              -109.795280044872,
              40.9980237086864
            ],
            [
              -109.794697056219,
              40.9980258111255
            ],
            [
              -109.790510789315,
              40.9980407797309
            ],
            [
              -109.7899182893,
              40.9980428482702
            ],
            [
              -109.785730830332,
              40.998057900942
            ],
            [
              -109.785139519687,
              40.998059957277
            ],
            [
              -109.783165823091,
              40.9980670612255
            ],
            [
              -109.780950869553,
              40.9980686083919
            ],
            [
              -109.780360658445,
              40.9980690300998
            ],
            [
              -109.776170805467,
              40.9980719996829
            ],
            [
              -109.775601044506,
              40.9980724342725
            ],
            [
              -109.771390861755,
              40.998075374024
            ],
            [
              -109.770841313787,
              40.9980758208174
            ],
            [
              -109.766610917145,
              40.9980788209095
            ],
            [
              -109.766081583068,
              40.9980791904124
            ],
            [
              -109.764189200175,
              40.9980805348605
            ],
            [
              -109.761830864738,
              40.9980817077777
            ],
            [
              -109.7613219844,
              40.9980819145637
            ],
            [
              -109.757050943484,
              40.9980840373406
            ],
            [
              -109.756507343261,
              40.9980842990436
            ],
            [
              -109.752270903652,
              40.9980863472418
            ],
            [
              -109.751696830779,
              40.9980885086638
            ],
            [
              -109.747412340285,
              40.9981039999827
            ],
            [
              -109.746884167729,
              40.9981058258007
            ],
            [
              -109.74512746997,
              40.9981122049767
            ],
            [
              -109.742637250171,
              40.9981211876201
            ],
            [
              -109.742071383407,
              40.9981232107317
            ],
            [
              -109.737862157362,
              40.9981384477975
            ],
            [
              -109.737269654652,
              40.9981406058279
            ],
            [
              -109.733087063655,
              40.9981556896648
            ],
            [
              -109.732467808217,
              40.9981578890518
            ],
            [
              -109.72831315752,
              40.9981729274597
            ],
            [
              -109.727666078563,
              40.9981752441377
            ],
            [
              -109.726125666378,
              40.9981808388772
            ],
            [
              -109.723539250487,
              40.9981901469444
            ],
            [
              -109.722864345316,
              40.9981926697295
            ],
            [
              -109.718765340759,
              40.9982074396471
            ],
            [
              -109.718093171856,
              40.9982098742934
            ],
            [
              -109.713991431031,
              40.9982247140398
            ],
            [
              -109.713322116974,
              40.9982270625812
            ],
            [
              -109.709213953195,
              40.998241930799
            ],
            [
              -109.708550939922,
              40.9982443220529
            ],
            [
              -109.7071239625,
              40.9982494930459
            ],
            [
              -109.704436475359,
              40.9982591299262
            ],
            [
              -109.703779760174,
              40.9982616547425
            ],
            [
              -109.701764800364,
              40.9982687925685
            ],
            [
              -109.69965899393,
              40.9982764009153
            ],
            [
              -109.699276594588,
              40.9982778511249
            ],
            [
              -109.6948815125,
              40.9982936542722
            ],
            [
              -109.694773428104,
              40.9982940515713
            ],
            [
              -109.69027013855,
              40.9983103448975
            ],
            [
              -109.690073944695,
              40.9983110879686
            ],
            [
              -109.688121883125,
              40.9983180705308
            ],
            [
              -109.687253522164,
              40.9983210645101
            ],
            [
              -109.685766972964,
              40.9983263731279
            ],
            [
              -109.685262934546,
              40.9983281914819
            ],
            [
              -109.681054057945,
              40.9983431586627
            ],
            [
              -109.680449664236,
              40.9983453383818
            ],
            [
              -109.676341147419,
              40.9983596607959
            ],
            [
              -109.67563675415,
              40.99836219849
            ],
            [
              -109.671623958216,
              40.9983760110565
            ],
            [
              -109.670859164024,
              40.998378634176
            ],
            [
              -109.6692822479,
              40.9983841292347
            ],
            [
              -109.667971323829,
              40.998388622911
            ],
            [
              -109.666915212279,
              40.9983922663954
            ],
            [
              -109.666081571204,
              40.9983951417242
            ],
            [
              -109.662064730156,
              40.9984090254721
            ],
            [
              -109.661303977485,
              40.9984116316407
            ],
            [
              -109.660801367388,
              40.9984133598205
            ],
            [
              -109.658409240025,
              40.9984216610497
            ],
            [
              -109.657214247135,
              40.9984257608151
            ],
            [
              -109.656526381969,
              40.9984281940972
            ],
            [
              -109.653511787691,
              40.9984385943605
            ],
            [
              -109.652363642842,
              40.9984425605622
            ],
            [
              -109.65174973777,
              40.9984446589201
            ],
            [
              -109.650428943011,
              40.9984491980171
            ],
            [
              -109.647513158922,
              40.9984592477599
            ],
            [
              -109.646972974094,
              40.9984611047553
            ],
            [
              -109.643905228297,
              40.9984717104422
            ],
            [
              -109.642706428347,
              40.9984758854605
            ],
            [
              -109.6421963272,
              40.9984776238085
            ],
            [
              -109.637899578296,
              40.9984925007836
            ],
            [
              -109.637419679407,
              40.9984941252301
            ],
            [
              -109.63309772198,
              40.9985148308166
            ],
            [
              -109.632502824361,
              40.9985176824107
            ],
            [
              -109.631555482622,
              40.9985222018412
            ],
            [
              -109.628295819849,
              40.9985220967539
            ],
            [
              -109.627737212371,
              40.9985236439096
            ],
            [
              -109.623508985161,
              40.9985251985231
            ],
            [
              -109.62295527979,
              40.998525430393
            ],
            [
              -109.618722058845,
              40.9985270202615
            ],
            [
              -109.618169305688,
              40.9985272399278
            ],
            [
              -109.613935013951,
              40.9985289111542
            ],
            [
              -109.613403067572,
              40.9985290881075
            ],
            [
              -109.612497783158,
              40.99852945354
            ],
            [
              -109.609148147822,
              40.9985279931661
            ],
            [
              -109.60862732079,
              40.9985308949303
            ],
            [
              -109.604323716842,
              40.9985324563235
            ],
            [
              -109.603850862541,
              40.9985326746337
            ],
            [
              -109.599499343355,
              40.9985342868755
            ],
            [
              -109.59908534218,
              40.9985344794224
            ],
            [
              -109.594674970766,
              40.998536095054
            ],
            [
              -109.594290813421,
              40.9985362740413
            ],
            [
              -109.593440222035,
              40.9985366157444
            ],
            [
              -109.589850523617,
              40.9985414829785
            ],
            [
              -109.589525459248,
              40.9985415589124
            ],
            [
              -109.584989568036,
              40.9985472126054
            ],
            [
              -109.584727514197,
              40.9985475075276
            ],
            [
              -109.580128722949,
              40.9985533680045
            ],
            [
              -109.579965474807,
              40.9985535185166
            ],
            [
              -109.577295944091,
              40.9985569877505
            ],
            [
              -109.575267760181,
              40.9985594976398
            ],
            [
              -109.574438675361,
              40.998560505121
            ],
            [
              -109.570406798313,
              40.9985656021891
            ],
            [
              -109.565523840296,
              40.9985717684343
            ],
            [
              -109.564122374129,
              40.9985735033898
            ],
            [
              -109.560848122717,
              40.9985777028091
            ],
            [
              -109.560640882279,
              40.9985779075595
            ],
            [
              -109.556036270846,
              40.9985836344714
            ],
            [
              -109.555757926957,
              40.998584019565
            ],
            [
              -109.55543725535,
              40.9985844148284
            ],
            [
              -109.55128623205,
              40.9985467237803
            ],
            [
              -109.550874949177,
              40.9985422735056
            ],
            [
              -109.545370330034,
              40.99849256587
            ],
            [
              -109.541724878576,
              40.9984596491258
            ],
            [
              -109.539865603992,
              40.9984427741269
            ],
            [
              -109.535999063668,
              40.9984075956048
            ],
            [
              -109.534360980357,
              40.9984692873313
            ],
            [
              -109.532167543267,
              40.9985518988174
            ],
            [
              -109.52885643847,
              40.9986738032665
            ],
            [
              -109.525402166471,
              40.9988065721113
            ],
            [
              -109.52408130883,
              40.9988563222228
            ],
            [
              -109.522616224873,
              40.9989115049376
            ],
            [
              -109.519340355595,
              40.9989503557973
            ],
            [
              -109.519306340886,
              40.9989508195343
            ],
            [
              -109.517694390466,
              40.9989699127463
            ],
            [
              -109.515673921288,
              40.9989939016285
            ],
            [
              -109.514548254084,
              40.9990077730467
            ],
            [
              -109.514531365756,
              40.9990080055929
            ],
            [
              -109.512906554156,
              40.9990279476158
            ],
            [
              -109.509756350202,
              40.9990667055242
            ],
            [
              -109.508118689999,
              40.9990868638038
            ],
            [
              -109.504972645245,
              40.9991255443882
            ],
            [
              -109.503330819553,
              40.9991457609558
            ],
            [
              -109.500189169357,
              40.999184458455
            ],
            [
              -109.498535448175,
              40.9992048119555
            ],
            [
              -109.496529813776,
              40.9992294685577
            ],
            [
              -109.495405573096,
              40.9992326326673
            ],
            [
              -109.493739841438,
              40.9992373567973
            ],
            [
              -109.490621692068,
              40.9992461948787
            ],
            [
              -109.488943949935,
              40.999250963076
            ],
            [
              -109.486218899741,
              40.9992586194456
            ],
            [
              -109.484147821277,
              40.9992645456229
            ],
            [
              -109.481433114285,
              40.9992722250421
            ],
            [
              -109.479382846193,
              40.9992779796905
            ],
            [
              -109.477710097794,
              40.9992827404278
            ],
            [
              -109.476648422078,
              40.9992951046482
            ],
            [
              -109.474618192705,
              40.9993186947632
            ],
            [
              -109.471864160165,
              40.9993507595433
            ],
            [
              -109.469858425155,
              40.9993690058504
            ],
            [
              -109.46708647392,
              40.9993943234153
            ],
            [
              -109.465105113797,
              40.999412450387
            ],
            [
              -109.462308543333,
              40.9994379557337
            ],
            [
              -109.460325278781,
              40.9994560650662
            ],
            [
              -109.458708771207,
              40.9994707587679
            ],
            [
              -109.457530353133,
              40.9994822870129
            ],
            [
              -109.455545628819,
              40.9995017360064
            ],
            [
              -109.452752696532,
              40.9995290393002
            ],
            [
              -109.450766067789,
              40.9995484706528
            ],
            [
              -109.447970040806,
              40.9995757963003
            ],
            [
              -109.445986262418,
              40.9995952737411
            ],
            [
              -109.443187139841,
              40.9996226217422
            ],
            [
              -109.441199318135,
              40.9996420517112
            ],
            [
              -109.44011543966,
              40.9996526985643
            ],
            [
              -109.439599784229,
              40.9996576979203
            ],
            [
              -109.438402205988,
              40.9996647169502
            ],
            [
              -109.436410169387,
              40.9996762607546
            ],
            [
              -109.433619270886,
              40.9996924988236
            ],
            [
              -109.431622952017,
              40.9997040812675
            ],
            [
              -109.430518719513,
              40.9997105775775
            ],
            [
              -109.428843229456,
              40.9997202657699
            ],
            [
              -109.426835730155,
              40.9997319736333
            ],
            [
              -109.424067423385,
              40.9997480177893
            ],
            [
              -109.42203602171,
              40.9997598558179
            ],
            [
              -109.420379555276,
              40.999769500613
            ],
            [
              -109.419291620008,
              40.9997755718298
            ],
            [
              -109.41723632674,
              40.999787087818
            ],
            [
              -109.4145158337,
              40.9998022980584
            ],
            [
              -109.412436638957,
              40.9998139394663
            ],
            [
              -109.409744803072,
              40.9998289815642
            ],
            [
              -109.407636948479,
              40.9998407714425
            ],
            [
              -109.405001810661,
              40.9998563959093
            ],
            [
              -109.402864803042,
              40.9998691362946
            ],
            [
              -109.401602767086,
              40.9998765905578
            ],
            [
              -109.400244844058,
              40.9998863933024
            ],
            [
              -109.398092424942,
              40.9999020740298
            ],
            [
              -109.395487879251,
              40.9999210584915
            ],
            [
              -109.393320357659,
              40.9999368002277
            ],
            [
              -109.390703206808,
              40.99995577112
            ],
            [
              -109.388548051423,
              40.9999714152206
            ],
            [
              -109.385918529873,
              40.9999905549168
            ],
            [
              -109.383814032284,
              41.0000058295171
            ],
            [
              -109.38294676098,
              41.000012129187
            ],
            [
              -109.38121944352,
              41.0000258017466
            ],
            [
              -109.379165330639,
              41.0000421495601
            ],
            [
              -109.376434799823,
              41.000063795
            ],
            [
              -109.37443134833,
              41.0000796011089
            ],
            [
              -109.370588669057,
              41.0001100967054
            ],
            [
              -109.369697120782,
              41.0001172146703
            ],
            [
              -109.365833747918,
              41.0001477997409
            ],
            [
              -109.364924362694,
              41.0001549882101
            ],
            [
              -109.364107733016,
              41.0001615041367
            ],
            [
              -109.361078768388,
              41.0001780993739
            ],
            [
              -109.360151478842,
              41.0001832837745
            ],
            [
              -109.356323652314,
              41.0002042369657
            ],
            [
              -109.355378644398,
              41.0002094905166
            ],
            [
              -109.351567463652,
              41.0002303433607
            ],
            [
              -109.350605688681,
              41.0002356782653
            ],
            [
              -109.346811152818,
              41.0002565216096
            ],
            [
              -109.345871972274,
              41.0002616910888
            ],
            [
              -109.344911507047,
              41.0002669073472
            ],
            [
              -109.342054903969,
              41.0002896205067
            ],
            [
              -109.341138498412,
              41.0002968801467
            ],
            [
              -109.337298894072,
              41.0003273003887
            ],
            [
              -109.336404844887,
              41.0003343946014
            ],
            [
              -109.332513029564,
              41.0003652527904
            ],
            [
              -109.331671305448,
              41.0003718968314
            ],
            [
              -109.327727161463,
              41.0004031861873
            ],
            [
              -109.326901015032,
              41.0004097509028
            ],
            [
              -109.325877459326,
              41.0004178559492
            ],
            [
              -109.322465656979,
              41.0004381419505
            ],
            [
              -109.321655011876,
              41.0004429127735
            ],
            [
              -109.317679786183,
              41.0004665601046
            ],
            [
              -109.316884479814,
              41.0004712509259
            ],
            [
              -109.31295075449,
              41.0004946202824
            ],
            [
              -109.312113945955,
              41.0004995714391
            ],
            [
              -109.308221839578,
              41.0005226682449
            ],
            [
              -109.307360058776,
              41.0005277590597
            ],
            [
              -109.306980836776,
              41.0005300248077
            ],
            [
              -109.303493198652,
              41.0005631371268
            ],
            [
              -109.302606364736,
              41.0005715167286
            ],
            [
              -109.298764442742,
              41.0006079137474
            ],
            [
              -109.297852749747,
              41.0006166099513
            ],
            [
              -109.293924483485,
              41.0006538225316
            ],
            [
              -109.293099011689,
              41.0006616855162
            ],
            [
              -109.289084569143,
              41.0007024105815
            ],
            [
              -109.288394901058,
              41.0007093739075
            ],
            [
              -109.287974367334,
              41.0007136660712
            ],
            [
              -109.284244643123,
              41.0007374638122
            ],
            [
              -109.283690369118,
              41.0007410102186
            ],
            [
              -109.27940474046,
              41.0007715034752
            ],
            [
              -109.274553813671,
              41.0007995899636
            ],
            [
              -109.274281377103,
              41.0008011852009
            ],
            [
              -109.269703049477,
              41.0008304465789
            ],
            [
              -109.269510164118,
              41.0008316940228
            ],
            [
              -109.26896064759,
              41.0008351509336
            ],
            [
              -109.26485230325,
              41.000883168687
            ],
            [
              -109.264739076896,
              41.0008845259591
            ],
            [
              -109.260001438445,
              41.000944691319
            ],
            [
              -109.25522670047,
              41.0009957231891
            ],
            [
              -109.255197204288,
              41.000996087252
            ],
            [
              -109.250451949021,
              41.0010515108836
            ],
            [
              -109.250422096207,
              41.0010518681666
            ],
            [
              -109.250017717786,
              41.0010566274199
            ],
            [
              -109.245677052044,
              41.0013187776779
            ],
            [
              -109.24566002358,
              41.0013197796933
            ],
            [
              -109.240902291612,
              41.0016018823518
            ],
            [
              -109.236138287607,
              41.001894771307
            ],
            [
              -109.236117683847,
              41.0018960777121
            ],
            [
              -109.232489441415,
              41.0021151269786
            ],
            [
              -109.231383422163,
              41.0021112186233
            ],
            [
              -109.23133313088,
              41.0021110776106
            ],
            [
              -109.226617304422,
              41.0020943594741
            ],
            [
              -109.226548586896,
              41.0020941127019
            ],
            [
              -109.221851072595,
              41.0020774806601
            ],
            [
              -109.221764044708,
              41.002077218973
            ],
            [
              -109.217065232342,
              41.0020427169472
            ],
            [
              -109.216941958332,
              41.002041800364
            ],
            [
              -109.21326013319,
              41.0020148581006
            ],
            [
              -109.212248095682,
              41.0019607898171
            ],
            [
              -109.212119986041,
              41.0019540279736
            ],
            [
              -109.207439392407,
              41.0017042243502
            ],
            [
              -109.207298052378,
              41.001698692959
            ],
            [
              -109.202476060325,
              41.0015081901801
            ],
            [
              -109.197821746904,
              41.001191028726
            ],
            [
              -109.197685185014,
              41.0011891629941
            ],
            [
              -109.194314151808,
              41.0011428756058
            ],
            [
              -109.193040328159,
              41.0011238087855
            ],
            [
              -109.192894381569,
              41.0011216108534
            ],
            [
              -109.188258692021,
              41.0010518837596
            ],
            [
              -109.188103483801,
              41.0010492634583
            ],
            [
              -109.183384713564,
              41.0009702875969
            ],
            [
              -109.183312695627,
              41.0009690625283
            ],
            [
              -109.178695573358,
              41.0009081609284
            ],
            [
              -109.178573897451,
              41.0009097507395
            ],
            [
              -109.178506578602,
              41.000910578526
            ],
            [
              -109.175231580689,
              41.0008753389489
            ],
            [
              -109.173916527961,
              41.0008815300624
            ],
            [
              -109.173835072325,
              41.0008819510743
            ],
            [
              -109.169137084611,
              41.000903876235
            ],
            [
              -109.16909641698,
              41.0009040403008
            ],
            [
              -109.164357639465,
              41.0009262034172
            ],
            [
              -109.159578072147,
              41.0009486010994
            ],
            [
              -109.159499589934,
              41.0009489685523
            ],
            [
              -109.159329426561,
              41.0009497637963
            ],
            [
              -109.156443542897,
              41.0009631710801
            ],
            [
              -109.154795085842,
              41.000957143362
            ],
            [
              -109.154641605082,
              41.0009565772677
            ],
            [
              -109.150012000721,
              41.0009394540976
            ],
            [
              -109.149783624722,
              41.0009385802104
            ],
            [
              -109.145229040467,
              41.0009217485575
            ],
            [
              -109.144925641666,
              41.0009208278909
            ],
            [
              -109.140445988584,
              41.0008905109725
            ],
            [
              -109.140122035432,
              41.000889066244
            ],
            [
              -109.13682693502,
              41.0008721362745
            ],
            [
              -109.13566327357,
              41.0008728623677
            ],
            [
              -109.135318584606,
              41.0008731396526
            ],
            [
              -109.130880507352,
              41.0008740196423
            ],
            [
              -109.130514894828,
              41.0008742135383
            ],
            [
              -109.126097626149,
              41.0008750664097
            ],
            [
              -109.125711085574,
              41.0008753558978
            ],
            [
              -109.121314995577,
              41.0008757389442
            ],
            [
              -109.120922984261,
              41.0008761030077
            ],
            [
              -109.117968406427,
              41.0008803090598
            ],
            [
              -109.116554493204,
              41.0008676570046
            ],
            [
              -109.116135018594,
              41.0008637723039
            ],
            [
              -109.111794203733,
              41.0008272242416
            ],
            [
              -109.111347151742,
              41.0008231408965
            ],
            [
              -109.107033803769,
              41.0007867731488
            ],
            [
              -109.106559415145,
              41.0007824023467
            ],
            [
              -109.102273435245,
              41.0007454955987
            ],
            [
              -109.101776341703,
              41.0007410014051
            ],
            [
              -109.100232271579,
              41.0007274449249
            ],
            [
              -109.097491579919,
              41.0007157365604
            ],
            [
              -109.096995615559,
              41.0007133114982
            ],
            [
              -109.092709530556,
              41.000697035037
            ],
            [
              -109.092214755566,
              41.0006946092961
            ],
            [
              -109.087927483888,
              41.0006784046941
            ],
            [
              -109.087433898267,
              41.0006759782746
            ],
            [
              -109.083145475848,
              41.0006585858814
            ],
            [
              -109.082753532805,
              41.000656659118
            ],
            [
              -109.081407334588,
              41.0006505567961
            ],
            [
              -109.078394961844,
              41.0006475608888
            ],
            [
              -109.078070989826,
              41.0006469317415
            ],
            [
              -109.076277647092,
              41.00064420973
            ],
            [
              -109.073644755063,
              41.0006424700833
            ],
            [
              -109.073389024464,
              41.0006419778839
            ],
            [
              -109.068893529592,
              41.000643832106
            ],
            [
              -109.068705922734,
              41.0006434802445
            ],
            [
              -109.064143618357,
              41.0006328593139
            ],
            [
              -109.063893806758,
              41.0006332559209
            ],
            [
              -109.06232714131,
              41.00063664708
            ],
            [
              -109.059203502336,
              41.0006453297208
            ],
            [
              -109.059107908115,
              41.0006454314149
            ],
            [
              -109.057023762757,
              41.0006503913738
            ],
            [
              -109.054337135304,
              41.0006647783712
            ],
            [
              -109.054308479945,
              41.0006648353198
            ],
            [
              -109.050037150669,
              41.0006974811347
            ],
            [
              -109.050025134803,
              40.999895249602
            ],
            [
              -109.049972639055,
              40.9964252999261
            ],
            [
              -109.049970345656,
              40.9962732146575
            ],
            [
              -109.049917084543,
              40.9927525378489
            ],
            [
              -109.049915557407,
              40.9926510871385
            ],
            [
              -109.049870764712,
              40.9896738854658
            ],
            [
              -109.049863902481,
              40.9890799040929
            ],
            [
              -109.049863438052,
              40.9890391820181
            ],
            [
              -109.049823109984,
              40.9854869235112
            ],
            [
              -109.049822482062,
              40.9854275537146
            ],
            [
              -109.049782313894,
              40.9818939417871
            ],
            [
              -109.049781406595,
              40.9818158313591
            ],
            [
              -109.049767553675,
              40.9805918337988
            ],
            [
              -109.049741523193,
              40.9783006876797
            ],
            [
              -109.049740444317,
              40.978204198762
            ],
            [
              -109.049705609447,
              40.9753122802163
            ],
            [
              -109.049701917371,
              40.9747074514612
            ],
            [
              -109.049701209498,
              40.9745943047475
            ],
            [
              -109.049678465054,
              40.9711103433247
            ],
            [
              -109.04967765657,
              40.9709844939907
            ],
            [
              -109.04965501094,
              40.9675131428452
            ],
            [
              -109.049654098252,
              40.9673746817535
            ],
            [
              -109.04963154964,
              40.9639160304811
            ],
            [
              -109.049630654019,
              40.96376486875
            ],
            [
              -109.049617511667,
              40.9616207580464
            ],
            [
              -109.049613192567,
              40.9609200771682
            ],
            [
              -109.04960962895,
              40.9603188522912
            ],
            [
              -109.049608495276,
              40.9601515627318
            ],
            [
              -109.049589700724,
              40.9567426031168
            ],
            [
              -109.049588450269,
              40.9565389211609
            ],
            [
              -109.049569780583,
              40.953165902375
            ],
            [
              -109.049568283091,
              40.9529261856738
            ],
            [
              -109.04954973288,
              40.9495892867094
            ],
            [
              -109.049548108726,
              40.9493135374478
            ],
            [
              -109.049530295134,
              40.9465325977733
            ],
            [
              -109.049529920537,
              40.9460166373152
            ],
            [
              -109.049529642059,
              40.9457758599073
            ],
            [
              -109.049529360886,
              40.9432224763354
            ],
            [
              -109.049529271055,
              40.9423335165103
            ],
            [
              -109.049529085104,
              40.9421541721886
            ],
            [
              -109.04952867637,
              40.938720923904
            ],
            [
              -109.049528514673,
              40.9385326624827
            ],
            [
              -109.049527953226,
              40.9351084166986
            ],
            [
              -109.049527823869,
              40.9349109684633
            ],
            [
              -109.049518847004,
              40.9321802535977
            ],
            [
              -109.049511309241,
              40.9314958191683
            ],
            [
              -109.049509021232,
              40.9312788774577
            ],
            [
              -109.049464616609,
              40.9278790176824
            ],
            [
              -109.049462172293,
              40.9276472105116
            ],
            [
              -109.049418042555,
              40.9242621254638
            ],
            [
              -109.049415443728,
              40.9240153636455
            ],
            [
              -109.049371464009,
              40.9206453224111
            ],
            [
              -109.049368826555,
              40.9203836966226
            ],
            [
              -109.049326330852,
              40.9173507438047
            ],
            [
              -109.049323816468,
              40.9170284083232
            ],
            [
              -109.049321919226,
              40.9167779647171
            ],
            [
              -109.04928611148,
              40.9133680639787
            ],
            [
              -109.049284619379,
              40.9131724834925
            ],
            [
              -109.049248047167,
              40.9097077111317
            ],
            [
              -109.049246965595,
              40.9095668137796
            ],
            [
              -109.049209622629,
              40.9060473504973
            ],
            [
              -109.049208946198,
              40.905961316097
            ],
            [
              -109.049178494208,
              40.9026313987175
            ],
            [
              -109.049175587259,
              40.9023869719268
            ],
            [
              -109.04917506983,
              40.9023480506265
            ],
            [
              -109.049125278909,
              40.8987348736084
            ],
            [
              -109.049125255552,
              40.8987316299885
            ],
            [
              -109.049075485292,
              40.8951216941013
            ],
            [
              -109.04907491576,
              40.895076466307
            ],
            [
              -109.049025808457,
              40.891508515536
            ],
            [
              -109.049022680523,
              40.8914210884392
            ],
            [
              -109.04889234845,
              40.8878867104208
            ],
            [
              -109.048887916163,
              40.8877669238976
            ],
            [
              -109.048896959503,
              40.8842638166889
            ],
            [
              -109.048897256845,
              40.8841324901546
            ],
            [
              -109.04890620137,
              40.8806405493884
            ],
            [
              -109.048906589443,
              40.8804980551352
            ],
            [
              -109.048915544748,
              40.8770175524047
            ],
            [
              -109.048918404085,
              40.8768636596296
            ],
            [
              -109.048979925207,
              40.8733951233377
            ],
            [
              -109.048982892343,
              40.873229432742
            ],
            [
              -109.048982764782,
              40.8732095233511
            ],
            [
              -109.048981424496,
              40.8730248432572
            ],
            [
              -109.048941768367,
              40.8697726692837
            ],
            [
              -109.048940417301,
              40.8695842957221
            ],
            [
              -109.048897677257,
              40.8661501128296
            ],
            [
              -109.048896160002,
              40.8659391271832
            ],
            [
              -109.048853702927,
              40.8625275559017
            ],
            [
              -109.048852134468,
              40.8622940501251
            ],
            [
              -109.048830528189,
              40.8589238149709
            ],
            [
              -109.048828769288,
              40.8586604007051
            ],
            [
              -109.048828140467,
              40.8585282468002
            ],
            [
              -109.048805846977,
              40.855306535547
            ],
            [
              -109.048804313553,
              40.8549909694985
            ],
            [
              -109.048781151391,
              40.851689613746
            ],
            [
              -109.048779360151,
              40.8513221585839
            ],
            [
              -109.04875681064,
              40.8480725155541
            ],
            [
              -109.048754651989,
              40.8476528998779
            ],
            [
              -109.048731059534,
              40.8445033126806
            ],
            [
              -109.048729571924,
              40.8441942326156
            ],
            [
              -109.048728103179,
              40.8440421575184
            ],
            [
              -109.048727614495,
              40.8439860312255
            ],
            [
              -109.048699414582,
              40.8409246403457
            ],
            [
              -109.048694283405,
              40.8403596790014
            ],
            [
              -109.048666466174,
              40.8373457632282
            ],
            [
              -109.04866152544,
              40.8367985501665
            ],
            [
              -109.048660947823,
              40.8367333247863
            ],
            [
              -109.048660600175,
              40.8367007107127
            ],
            [
              -109.048649729662,
              40.8355146592983
            ],
            [
              -109.048633931889,
              40.8338051746661
            ],
            [
              -109.048633626462,
              40.8337670667052
            ],
            [
              -109.048630163457,
              40.833395889481
            ],
            [
              -109.048628248248,
              40.8331821936213
            ],
            [
              -109.048627605953,
              40.8331070583339
            ],
            [
              -109.048622882611,
              40.8326009238314
            ],
            [
              -109.048619564235,
              40.8322005637019
            ],
            [
              -109.04860136796,
              40.8300430830408
            ],
            [
              -109.048599223682,
              40.8297886682582
            ],
            [
              -109.048599053002,
              40.8297742528618
            ],
            [
              -109.048596630245,
              40.8294808300756
            ],
            [
              -109.04858743509,
              40.8284033484766
            ],
            [
              -109.048569934112,
              40.8263191111359
            ],
            [
              -109.048565670707,
              40.8258174880182
            ],
            [
              -109.048539834262,
              40.8227072161428
            ],
            [
              -109.048535186378,
              40.8221539721395
            ],
            [
              -109.04852239347,
              40.8206167630771
            ],
            [
              -109.048509727225,
              40.8190954092895
            ],
            [
              -109.048504694863,
              40.8184905435031
            ],
            [
              -109.048479995684,
              40.8155151342169
            ],
            [
              -109.04847420155,
              40.8148270233554
            ],
            [
              -109.04847237797,
              40.8146061222168
            ],
            [
              -109.048480637081,
              40.8119258224826
            ],
            [
              -109.048477845117,
              40.8112283039408
            ],
            [
              -109.048477665454,
              40.8111899280413
            ],
            [
              -109.048488323965,
              40.8083345562164
            ],
            [
              -109.048485422406,
              40.8076285679612
            ],
            [
              -109.04849660194,
              40.8047430275856
            ],
            [
              -109.048493233258,
              40.8040286537005
            ],
            [
              -109.048495840169,
              40.8011562985654
            ],
            [
              -109.048492587369,
              40.8004339094896
            ],
            [
              -109.048500052369,
              40.7975654178548
            ],
            [
              -109.048496958571,
              40.7967889846629
            ],
            [
              -109.048496395328,
              40.7966908801268
            ],
            [
              -109.048558175165,
              40.7939749066803
            ],
            [
              -109.048572164629,
              40.7931452559241
            ],
            [
              -109.048635366499,
              40.7903843557053
            ],
            [
              -109.048649004721,
              40.7895018230179
            ],
            [
              -109.048697957514,
              40.7867616684127
            ],
            [
              -109.048711708027,
              40.7858670663429
            ],
            [
              -109.04876585937,
              40.7831270882486
            ],
            [
              -109.048779183182,
              40.7822874261042
            ],
            [
              -109.048779854224,
              40.782224022437
            ],
            [
              -109.048822404724,
              40.7794913228432
            ],
            [
              -109.048833177321,
              40.7785808161157
            ],
            [
              -109.048873254759,
              40.7759686874975
            ],
            [
              -109.048930122608,
              40.7751025571955
            ],
            [
              -109.048911222054,
              40.7715010927162
            ],
            [
              -109.048947474466,
              40.7678690309362
            ],
            [
              -109.048948076337,
              40.7678120217231
            ],
            [
              -109.048963390816,
              40.7642230213801
            ],
            [
              -109.048972185323,
              40.7614964997806
            ],
            [
              -109.04897323186,
              40.7605818619033
            ],
            [
              -109.0489784897,
              40.7593774231301
            ],
            [
              -109.048989023345,
              40.756935396096
            ],
            [
              -109.04898529354,
              40.7533242686097
            ],
            [
              -109.048985238742,
              40.7532856244677
            ],
            [
              -109.0489813688,
              40.7496344976075
            ],
            [
              -109.048979192182,
              40.7469663355348
            ],
            [
              -109.048978908314,
              40.74598753682
            ],
            [
              -109.048978490598,
              40.745604786077
            ],
            [
              -109.048974903625,
              40.7423364046671
            ],
            [
              -109.048973724137,
              40.7387626046474
            ],
            [
              -109.048973801392,
              40.7386991907596
            ],
            [
              -109.048972585972,
              40.7350615227116
            ],
            [
              -109.04897193649,
              40.7324254481407
            ],
            [
              -109.048971865523,
              40.7317794921679
            ],
            [
              -109.048971775691,
              40.7314299851113
            ],
            [
              -109.048970544999,
              40.7277923130765
            ],
            [
              -109.048983255262,
              40.7242283787018
            ],
            [
              -109.048983302873,
              40.724153794747
            ],
            [
              -109.048996550328,
              40.7205143810002
            ],
            [
              -109.04900295891,
              40.7180614601849
            ],
            [
              -109.049003426932,
              40.7178832920908
            ],
            [
              -109.049004485147,
              40.7168822626048
            ],
            [
              -109.04901238044,
              40.7142606478203
            ],
            [
              -109.049013505131,
              40.7132572766923
            ],
            [
              -109.049022349045,
              40.7106354061309
            ],
            [
              -109.049023442295,
              40.7097222028225
            ],
            [
              -109.049023484516,
              40.7096802266818
            ],
            [
              -109.049032676078,
              40.7070097178249
            ],
            [
              -109.049033701954,
              40.7061028190314
            ],
            [
              -109.049039301153,
              40.7044918484811
            ],
            [
              -109.049043236672,
              40.703383851864
            ],
            [
              -109.049043811594,
              40.7025247765439
            ],
            [
              -109.049049426064,
              40.6997492618066
            ],
            [
              -109.049049884205,
              40.6989387369526
            ],
            [
              -109.049051919788,
              40.69612343512
            ],
            [
              -109.04905210484,
              40.6953100225927
            ],
            [
              -109.049052101247,
              40.6952412023366
            ],
            [
              -109.049054023642,
              40.6924985008825
            ],
            [
              -109.049054194322,
              40.6916814845203
            ],
            [
              -109.049054683904,
              40.690975180963
            ],
            [
              -109.049056243379,
              40.6888733864529
            ],
            [
              -109.049058175655,
              40.6880527059267
            ],
            [
              -109.049076044044,
              40.6855945614268
            ],
            [
              -109.049080131379,
              40.6844240492087
            ],
            [
              -109.049089343602,
              40.6819784580575
            ],
            [
              -109.049091368405,
              40.6807974607249
            ],
            [
              -109.049091482491,
              40.6807448560365
            ],
            [
              -109.049095998322,
              40.6783586370419
            ],
            [
              -109.049097334117,
              40.6775703741783
            ],
            [
              -109.049098024921,
              40.6771652982831
            ],
            [
              -109.049102687178,
              40.6747373740395
            ],
            [
              -109.049104670658,
              40.6735332240921
            ],
            [
              -109.049109248472,
              40.6711161057951
            ],
            [
              -109.049111308309,
              40.6699011469014
            ],
            [
              -109.049113725676,
              40.6674929994423
            ],
            [
              -109.049114765925,
              40.666276401211
            ],
            [
              -109.049114906062,
              40.6662147886868
            ],
            [
              -109.049090088306,
              40.665588946342
            ],
            [
              -109.049022137043,
              40.6638740320716
            ],
            [
              -109.048974713182,
              40.6626561637446
            ],
            [
              -109.048879549254,
              40.660255731724
            ],
            [
              -109.048832062512,
              40.6590360602843
            ],
            [
              -109.04873708723,
              40.65663743205
            ],
            [
              -109.048689600487,
              40.6554178498374
            ],
            [
              -109.048623164682,
              40.6537243067674
            ],
            [
              -109.048597154861,
              40.653017821152
            ],
            [
              -109.048550609553,
              40.6517741131775
            ],
            [
              -109.048514041833,
              40.6501109805529
            ],
            [
              -109.048497841615,
              40.6493966432671
            ],
            [
              -109.048436381578,
              40.6464976440642
            ],
            [
              -109.048419944205,
              40.6457751952564
            ],
            [
              -109.048358721324,
              40.6428843048331
            ],
            [
              -109.048342168966,
              40.6421536563818
            ],
            [
              -109.048281062866,
              40.6392709642579
            ],
            [
              -109.048264625493,
              40.6385323000146
            ],
            [
              -109.048251456191,
              40.6379655639267
            ],
            [
              -109.048210867611,
              40.6356490097623
            ],
            [
              -109.048198072907,
              40.6349111275836
            ],
            [
              -109.048147406128,
              40.6320272575814
            ],
            [
              -109.048134585372,
              40.6312902748221
            ],
            [
              -109.04808394734,
              40.6284054125753
            ],
            [
              -109.048071215517,
              40.6276694227434
            ],
            [
              -109.04802048406,
              40.6247836561268
            ],
            [
              -109.048008902081,
              40.6240528198012
            ],
            [
              -109.048000505528,
              40.6235657943251
            ],
            [
              -109.047960852993,
              40.6211520537446
            ],
            [
              -109.047948811975,
              40.6204329192524
            ],
            [
              -109.047901202163,
              40.6175170258637
            ],
            [
              -109.047889411775,
              40.616813659213
            ],
            [
              -109.047841435451,
              40.6138819038387
            ],
            [
              -109.047830007084,
              40.6131944874593
            ],
            [
              -109.047781779231,
              40.6102469618385
            ],
            [
              -109.047775134393,
              40.6095738587033
            ],
            [
              -109.047766788145,
              40.6091134964377
            ],
            [
              -109.047825608034,
              40.6066178209521
            ],
            [
              -109.047844138481,
              40.6059609075088
            ],
            [
              -109.047910709932,
              40.6029873944582
            ],
            [
              -109.047928784036,
              40.6023460565722
            ],
            [
              -109.047995793864,
              40.59935696516
            ],
            [
              -109.048013419708,
              40.598730933059
            ],
            [
              -109.048083249349,
              40.5955388458675
            ],
            [
              -109.048095694609,
              40.5951151372411
            ],
            [
              -109.0480980985,
              40.5945897368887
            ],
            [
              -109.048098771338,
              40.5945665980026
            ],
            [
              -109.048092265739,
              40.5917802027131
            ],
            [
              -109.048100113421,
              40.5914941491072
            ],
            [
              -109.048070329778,
              40.5881591281202
            ],
            [
              -109.048078296038,
              40.5878730767611
            ],
            [
              -109.048048505208,
              40.5845381433012
            ],
            [
              -109.048056353789,
              40.5842519993631
            ],
            [
              -109.048026677045,
              40.5809170668254
            ],
            [
              -109.048034522931,
              40.5806310124647
            ],
            [
              -109.048037538575,
              40.5805313440575
            ],
            [
              -109.048051734652,
              40.5800878459884
            ],
            [
              -109.048063630143,
              40.5797112383695
            ],
            [
              -109.048184953012,
              40.5772979510617
            ],
            [
              -109.048194464374,
              40.5770032774278
            ],
            [
              -109.048387206901,
              40.573680927372
            ],
            [
              -109.048397086573,
              40.5733776117089
            ],
            [
              -109.048589079905,
              40.57006380504
            ],
            [
              -109.04859920302,
              40.5697520258789
            ],
            [
              -109.048790451649,
              40.566446672116
            ],
            [
              -109.048800823598,
              40.5661262483873
            ],
            [
              -109.048816887272,
              40.5656139588009
            ],
            [
              -109.048922238993,
              40.5628289908675
            ],
            [
              -109.048932202208,
              40.5625022549242
            ],
            [
              -109.049061528168,
              40.5592125152175
            ],
            [
              -109.049071793217,
              40.5588793885827
            ],
            [
              -109.049200794885,
              40.5555960373404
            ],
            [
              -109.049211240495,
              40.555256608054
            ],
            [
              -109.049339923261,
              40.5519794644438
            ],
            [
              -109.04935066801,
              40.5516337338748
            ],
            [
              -109.049365613281,
              40.5511433139635
            ],
            [
              -109.049458667067,
              40.5483646170197
            ],
            [
              -109.049469437867,
              40.5480097885893
            ],
            [
              -109.049580641214,
              40.544751713824
            ],
            [
              -109.049591670729,
              40.5443878814488
            ],
            [
              -109.049702593802,
              40.541138807563
            ],
            [
              -109.049708344817,
              40.5409527967301
            ],
            [
              -109.049714236867,
              40.5407659771005
            ],
            [
              -109.049716718912,
              40.5406844957233
            ],
            [
              -109.049767206926,
              40.5392290919373
            ],
            [
              -109.049798055971,
              40.5382755603236
            ],
            [
              -109.049834841982,
              40.5371539468251
            ],
            [
              -109.049848712868,
              40.5366961172624
            ],
            [
              -109.049955431826,
              40.5335417340912
            ],
            [
              -109.049955810915,
              40.533528678685
            ],
            [
              -109.05007978022,
              40.5299294918472
            ],
            [
              -109.050080579721,
              40.5299059939882
            ],
            [
              -109.050131915745,
              40.5282942205669
            ],
            [
              -109.050133281184,
              40.527159936407
            ],
            [
              -109.050143429452,
              40.5263172146613
            ],
            [
              -109.050143950474,
              40.526274794688
            ],
            [
              -109.050188762034,
              40.5227050760077
            ],
            [
              -109.050189394448,
              40.5226506771799
            ],
            [
              -109.050237445333,
              40.5190787584742
            ],
            [
              -109.050237916948,
              40.5190380493406
            ],
            [
              -109.050286116953,
              40.5154523492623
            ],
            [
              -109.050286430465,
              40.5154252397893
            ],
            [
              -109.050311595869,
              40.5134488199968
            ],
            [
              -109.050331993915,
              40.5118201251554
            ],
            [
              -109.050332152018,
              40.5118065259762
            ],
            [
              -109.050380749977,
              40.5081939838033
            ],
            [
              -109.050421399642,
              40.5050102752637
            ],
            [
              -109.050468033883,
              40.5013954441536
            ],
            [
              -109.050498228056,
              40.4989917559902
            ],
            [
              -109.050512976597,
              40.4977774289641
            ],
            [
              -109.05055958838,
              40.4941625032076
            ],
            [
              -109.050565559482,
              40.4936628288402
            ],
            [
              -109.050605917194,
              40.4905446882229
            ],
            [
              -109.050653377886,
              40.4869280610197
            ],
            [
              -109.050683913419,
              40.4845236523052
            ],
            [
              -109.050698770655,
              40.4833090545552
            ],
            [
              -109.050746206194,
              40.4796924228191
            ],
            [
              -109.050753176222,
              40.4791131316439
            ],
            [
              -109.050794193298,
              40.4760685019247
            ],
            [
              -109.050800923476,
              40.4755096542079
            ],
            [
              -109.050842278318,
              40.4724448501088
            ],
            [
              -109.050848774036,
              40.4719062676493
            ],
            [
              -109.050872517408,
              40.4700535835757
            ],
            [
              -109.050890674156,
              40.4688181392846
            ],
            [
              -109.050898232581,
              40.4682998426969
            ],
            [
              -109.050901971369,
              40.4680482151924
            ],
            [
              -109.050944749143,
              40.465190350964
            ],
            [
              -109.050951953631,
              40.464692406674
            ],
            [
              -109.050998879825,
              40.4615520222886
            ],
            [
              -109.051006017839,
              40.4610603821085
            ],
            [
              -109.051052996135,
              40.457913690664
            ],
            [
              -109.051060065876,
              40.4574284448217
            ],
            [
              -109.051080935537,
              40.4559965743532
            ],
            [
              -109.051098643128,
              40.4542823310662
            ],
            [
              -109.051103759033,
              40.453795250312
            ],
            [
              -109.051138714277,
              40.4506516857435
            ],
            [
              -109.051143762809,
              40.4501628020177
            ],
            [
              -109.051183223105,
              40.4470343553939
            ],
            [
              -109.051188581555,
              40.4465346665855
            ],
            [
              -109.05122783434,
              40.4434171147483
            ],
            [
              -109.051231525518,
              40.4430730612298
            ],
            [
              -109.051233152367,
              40.442906525352
            ],
            [
              -109.051248909715,
              40.4415325785331
            ],
            [
              -109.051207960911,
              40.4398032886746
            ],
            [
              -109.051193769326,
              40.439282371173
            ],
            [
              -109.051132468291,
              40.4362005943754
            ],
            [
              -109.051118229994,
              40.4356690455371
            ],
            [
              -109.051037735555,
              40.432570188005
            ],
            [
              -109.051023336459,
              40.4320564727407
            ],
            [
              -109.050942572525,
              40.4289384211021
            ],
            [
              -109.050932825804,
              40.4285942298928
            ],
            [
              -109.0509285624,
              40.4284438993792
            ],
            [
              -109.050877251529,
              40.4266490320426
            ],
            [
              -109.050879763219,
              40.4253129627954
            ],
            [
              -109.050880648958,
              40.4248373399403
            ],
            [
              -109.050886607483,
              40.4216836332034
            ],
            [
              -109.050887642342,
              40.4212272900993
            ],
            [
              -109.050896063149,
              40.4183595469355
            ],
            [
              -109.050897610947,
              40.4176526904965
            ],
            [
              -109.050906254536,
              40.4147198195611
            ],
            [
              -109.050907634349,
              40.4140799822507
            ],
            [
              -109.050912737678,
              40.4121106702989
            ],
            [
              -109.050907275023,
              40.4110872331271
            ],
            [
              -109.050904125529,
              40.4105144304043
            ],
            [
              -109.050890107319,
              40.4074475809272
            ],
            [
              -109.050887157252,
              40.4069413534058
            ],
            [
              -109.050873733726,
              40.4038046973913
            ],
            [
              -109.050870859118,
              40.4032876608749
            ],
            [
              -109.050857467033,
              40.4001619936368
            ],
            [
              -109.050854552,
              40.3996340559744
            ],
            [
              -109.050844491767,
              40.3975077385453
            ],
            [
              -109.050846873201,
              40.3965347882359
            ],
            [
              -109.05084859078,
              40.3959973796006
            ],
            [
              -109.050844605853,
              40.3929332142841
            ],
            [
              -109.050846521062,
              40.3923848184114
            ],
            [
              -109.050849143244,
              40.3893201322308
            ],
            [
              -109.050851180623,
              40.3887266068497
            ],
            [
              -109.05085390701,
              40.3857070527108
            ],
            [
              -109.050856184239,
              40.3850683984286
            ],
            [
              -109.05086011347,
              40.3829669953142
            ],
            [
              -109.050862898247,
              40.382090078081
            ],
            [
              -109.05086518446,
              40.3814061120769
            ],
            [
              -109.050867550622,
              40.3784761816566
            ],
            [
              -109.050869715562,
              40.3777473514147
            ],
            [
              -109.05086999404,
              40.3751960957097
            ],
            [
              -109.050871254376,
              40.3748622672532
            ],
            [
              -109.050873364519,
              40.3741352368054
            ],
            [
              -109.050872160776,
              40.3712510957469
            ],
            [
              -109.050874335598,
              40.3705258680605
            ],
            [
              -109.050875989396,
              40.3684291965145
            ],
            [
              -109.050877653974,
              40.3676317126231
            ],
            [
              -109.050879136195,
              40.3669059319756
            ],
            [
              -109.050889456939,
              40.3639851376865
            ],
            [
              -109.050890519646,
              40.3632616018653
            ],
            [
              -109.050895481939,
              40.3603508049673
            ],
            [
              -109.050896632681,
              40.3596323153744
            ],
            [
              -109.050901612941,
              40.3567165624544
            ],
            [
              -109.050902734039,
              40.3560031162189
            ],
            [
              -109.05090601289,
              40.3539025036761
            ],
            [
              -109.050904786689,
              40.3530865922854
            ],
            [
              -109.050903765305,
              40.3523779736736
            ],
            [
              -109.050899720191,
              40.3494521567621
            ],
            [
              -109.050898880266,
              40.3487494862954
            ],
            [
              -109.050899972618,
              40.3458331231065
            ],
            [
              -109.050899152456,
              40.3451010855178
            ],
            [
              -109.050900217858,
              40.3422140869778
            ],
            [
              -109.050899414764,
              40.3414527722285
            ],
            [
              -109.050899158744,
              40.3392820994272
            ],
            [
              -109.050898482313,
              40.3385940247469
            ],
            [
              -109.050897586692,
              40.3378031605783
            ],
            [
              -109.05089717706,
              40.3357849069218
            ],
            [
              -109.050897816661,
              40.3341513293767
            ],
            [
              -109.05090134704,
              40.3315420073684
            ],
            [
              -109.050901195225,
              40.3314695770721
            ],
            [
              -109.050909683406,
              40.3279311177115
            ],
            [
              -109.050909504641,
              40.32783508484
            ],
            [
              -109.05091505623,
              40.3247869933211
            ],
            [
              -109.050916046173,
              40.3243230756866
            ],
            [
              -109.050916189903,
              40.3242035363335
            ],
            [
              -109.050919442703,
              40.320691019063
            ],
            [
              -109.050919640332,
              40.3205695884114
            ],
            [
              -109.050922833843,
              40.3170588697689
            ],
            [
              -109.050922963201,
              40.316935726387
            ],
            [
              -109.050926214204,
              40.3134268086598
            ],
            [
              -109.050926394765,
              40.313301864687
            ],
            [
              -109.05092938346,
              40.3103214667974
            ],
            [
              -109.050930373403,
              40.3097960194954
            ],
            [
              -109.050930605169,
              40.3096692747415
            ],
            [
              -109.05093741889,
              40.3061341083564
            ],
            [
              -109.050937656944,
              40.3060276323209
            ],
            [
              -109.050944573971,
              40.3024721966734
            ],
            [
              -109.050944694346,
              40.3023861676178
            ],
            [
              -109.050956234104,
              40.2988128811203
            ],
            [
              -109.050956359868,
              40.2987471210697
            ],
            [
              -109.050965117544,
              40.2958351881343
            ],
            [
              -109.050966032029,
              40.2951525410545
            ],
            [
              -109.050966037419,
              40.2951073187281
            ],
            [
              -109.050977993097,
              40.2914943974846
            ],
            [
              -109.050978041606,
              40.2914804351044
            ],
            [
              -109.050989814027,
              40.2878817428781
            ],
            [
              -109.050989920927,
              40.2878084153605
            ],
            [
              -109.051001390617,
              40.2842690815611
            ],
            [
              -109.05100155411,
              40.2841364791324
            ],
            [
              -109.051009381131,
              40.2813501027494
            ],
            [
              -109.051009385623,
              40.2806579795073
            ],
            [
              -109.051009254469,
              40.2804660060089
            ],
            [
              -109.051016289176,
              40.2770272185836
            ],
            [
              -109.051016258633,
              40.2769136211193
            ],
            [
              -109.051023651768,
              40.2733965539778
            ],
            [
              -109.05102360775,
              40.2733612394383
            ],
            [
              -109.051031185938,
              40.2698087698385
            ],
            [
              -109.051031131141,
              40.2697656183543
            ],
            [
              -109.051035889517,
              40.2668763062691
            ],
            [
              -109.051031682706,
              40.2662568998542
            ],
            [
              -109.05103081673,
              40.2661355406574
            ],
            [
              -109.051011135541,
              40.2624916212681
            ],
            [
              -109.051011076252,
              40.2624854949826
            ],
            [
              -109.050991547776,
              40.2588647282554
            ],
            [
              -109.050990461713,
              40.2587264292546
            ],
            [
              -109.050971426412,
              40.2552439494295
            ],
            [
              -109.050969433949,
              40.2549610482673
            ],
            [
              -109.050954132944,
              40.2523888530746
            ],
            [
              -109.050957304896,
              40.2516228198485
            ],
            [
              -109.050959107814,
              40.2511953953553
            ],
            [
              -109.050966115572,
              40.2492181382639
            ],
            [
              -109.05097051013,
              40.2480079141279
            ],
            [
              -109.050971740822,
              40.2476454305413
            ],
            [
              -109.050978912073,
              40.2455967376795
            ],
            [
              -109.050983339869,
              40.2443934502734
            ],
            [
              -109.050991815474,
              40.2419754272254
            ],
            [
              -109.050996166015,
              40.2407788043888
            ],
            [
              -109.051004591314,
              40.2383541123189
            ],
            [
              -109.051005730378,
              40.2380480206871
            ],
            [
              -109.05100227905,
              40.2371643131847
            ],
            [
              -109.050993005742,
              40.2347335569512
            ],
            [
              -109.050988359655,
              40.2335307451089
            ],
            [
              -109.05097917528,
              40.2311131413028
            ],
            [
              -109.050975379897,
              40.2298970101796
            ],
            [
              -109.050969563306,
              40.2274929744816
            ],
            [
              -109.050965726601,
              40.2262617984056
            ],
            [
              -109.05096006452,
              40.2238727184199
            ],
            [
              -109.050959053916,
              40.2236210011721
            ],
            [
              -109.050960410372,
              40.2226267475154
            ],
            [
              -109.050965159765,
              40.2202514443966
            ],
            [
              -109.050966742596,
              40.2190196373441
            ],
            [
              -109.050971431802,
              40.2166298279555
            ],
            [
              -109.050973420672,
              40.2154124407682
            ],
            [
              -109.050979288467,
              40.2130018398401
            ],
            [
              -109.050981145285,
              40.2118053498914
            ],
            [
              -109.050987015775,
              40.2093739380802
            ],
            [
              -109.050987287067,
              40.2091348545396
            ],
            [
              -109.050980515566,
              40.2081983867188
            ],
            [
              -109.050966848597,
              40.2057474557618
            ],
            [
              -109.050958879642,
              40.2045780045919
            ],
            [
              -109.050945258488,
              40.2021212185308
            ],
            [
              -109.050937015547,
              40.2009571670056
            ],
            [
              -109.05092219065,
              40.1984930616748
            ],
            [
              -109.050914043828,
              40.1973337859474
            ],
            [
              -109.050899237796,
              40.1948648149673
            ],
            [
              -109.050897126755,
              40.1946021784471
            ],
            [
              -109.050899748039,
              40.1937108199104
            ],
            [
              -109.050908303594,
              40.1912380972182
            ],
            [
              -109.050911559088,
              40.1900825252512
            ],
            [
              -109.050920173932,
              40.1876116041372
            ],
            [
              -109.050923141067,
              40.1864536844292
            ],
            [
              -109.050930544083,
              40.1839879663519
            ],
            [
              -109.050933600152,
              40.1828227511502
            ],
            [
              -109.050941022931,
              40.1803643285427
            ],
            [
              -109.050941781109,
              40.180038319064
            ],
            [
              -109.050944863229,
              40.1791920991645
            ],
            [
              -109.05095270642,
              40.1767434121821
            ],
            [
              -109.050956493717,
              40.1755688387304
            ],
            [
              -109.05096437284,
              40.1731227631687
            ],
            [
              -109.050967775659,
              40.1719451191839
            ],
            [
              -109.05097333623,
              40.169493688527
            ],
            [
              -109.050976749828,
              40.1683196479011
            ],
            [
              -109.050982408316,
              40.1658646141076
            ],
            [
              -109.050983340768,
              40.1655693255707
            ],
            [
              -109.050982424486,
              40.1646942987455
            ],
            [
              -109.050982020244,
              40.1622293421183
            ],
            [
              -109.050981510899,
              40.1610609096937
            ],
            [
              -109.051016813792,
              40.158562409568
            ],
            [
              -109.05098024158,
              40.1574273316809
            ],
            [
              -109.050978408118,
              40.155085857098
            ],
            [
              -109.050977457701,
              40.1537930964528
            ],
            [
              -109.050975685325,
              40.1514616207806
            ],
            [
              -109.050975244252,
              40.1510213589108
            ],
            [
              -109.050974543566,
              40.1501590361395
            ],
            [
              -109.05097378449,
              40.1478371258214
            ],
            [
              -109.050973014633,
              40.1465378803013
            ],
            [
              -109.050972238489,
              40.1442122747035
            ],
            [
              -109.050971479413,
              40.1429166316751
            ],
            [
              -109.050970473299,
              40.1405866066089
            ],
            [
              -109.05096971063,
              40.1392951076075
            ],
            [
              -109.050968692838,
              40.136961207221
            ],
            [
              -109.050968397293,
              40.136552657129
            ],
            [
              -109.050966750681,
              40.1356739206974
            ],
            [
              -109.050963744918,
              40.1333354818457
            ],
            [
              -109.05096179737,
              40.1320606267047
            ],
            [
              -109.050958792506,
              40.1297096639919
            ],
            [
              -109.050956713804,
              40.1284475087541
            ],
            [
              -109.050953353207,
              40.1260841967155
            ],
            [
              -109.050951278997,
              40.1248341121875
            ],
            [
              -109.050947909416,
              40.1224586370485
            ],
            [
              -109.050947211425,
              40.1220763849722
            ],
            [
              -109.050946411026,
              40.1212211740672
            ],
            [
              -109.050944991688,
              40.1188347394826
            ],
            [
              -109.050944021508,
              40.1175869246487
            ],
            [
              -109.050942648882,
              40.1152110300444
            ],
            [
              -109.050941502631,
              40.1139528512766
            ],
            [
              -109.050940126412,
              40.1121356771846
            ],
            [
              -109.050939560474,
              40.1115884768154
            ],
            [
              -109.050938504055,
              40.1103188578294
            ],
            [
              -109.050936941885,
              40.1079656591751
            ],
            [
              -109.050936380438,
              40.1075127806059
            ],
            [
              -109.050926815177,
              40.1066848962602
            ],
            [
              -109.050900876323,
              40.1043429976194
            ],
            [
              -109.050886373921,
              40.1030716197519
            ],
            [
              -109.050860352422,
              40.1007201685686
            ],
            [
              -109.050845918292,
              40.0994587010483
            ],
            [
              -109.050819565315,
              40.0970982343954
            ],
            [
              -109.050805198558,
              40.0958466762435
            ],
            [
              -109.050778655138,
              40.0934763857488
            ],
            [
              -109.050773197873,
              40.0930100004895
            ],
            [
              -109.050774793281,
              40.0922348239346
            ],
            [
              -109.050779239043,
              40.0898554143812
            ],
            [
              -109.050781431831,
              40.0886029622368
            ],
            [
              -109.050785897356,
              40.0862349933226
            ],
            [
              -109.050788286875,
              40.0849714634536
            ],
            [
              -109.050792878164,
              40.0826152958994
            ],
            [
              -109.050795226361,
              40.0813407744423
            ],
            [
              -109.050799853583,
              40.0789955070618
            ],
            [
              -109.050800792322,
              40.0784939137331
            ],
            [
              -109.050804390075,
              40.0777099406167
            ],
            [
              -109.050815627101,
              40.075375323004
            ],
            [
              -109.050821753611,
              40.0740750080508
            ],
            [
              -109.05083290889,
              40.071755343133
            ],
            [
              -109.050839755849,
              40.0704419767788
            ],
            [
              -109.050850168222,
              40.0684771542907
            ],
            [
              -109.050858911524,
              40.0668175211537
            ],
            [
              -109.050869468525,
              40.0648556727218
            ],
            [
              -109.050874058018,
              40.063950275857
            ],
            [
              -109.050882459961,
              40.063190795013
            ],
            [
              -109.050904530669,
              40.0612320226623
            ],
            [
              -109.050923096151,
              40.0595812013412
            ],
            [
              -109.050945253996,
              40.0576108971435
            ],
            [
              -109.050963490695,
              40.0559590784164
            ],
            [
              -109.050985508402,
              40.0539729157661
            ],
            [
              -109.051003907696,
              40.0523192973668
            ],
            [
              -109.051025869708,
              40.0503348440153
            ],
            [
              -109.051036376404,
              40.0493777443031
            ],
            [
              -109.051029103643,
              40.0486825910579
            ],
            [
              -109.051009735966,
              40.0467003245452
            ],
            [
              -109.050993057844,
              40.0450268347955
            ],
            [
              -109.050973873423,
              40.0430627675848
            ],
            [
              -109.050957286031,
              40.0413695489725
            ],
            [
              -109.050938585802,
              40.0394295426327
            ],
            [
              -109.05092191846,
              40.0377102863286
            ],
            [
              -109.050903409572,
              40.0357964081372
            ],
            [
              -109.050893591884,
              40.0348324773761
            ],
            [
              -109.050897444758,
              40.0340551687439
            ],
            [
              -109.050908356594,
              40.0322398007419
            ],
            [
              -109.050914809193,
              40.0310665974435
            ],
            [
              -109.050923754616,
              40.030427300185
            ],
            [
              -109.050949468891,
              40.0287133493834
            ],
            [
              -109.050956223324,
              40.0282414888795
            ],
            [
              -109.050977957164,
              40.0268318798976
            ],
            [
              -109.050999842819,
              40.0251863304846
            ],
            [
              -109.051026946788,
              40.023143307931
            ],
            [
              -109.051043384161,
              40.0219154071632
            ],
            [
              -109.051047651159,
              40.0216049436287
            ],
            [
              -109.051076532893,
              40.0196021291956
            ],
            [
              -109.051095160359,
              40.0181241786817
            ],
            [
              -109.051122576043,
              40.0158597212826
            ],
            [
              -109.051141025643,
              40.0143919464835
            ],
            [
              -109.051170911694,
              40.0121762674437
            ],
            [
              -109.051190195828,
              40.0107530996429
            ],
            [
              -109.051189812247,
              40.0107089494105
            ],
            [
              -109.051170083447,
              40.0085197313971
            ],
            [
              -109.051156584463,
              40.0070257425898
            ],
            [
              -109.051143059428,
              40.0055326534528
            ],
            [
              -109.051136769425,
              40.0048683226174
            ],
            [
              -109.051121122569,
              40.00335916215
            ],
            [
              -109.051116609433,
              40.0028835969374
            ],
            [
              -109.051098930588,
              40.0012317006551
            ],
            [
              -109.051082609996,
              39.9996967621289
            ],
            [
              -109.051061410654,
              39.9975919285987
            ],
            [
              -109.05104653096,
              39.9960639504934
            ],
            [
              -109.05102528221,
              39.9939525385639
            ],
            [
              -109.051010327955,
              39.9924312250188
            ],
            [
              -109.050989028002,
              39.9903133248612
            ],
            [
              -109.050974240834,
              39.9887984088706
            ],
            [
              -109.050969846275,
              39.9883309532769
            ],
            [
              -109.050953223849,
              39.9866787104651
            ],
            [
              -109.050938011778,
              39.9851704536917
            ],
            [
              -109.050914975381,
              39.9830475672999
            ],
            [
              -109.050901549161,
              39.9815011413097
            ],
            [
              -109.050883780485,
              39.9793905946642
            ],
            [
              -109.050870764794,
              39.9778914713998
            ],
            [
              -109.050852697877,
              39.9757336218101
            ],
            [
              -109.050840069361,
              39.974282612443
            ],
            [
              -109.050835180729,
              39.9737541563366
            ],
            [
              -109.050824167384,
              39.9721267795946
            ],
            [
              -109.050814229322,
              39.9706758141295
            ],
            [
              -109.050799377475,
              39.9685653131809
            ],
            [
              -109.050798906758,
              39.9685200802529
            ],
            [
              -109.050783835723,
              39.9670930820517
            ],
            [
              -109.05076215129,
              39.9648727355411
            ],
            [
              -109.050747679431,
              39.9635111515989
            ],
            [
              -109.050725510806,
              39.9612253008945
            ],
            [
              -109.05071163992,
              39.9599290410538
            ],
            [
              -109.050703835357,
              39.9592476530875
            ],
            [
              -109.050698562246,
              39.9575991979543
            ],
            [
              -109.050694173976,
              39.9563482315773
            ],
            [
              -109.050686766468,
              39.9539752398836
            ],
            [
              -109.050680885198,
              39.9526737075255
            ],
            [
              -109.050671010916,
              39.9503379703182
            ],
            [
              -109.050665048798,
              39.9489979675226
            ],
            [
              -109.050655249076,
              39.9467006980994
            ],
            [
              -109.050649094718,
              39.9453220437702
            ],
            [
              -109.050646296466,
              39.944723891291
            ],
            [
              -109.050638987773,
              39.9430766591373
            ],
            [
              -109.050632526191,
              39.9416469177256
            ],
            [
              -109.050629978569,
              39.9394525597627
            ],
            [
              -109.050623598734,
              39.9379827289971
            ],
            [
              -109.050614673972,
              39.9358108756579
            ],
            [
              -109.050608215983,
              39.9343189701904
            ],
            [
              -109.050599480765,
              39.9321691906367
            ],
            [
              -109.050592832334,
              39.9306550290251
            ],
            [
              -109.050590630563,
              39.9301800385866
            ],
            [
              -109.050586725586,
              39.9285485359076
            ],
            [
              -109.050584020759,
              39.9275386727069
            ],
            [
              -109.050582225027,
              39.9269916171255
            ],
            [
              -109.050575167862,
              39.9249267279581
            ],
            [
              -109.050570640353,
              39.9233912493884
            ],
            [
              -109.050564906406,
              39.9212754800582
            ],
            [
              -109.050560625934,
              39.9197930678418
            ],
            [
              -109.050554755444,
              39.9176242324309
            ],
            [
              -109.050554075419,
              39.9174213388675
            ],
            [
              -109.050549908135,
              39.9161946930814
            ],
            [
              -109.050543190533,
              39.9140019678596
            ],
            [
              -109.050538463598,
              39.9126010778548
            ],
            [
              -109.050538477073,
              39.9125964840955
            ],
            [
              -109.050537004734,
              39.9103836660014
            ],
            [
              -109.050533558796,
              39.9094036978737
            ],
            [
              -109.05053246375,
              39.9089802558093
            ],
            [
              -109.05052755266,
              39.9067647664447
            ],
            [
              -109.050524098638,
              39.9053601127066
            ],
            [
              -109.0505192666,
              39.9031457942424
            ],
            [
              -109.050515733526,
              39.9017396969886
            ],
            [
              -109.050514129135,
              39.9011443536947
            ],
            [
              -109.050510254701,
              39.8995232946537
            ],
            [
              -109.050506651559,
              39.8981195372441
            ],
            [
              -109.05048468236,
              39.8959277214035
            ],
            [
              -109.050479135263,
              39.8945099668954
            ],
            [
              -109.050469302304,
              39.8923024982241
            ],
            [
              -109.050463889954,
              39.8909005110861
            ],
            [
              -109.050454032741,
              39.8886772742269
            ],
            [
              -109.050448641951,
              39.8872909623943
            ],
            [
              -109.05044650935,
              39.8866811046526
            ],
            [
              -109.050441218273,
              39.8850601081286
            ],
            [
              -109.050436820122,
              39.883708857111
            ],
            [
              -109.050429365901,
              39.8814376403978
            ],
            [
              -109.050425430382,
              39.8800864868822
            ],
            [
              -109.050424869833,
              39.8798998999076
            ],
            [
              -109.050419380229,
              39.8778151122688
            ],
            [
              -109.050415909139,
              39.8764639659669
            ],
            [
              -109.050410086259,
              39.8741926837111
            ],
            [
              -109.050406498388,
              39.8728414446713
            ],
            [
              -109.050404803267,
              39.8721912319128
            ],
            [
              -109.050400554235,
              39.8705701596603
            ],
            [
              -109.05039708045,
              39.8692189209617
            ],
            [
              -109.050391015025,
              39.8669476325275
            ],
            [
              -109.05038780265,
              39.8656737859185
            ],
            [
              -109.05038765353,
              39.8655964858868
            ],
            [
              -109.050382404673,
              39.8633251195849
            ],
            [
              -109.050379040483,
              39.8619739719373
            ],
            [
              -109.050373787135,
              39.85970260432
            ],
            [
              -109.050370420249,
              39.8583514556784
            ],
            [
              -109.050368719738,
              39.8577012421201
            ],
            [
              -109.050364812067,
              39.8560800812503
            ],
            [
              -109.050361442486,
              39.8547289323169
            ],
            [
              -109.050355830711,
              39.8524575559263
            ],
            [
              -109.050352458435,
              39.8511064060243
            ],
            [
              -109.050348496865,
              39.8495323603113
            ],
            [
              -109.050363786191,
              39.8488351332123
            ],
            [
              -109.050393485392,
              39.8474840878783
            ],
            [
              -109.050443718285,
              39.845213107664
            ],
            [
              -109.050473411198,
              39.8438620614024
            ],
            [
              -109.050487714174,
              39.8432119347445
            ],
            [
              -109.050491324503,
              39.8430471291175
            ],
            [
              -109.050523283866,
              39.8415910744996
            ],
            [
              -109.050553087272,
              39.8402400287027
            ],
            [
              -109.050603182722,
              39.8379690440992
            ],
            [
              -109.050632863958,
              39.8366179960208
            ],
            [
              -109.050682715964,
              39.8343470054609
            ],
            [
              -109.050712274131,
              39.8329959544237
            ],
            [
              -109.050762232138,
              39.8307249641367
            ],
            [
              -109.050791784915,
              39.8293739122228
            ],
            [
              -109.050806075314,
              39.8287237843095
            ],
            [
              -109.050806865832,
              39.8286875804824
            ],
            [
              -109.05084161626,
              39.8271029187812
            ],
            [
              -109.050871162748,
              39.8257518660034
            ],
            [
              -109.050921100993,
              39.8234808735678
            ],
            [
              -109.050947365935,
              39.8221299448177
            ],
            [
              -109.050987128065,
              39.8199168880758
            ],
            [
              -109.050998867249,
              39.8193609518984
            ],
            [
              -109.051000415046,
              39.8177888832275
            ],
            [
              -109.051002098489,
              39.8162946551813
            ],
            [
              -109.051002717428,
              39.8143295010604
            ],
            [
              -109.051003043517,
              39.8142352708944
            ],
            [
              -109.051004679349,
              39.8126723017566
            ],
            [
              -109.05100571331,
              39.8108701297067
            ],
            [
              -109.051006687083,
              39.8090493068143
            ],
            [
              -109.051010708841,
              39.807409978359
            ],
            [
              -109.05101499111,
              39.8054264149125
            ],
            [
              -109.051018844882,
              39.8039500586473
            ],
            [
              -109.051023169372,
              39.8018035191298
            ],
            [
              -109.051026735684,
              39.8004902236335
            ],
            [
              -109.051029101846,
              39.7997529530368
            ],
            [
              -109.051033207147,
              39.7981806526289
            ],
            [
              -109.051036996241,
              39.7968800627122
            ],
            [
              -109.051043101192,
              39.7945584117952
            ],
            [
              -109.051047785008,
              39.7931639609277
            ],
            [
              -109.051054956259,
              39.7909367429224
            ],
            [
              -109.051059678702,
              39.7895531931694
            ],
            [
              -109.051066801444,
              39.7873150718157
            ],
            [
              -109.051071446632,
              39.7859424208849
            ],
            [
              -109.051074274529,
              39.7851637145251
            ],
            [
              -109.051074822501,
              39.7850036308278
            ],
            [
              -109.051077923485,
              39.7841242058735
            ],
            [
              -109.051079463198,
              39.783693142399
            ],
            [
              -109.051084149709,
              39.7823313023905
            ],
            [
              -109.051085702896,
              39.7819328518797
            ],
            [
              -109.051081250845,
              39.7800713882125
            ],
            [
              -109.051077607279,
              39.7786736412506
            ],
            [
              -109.051071556227,
              39.7764507910633
            ],
            [
              -109.051067970152,
              39.7750674588434
            ],
            [
              -109.051061857117,
              39.7728301014838
            ],
            [
              -109.051058323144,
              39.7714613636662
            ],
            [
              -109.051057602695,
              39.7711517057039
            ],
            [
              -109.051052389772,
              39.7692092331854
            ],
            [
              -109.05104891419,
              39.7678549110956
            ],
            [
              -109.051043607842,
              39.7655886453608
            ],
            [
              -109.051042372658,
              39.7650943793493
            ],
            [
              -109.051043566519,
              39.7642490643844
            ],
            [
              -109.051045984784,
              39.7619695037243
            ],
            [
              -109.051047624209,
              39.7606447262178
            ],
            [
              -109.051050096373,
              39.7583506594155
            ],
            [
              -109.051051676509,
              39.7570402946939
            ],
            [
              -109.051052857794,
              39.7561207434997
            ],
            [
              -109.05105481163,
              39.7547308328063
            ],
            [
              -109.051056690905,
              39.7533807412679
            ],
            [
              -109.05106103426,
              39.7510199462199
            ],
            [
              -109.05106394031,
              39.7497616749561
            ],
            [
              -109.051071108866,
              39.7473998448622
            ],
            [
              -109.051074012221,
              39.7461415730958
            ],
            [
              -109.05108117359,
              39.7437797411584
            ],
            [
              -109.051084132641,
              39.7425069647969
            ],
            [
              -109.051086002933,
              39.7415999459113
            ],
            [
              -109.051089500973,
              39.7401588856667
            ],
            [
              -109.051092513024,
              39.7388716950543
            ],
            [
              -109.051100487369,
              39.7365386136145
            ],
            [
              -109.05110058798,
              39.7364480721336
            ],
            [
              -109.051103751847,
              39.7355571100692
            ],
            [
              -109.051105969787,
              39.7327820266456
            ],
            [
              -109.051108441951,
              39.7319362791974
            ],
            [
              -109.051103891085,
              39.7291609905877
            ],
            [
              -109.051106358757,
              39.7283153327451
            ],
            [
              -109.051108473392,
              39.7268069468814
            ],
            [
              -109.051110802723,
              39.7255394727684
            ],
            [
              -109.051113268599,
              39.7246648045365
            ],
            [
              -109.051125885437,
              39.723106502599
            ],
            [
              -109.051133621728,
              39.7220238984509
            ],
            [
              -109.051133893918,
              39.7219189448566
            ],
            [
              -109.05115162217,
              39.7194870989768
            ],
            [
              -109.051157173758,
              39.71829967998
            ],
            [
              -109.051166592594,
              39.7158685038944
            ],
            [
              -109.051170156211,
              39.7146811407609
            ],
            [
              -109.051179569656,
              39.7122499635881
            ],
            [
              -109.0511796532,
              39.7122138380449
            ],
            [
              -109.051183350666,
              39.7110174670111
            ],
            [
              -109.051183994758,
              39.7107459379212
            ],
            [
              -109.051191668167,
              39.7086291540089
            ],
            [
              -109.051195161715,
              39.7073984531561
            ],
            [
              -109.051203004007,
              39.7049853559473
            ],
            [
              -109.051206366401,
              39.7037799682322
            ],
            [
              -109.051214035319,
              39.7013396583133
            ],
            [
              -109.051217164151,
              39.7001590424353
            ],
            [
              -109.051224958833,
              39.6976933270949
            ],
            [
              -109.051224993867,
              39.6976879220164
            ],
            [
              -109.051227369013,
              39.6967951396253
            ],
            [
              -109.051227816374,
              39.6965636979619
            ],
            [
              -109.051235733226,
              39.6940726674041
            ],
            [
              -109.051238088609,
              39.6931763703412
            ],
            [
              -109.051239880748,
              39.692942699065
            ],
            [
              -109.051260622848,
              39.6904390889471
            ],
            [
              -109.051269080486,
              39.6893382023203
            ],
            [
              -109.051277983689,
              39.6869070066551
            ],
            [
              -109.05127883619,
              39.6868020625418
            ],
            [
              -109.051284967192,
              39.6857050106674
            ],
            [
              -109.051293960226,
              39.6832621031277
            ],
            [
              -109.051294660014,
              39.6831625617648
            ],
            [
              -109.05129907164,
              39.6824292772535
            ],
            [
              -109.051301495295,
              39.6820735393954
            ],
            [
              -109.051310531449,
              39.6795583764483
            ],
            [
              -109.05131504189,
              39.6788214889345
            ],
            [
              -109.051317565257,
              39.6784538608221
            ],
            [
              -109.051327093687,
              39.6759043795555
            ],
            [
              -109.051333269605,
              39.6748344440292
            ],
            [
              -109.051315993205,
              39.6723051430033
            ],
            [
              -109.051315674304,
              39.6722376576703
            ],
            [
              -109.051310522465,
              39.6712056412678
            ],
            [
              -109.051293191269,
              39.6686739953403
            ],
            [
              -109.051292923571,
              39.6685798430756
            ],
            [
              -109.051287886717,
              39.6675768380432
            ],
            [
              -109.051269678764,
              39.6649601274243
            ],
            [
              -109.051264291568,
              39.663957116178
            ],
            [
              -109.051242814646,
              39.6613404392932
            ],
            [
              -109.051237308871,
              39.6603374259914
            ],
            [
              -109.051227095925,
              39.6578590502609
            ],
            [
              -109.051223738921,
              39.656999410695
            ],
            [
              -109.051212173111,
              39.6542412704644
            ],
            [
              -109.051212001533,
              39.6541851391378
            ],
            [
              -109.051208879888,
              39.653383433248
            ],
            [
              -109.051197359892,
              39.65062349083
            ],
            [
              -109.051193663325,
              39.6497675384683
            ],
            [
              -109.051179111516,
              39.6469950198802
            ],
            [
              -109.051175525441,
              39.6461516821343
            ],
            [
              -109.051175480525,
              39.6433686847954
            ],
            [
              -109.051173280551,
              39.6425215861094
            ],
            [
              -109.051172695748,
              39.6398613757004
            ],
            [
              -109.051172204369,
              39.6397419028901
            ],
            [
              -109.051169990022,
              39.6388911092823
            ],
            [
              -109.051169845394,
              39.6361154046724
            ],
            [
              -109.051168358682,
              39.6357532927184
            ],
            [
              -109.051170765268,
              39.635260789857
            ],
            [
              -109.0511793334,
              39.632519014703
            ],
            [
              -109.051183425226,
              39.6316302162435
            ],
            [
              -109.05119957424,
              39.6289003697201
            ],
            [
              -109.05120453833,
              39.6279969903664
            ],
            [
              -109.051219358735,
              39.6254802824901
            ],
            [
              -109.051220404374,
              39.6252811016369
            ],
            [
              -109.051225489737,
              39.6243650211924
            ],
            [
              -109.051241561496,
              39.6216622877519
            ],
            [
              -109.051242922444,
              39.6213978845029
            ],
            [
              -109.051245598525,
              39.6207336654342
            ],
            [
              -109.051255837522,
              39.6180475908389
            ],
            [
              -109.0512596886,
              39.6171047300163
            ],
            [
              -109.051266716121,
              39.6144290512762
            ],
            [
              -109.05127016116,
              39.6134964537787
            ],
            [
              -109.051276810489,
              39.6110832113682
            ],
            [
              -109.051277955841,
              39.6108097945112
            ],
            [
              -109.051281328117,
              39.6098880067569
            ],
            [
              -109.05128837001,
              39.6071906122189
            ],
            [
              -109.051289451582,
              39.6070855802642
            ],
            [
              -109.051296566239,
              39.6062794457103
            ],
            [
              -109.051314548714,
              39.6034657409574
            ],
            [
              -109.051321639117,
              39.6026687053179
            ],
            [
              -109.051340198311,
              39.5998466302361
            ],
            [
              -109.051347270747,
              39.5990459896359
            ],
            [
              -109.051363930902,
              39.5966984985974
            ],
            [
              -109.051368281443,
              39.5962275581238
            ],
            [
              -109.051375452694,
              39.5954233149628
            ],
            [
              -109.051394023566,
              39.5926085343519
            ],
            [
              -109.051401416701,
              39.591800421055
            ],
            [
              -109.051423767683,
              39.5889834496454
            ],
            [
              -109.051431274904,
              39.5881753376777
            ],
            [
              -109.05145213648,
              39.585357168643
            ],
            [
              -109.051455537502,
              39.584994775184
            ],
            [
              -109.051455364127,
              39.5845562816462
            ],
            [
              -109.051451077366,
              39.5822697884969
            ],
            [
              -109.051450784516,
              39.5817316484544
            ],
            [
              -109.051450316493,
              39.5809379061949
            ],
            [
              -109.051443630333,
              39.5781051278121
            ],
            [
              -109.051444363358,
              39.5773183427025
            ],
            [
              -109.051453883703,
              39.5744720499322
            ],
            [
              -109.051454542168,
              39.5736961646185
            ],
            [
              -109.051450804278,
              39.5726573991826
            ],
            [
              -109.051439368725,
              39.5708417979707
            ],
            [
              -109.051427942154,
              39.5690299792809
            ],
            [
              -109.051422055494,
              39.5677353081587
            ],
            [
              -109.051421008059,
              39.5672114791772
            ],
            [
              -109.051409710846,
              39.565403266392
            ],
            [
              -109.05139812168,
              39.563580452295
            ],
            [
              -109.051409104483,
              39.5617745936681
            ],
            [
              -109.051418637405,
              39.5600287138747
            ],
            [
              -109.051429607631,
              39.5581482555362
            ],
            [
              -109.051432016014,
              39.5572805010871
            ],
            [
              -109.051434495364,
              39.5564018467362
            ],
            [
              -109.051445409895,
              39.5545231885357
            ],
            [
              -109.051450869855,
              39.5531969909031
            ],
            [
              -109.051451520236,
              39.5527745461463
            ],
            [
              -109.051461795166,
              39.5508977679331
            ],
            [
              -109.05147088432,
              39.5491464719693
            ],
            [
              -109.051460318336,
              39.5472698837721
            ],
            [
              -109.051459257425,
              39.5455151733174
            ],
            [
              -109.051458105785,
              39.5436513556961
            ],
            [
              -109.051456934382,
              39.5418838488119
            ],
            [
              -109.05145577286,
              39.5400327331487
            ],
            [
              -109.051455060496,
              39.5386521915102
            ],
            [
              -109.051455043428,
              39.538253430273
            ],
            [
              -109.051453872025,
              39.5364150165507
            ],
            [
              -109.051452705114,
              39.534622100619
            ],
            [
              -109.051449776606,
              39.5327964504341
            ],
            [
              -109.051451302843,
              39.5309944796851
            ],
            [
              -109.051452836268,
              39.5291797140326
            ],
            [
              -109.051454313996,
              39.5273668396505
            ],
            [
              -109.051454373285,
              39.5272398966983
            ],
            [
              -109.051446635197,
              39.5255651631275
            ],
            [
              -109.051439880765,
              39.5241464975039
            ],
            [
              -109.051437739181,
              39.523740401481
            ],
            [
              -109.051429644462,
              39.5219493479301
            ],
            [
              -109.051421308096,
              39.5201127920061
            ],
            [
              -109.051411510171,
              39.5183326106085
            ],
            [
              -109.051398174681,
              39.5164833568868
            ],
            [
              -109.051385338654,
              39.5146869061006
            ],
            [
              -109.051372123538,
              39.5128540509198
            ],
            [
              -109.051359049457,
              39.5110411079779
            ],
            [
              -109.051350529835,
              39.5097768330352
            ],
            [
              -109.051347206068,
              39.5092256621808
            ],
            [
              -109.051333999935,
              39.5073964991674
            ],
            [
              -109.051321145044,
              39.5055963520366
            ],
            [
              -109.051302929006,
              39.503750796738
            ],
            [
              -109.051282636962,
              39.5019670110652
            ],
            [
              -109.051261035175,
              39.5001051810059
            ],
            [
              -109.051241097067,
              39.4983377980344
            ],
            [
              -109.051236494099,
              39.4977448906215
            ],
            [
              -109.051232365442,
              39.4964605954612
            ],
            [
              -109.051229745057,
              39.4954178724065
            ],
            [
              -109.051228799131,
              39.4947106942065
            ],
            [
              -109.051218690389,
              39.4928160794788
            ],
            [
              -109.051210394447,
              39.4910813241454
            ],
            [
              -109.05118957599,
              39.4891704018567
            ],
            [
              -109.051189076527,
              39.4874561378752
            ],
            [
              -109.051189404412,
              39.486445086868
            ],
            [
              -109.051186631313,
              39.4838336086933
            ],
            [
              -109.051187006809,
              39.4828207557373
            ],
            [
              -109.051186501057,
              39.4811064898404
            ],
            [
              -109.051186843315,
              39.480211391414
            ],
            [
              -109.051187150539,
              39.4791967349487
            ],
            [
              -109.051184381931,
              39.4765888579038
            ],
            [
              -109.051184043267,
              39.4755722978958
            ],
            [
              -109.05117804791,
              39.4729590495601
            ],
            [
              -109.05117788262,
              39.4719569974019
            ],
            [
              -109.051171822585,
              39.4693292411445
            ],
            [
              -109.051171599803,
              39.4683416928085
            ],
            [
              -109.051170241551,
              39.4668032771942
            ],
            [
              -109.05116987953,
              39.4656998626636
            ],
            [
              -109.05116971424,
              39.4647268203689
            ],
            [
              -109.051163525746,
              39.4620699578272
            ],
            [
              -109.051164230025,
              39.4611115250376
            ],
            [
              -109.051165699669,
              39.4597798362978
            ],
            [
              -109.051168244596,
              39.4574804403864
            ],
            [
              -109.051169742087,
              39.4561559587261
            ],
            [
              -109.051172250184,
              39.4538493529018
            ],
            [
              -109.05117342518,
              39.4527821806371
            ],
            [
              -109.051173594063,
              39.4526136130928
            ],
            [
              -109.051173660539,
              39.4525320770039
            ],
            [
              -109.051173384756,
              39.450216774027
            ],
            [
              -109.051173950694,
              39.448867138291
            ],
            [
              -109.051173639877,
              39.4465862504231
            ],
            [
              -109.051174464531,
              39.4452439163534
            ],
            [
              -109.051174993638,
              39.4429702494789
            ],
            [
              -109.051175785953,
              39.441620616205
            ],
            [
              -109.051176426451,
              39.4395553422972
            ],
            [
              -109.051176208161,
              39.439517318438
            ],
            [
              -109.051175575747,
              39.4393524311268
            ],
            [
              -109.051166885445,
              39.4375426043714
            ],
            [
              -109.051159024288,
              39.4357363057588
            ],
            [
              -109.051151116418,
              39.4339191034046
            ],
            [
              -109.051143397195,
              39.43212010369
            ],
            [
              -109.051135223424,
              39.430295688042
            ],
            [
              -109.051127155655,
              39.4284965912991
            ],
            [
              -109.051119094173,
              39.426672177225
            ],
            [
              -109.05111102281,
              39.4248730792179
            ],
            [
              -109.05110554668,
              39.4236103708124
            ],
            [
              -109.051103188603,
              39.4230487576398
            ],
            [
              -109.051095230428,
              39.4212496611633
            ],
            [
              -109.051087129421,
              39.4194306493393
            ],
            [
              -109.051079205381,
              39.417626056121
            ],
            [
              -109.051070598623,
              39.4158125315852
            ],
            [
              -109.051062286511,
              39.4140134266968
            ],
            [
              -109.051053717482,
              39.4121943155732
            ],
            [
              -109.051045249064,
              39.4104007030687
            ],
            [
              -109.051039584287,
              39.409136096571
            ],
            [
              -109.051037172311,
              39.4085762831158
            ],
            [
              -109.051029383019,
              39.4069583704119
            ],
            [
              -109.051019434177,
              39.4049508414161
            ],
            [
              -109.051011753582,
              39.4033456331613
            ],
            [
              -109.051011727531,
              39.4032297676237
            ],
            [
              -109.051011774243,
              39.4013261066869
            ],
            [
              -109.051011705971,
              39.4008071458526
            ],
            [
              -109.05101166914,
              39.3977008656437
            ],
            [
              -109.051011703276,
              39.3972616425888
            ],
            [
              -109.051011671835,
              39.3943092468115
            ],
            [
              -109.051011671835,
              39.3940756250203
            ],
            [
              -109.051011694293,
              39.3937160472838
            ],
            [
              -109.051011570325,
              39.3904580383
            ],
            [
              -109.051011559546,
              39.3901705376848
            ],
            [
              -109.051011428392,
              39.3868416206568
            ],
            [
              -109.051011527206,
              39.3865334895211
            ],
            [
              -109.051011467917,
              39.3848916450924
            ],
            [
              -109.05099642473,
              39.3832249517168
            ],
            [
              -109.05099348634,
              39.3828965878512
            ],
            [
              -109.050972247472,
              39.380542888231
            ],
            [
              -109.050963885055,
              39.3796082578366
            ],
            [
              -109.050960697832,
              39.3792596174792
            ],
            [
              -109.050931161226,
              39.3759855213993
            ],
            [
              -109.050927903036,
              39.3756227346691
            ],
            [
              -109.050898440092,
              39.3723625136283
            ],
            [
              -109.05089481539,
              39.3719586355865
            ],
            [
              -109.050865581515,
              39.3687401317698
            ],
            [
              -109.050861607368,
              39.3682945324144
            ],
            [
              -109.050838876398,
              39.3657770049441
            ],
            [
              -109.050766503628,
              39.3651030336351
            ],
            [
              -109.05075908534,
              39.3646143097701
            ],
            [
              -109.050714026744,
              39.3610631670168
            ],
            [
              -109.050712271436,
              39.3609509658461
            ],
            [
              -109.050690463934,
              39.3595021004529
            ],
            [
              -109.050773784473,
              39.3574403490654
            ],
            [
              -109.050778257185,
              39.3573253686062
            ],
            [
              -109.05092273952,
              39.3538186623069
            ],
            [
              -109.050927284995,
              39.3537010710662
            ],
            [
              -109.051029692938,
              39.3511813997523
            ],
            [
              -109.051027600762,
              39.3501960549442
            ],
            [
              -109.05102735103,
              39.3500755900711
            ],
            [
              -109.051025455585,
              39.3465775994924
            ],
            [
              -109.051025201361,
              39.3464489351963
            ],
            [
              -109.051022663621,
              39.3449909289187
            ],
            [
              -109.051038164949,
              39.3429587593771
            ],
            [
              -109.051038944687,
              39.3428304732975
            ],
            [
              -109.05106872294,
              39.3393403071473
            ],
            [
              -109.051069600594,
              39.3392126529138
            ],
            [
              -109.051090629257,
              39.3365801619142
            ],
            [
              -109.051081756597,
              39.33572164954
            ],
            [
              -109.051080420802,
              39.3355943180332
            ],
            [
              -109.051051339641,
              39.332104874532
            ],
            [
              -109.0510499221,
              39.3319762808717
            ],
            [
              -109.051035155593,
              39.3304694131456
            ],
            [
              -109.051059437055,
              39.3284879318892
            ],
            [
              -109.051060930055,
              39.3283547912915
            ],
            [
              -109.051107304683,
              39.3248713824083
            ],
            [
              -109.051108805768,
              39.3247337381835
            ],
            [
              -109.051144607226,
              39.3219483211306
            ],
            [
              -109.051140784894,
              39.3212545006652
            ],
            [
              -109.051139975512,
              39.3211123120412
            ],
            [
              -109.051132177237,
              39.3176324072061
            ],
            [
              -109.0511313436,
              39.3174911188618
            ],
            [
              -109.051122001122,
              39.3158970334789
            ],
            [
              -109.051120868346,
              39.3148554783302
            ],
            [
              -109.05111999159,
              39.3140094402239
            ],
            [
              -109.051117476307,
              39.3112372522941
            ],
            [
              -109.051116612128,
              39.3103865288977
            ],
            [
              -109.051114193863,
              39.3076190268266
            ],
            [
              -109.051113736621,
              39.3073052962494
            ],
            [
              -109.05111322548,
              39.306763616273
            ],
            [
              -109.051110695824,
              39.3039998941443
            ],
            [
              -109.051109806492,
              39.3031416011755
            ],
            [
              -109.051108830921,
              39.302273846001
            ],
            [
              -109.051109139043,
              39.3003816031345
            ],
            [
              -109.051109254926,
              39.299520442764
            ],
            [
              -109.051109777745,
              39.2967633461569
            ],
            [
              -109.051109855001,
              39.2958993021072
            ],
            [
              -109.051110406566,
              39.2931534672872
            ],
            [
              -109.051110366142,
              39.2926657628655
            ],
            [
              -109.051110447889,
              39.2922781597752
            ],
            [
              -109.051110910521,
              39.2895436734475
            ],
            [
              -109.051110968912,
              39.2886551218996
            ],
            [
              -109.051111046167,
              39.287724043062
            ],
            [
              -109.051105959007,
              39.2859337866898
            ],
            [
              -109.051103246095,
              39.2850322136318
            ],
            [
              -109.051095663416,
              39.2823240789065
            ],
            [
              -109.051092967572,
              39.2814092611919
            ],
            [
              -109.051085180975,
              39.2786915711622
            ],
            [
              -109.051083255885,
              39.278029132256
            ],
            [
              -109.0510824483,
              39.2777863925554
            ],
            [
              -109.051086806027,
              39.2750611559666
            ],
            [
              -109.05108541274,
              39.2741787044012
            ],
            [
              -109.051084056284,
              39.2732656196965
            ],
            [
              -109.051082180602,
              39.2714300936608
            ],
            [
              -109.051079877321,
              39.2705595190705
            ],
            [
              -109.051081231082,
              39.2677999914145
            ],
            [
              -109.051078951158,
              39.2669410398066
            ],
            [
              -109.051080079442,
              39.2641769121552
            ],
            [
              -109.051077865095,
              39.2633824718797
            ],
            [
              -109.051077549786,
              39.2633227312049
            ],
            [
              -109.051075083911,
              39.2605542166472
            ],
            [
              -109.051072465322,
              39.2597115662388
            ],
            [
              -109.051069968904,
              39.2569314271207
            ],
            [
              -109.051067363789,
              39.2561007598875
            ],
            [
              -109.051064843117,
              39.2533087258461
            ],
            [
              -109.051062378139,
              39.2524896827
            ],
            [
              -109.051061506774,
              39.2496797448736
            ],
            [
              -109.051058999576,
              39.2488789009352
            ],
            [
              -109.051058506401,
              39.2487377075791
            ],
            [
              -109.051056188747,
              39.2460509093316
            ],
            [
              -109.051053650108,
              39.2452595250723
            ],
            [
              -109.051050567988,
              39.2441613433086
            ],
            [
              -109.051047764346,
              39.2424210288934
            ],
            [
              -109.051045536525,
              39.2416392896553
            ],
            [
              -109.051044743312,
              39.2387924077873
            ],
            [
              -109.051042950275,
              39.2380200460223
            ],
            [
              -109.051047857771,
              39.2351720870011
            ],
            [
              -109.05104603509,
              39.2344007151694
            ],
            [
              -109.051045055926,
              39.2340928291141
            ],
            [
              -109.051044592395,
              39.2315517470983
            ],
            [
              -109.051042334031,
              39.2307667624228
            ],
            [
              -109.051039988529,
              39.2299346545225
            ],
            [
              -109.051041799533,
              39.2279307820091
            ],
            [
              -109.051040957812,
              39.2271322164847
            ],
            [
              -109.051046963948,
              39.2243108500084
            ],
            [
              -109.051046150074,
              39.2234986785896
            ],
            [
              -109.051045635339,
              39.2223280961681
            ],
            [
              -109.05105727481,
              39.2206637010166
            ],
            [
              -109.051059057068,
              39.2198455363496
            ],
            [
              -109.051059207087,
              39.2191575384884
            ],
            [
              -109.051078378931,
              39.2170447520759
            ],
            [
              -109.051081900327,
              39.2162264359634
            ],
            [
              -109.051114485816,
              39.2134274039426
            ],
            [
              -109.051118001822,
              39.2126091772181
            ],
            [
              -109.051150462445,
              39.2098101416029
            ],
            [
              -109.051152934608,
              39.2089918970915
            ],
            [
              -109.051170938643,
              39.2062001862695
            ],
            [
              -109.051173376671,
              39.2053747320481
            ],
            [
              -109.051176377044,
              39.2044786495025
            ],
            [
              -109.05119289796,
              39.2025907039123
            ],
            [
              -109.051196794852,
              39.2017626615358
            ],
            [
              -109.051230909273,
              39.1989866241081
            ],
            [
              -109.051234775622,
              39.1981554267054
            ],
            [
              -109.051268911603,
              39.195382451996
            ],
            [
              -109.051272746511,
              39.1945480999461
            ],
            [
              -109.051307269666,
              39.1917691833046
            ],
            [
              -109.051311028217,
              39.1909416775884
            ],
            [
              -109.051308282067,
              39.1897335706166
            ],
            [
              -109.051304596279,
              39.1881403602267
            ],
            [
              -109.051303638675,
              39.1870267075137
            ],
            [
              -109.051303545251,
              39.1861290387567
            ],
            [
              -109.051297805016,
              39.1845094836941
            ],
            [
              -109.051295613127,
              39.1833985127299
            ],
            [
              -109.051280081255,
              39.1808759893921
            ],
            [
              -109.05127746087,
              39.1797678940066
            ],
            [
              -109.05125994462,
              39.1772709245965
            ],
            [
              -109.05125720386,
              39.1761377785874
            ],
            [
              -109.051258251296,
              39.1751021843527
            ],
            [
              -109.051259533192,
              39.1736681701622
            ],
            [
              -109.051260612966,
              39.1725097690393
            ],
            [
              -109.051261626266,
              39.1700624822767
            ],
            [
              -109.051262695261,
              39.1688792127214
            ],
            [
              -109.051263711256,
              39.1664567919927
            ],
            [
              -109.051262096085,
              39.1652490602958
            ],
            [
              -109.051251964885,
              39.1627858165937
            ],
            [
              -109.051252160718,
              39.1623090984288
            ],
            [
              -109.051250572497,
              39.1616202542569
            ],
            [
              -109.051242758052,
              39.1591148808675
            ],
            [
              -109.051240920997,
              39.1579904864452
            ],
            [
              -109.051233138892,
              39.1555005197354
            ],
            [
              -109.05123126321,
              39.1543607166558
            ],
            [
              -109.05122362753,
              39.151886248099
            ],
            [
              -109.0512164985,
              39.150731220092
            ],
            [
              -109.051185226348,
              39.1482577065146
            ],
            [
              -109.051178212302,
              39.147102679565
            ],
            [
              -109.051171090459,
              39.1455866174477
            ],
            [
              -109.051173377569,
              39.144631228167
            ],
            [
              -109.051175500288,
              39.1434762636296
            ],
            [
              -109.051175918005,
              39.1417496713743
            ],
            [
              -109.051191721167,
              39.1410047127719
            ],
            [
              -109.051214775531,
              39.1398500071439
            ],
            [
              -109.051233792865,
              39.1389255314199
            ],
            [
              -109.051258053666,
              39.1373787275239
            ],
            [
              -109.051270933711,
              39.136748057283
            ],
            [
              -109.051274617702,
              39.1362242731868
            ],
            [
              -109.051279385959,
              39.1352961349329
            ],
            [
              -109.051312165484,
              39.132596812564
            ],
            [
              -109.051312656862,
              39.1325496077218
            ],
            [
              -109.051318044059,
              39.1320185538535
            ],
            [
              -109.051332386561,
              39.1306800756984
            ],
            [
              -109.051351439828,
              39.1289566747747
            ],
            [
              -109.051371265647,
              39.1271715674628
            ],
            [
              -109.051391980797,
              39.1253162854198
            ],
            [
              -109.051410130359,
              39.1236631471821
            ],
            [
              -109.051432508291,
              39.1216759838944
            ],
            [
              -109.051449101971,
              39.1201546364846
            ],
            [
              -109.051473143583,
              39.1180355026152
            ],
            [
              -109.051475302235,
              39.1178144306201
            ],
            [
              -109.051478657442,
              39.1174702105055
            ],
            [
              -109.051488829066,
              39.1164755752053
            ],
            [
              -109.051494978933,
              39.1158577651924
            ],
            [
              -109.051509814609,
              39.1143957630119
            ],
            [
              -109.051525960928,
              39.1127979102978
            ],
            [
              -109.051529865905,
              39.1124084686684
            ],
            [
              -109.051559533665,
              39.110756330288
            ],
            [
              -109.051588977746,
              39.109120585994
            ],
            [
              -109.051625337057,
              39.1071160829494
            ],
            [
              -109.05165545128,
              39.1054431367326
            ],
            [
              -109.051691009294,
              39.103475830934
            ],
            [
              -109.051701604923,
              39.1028726904818
            ],
            [
              -109.051708090759,
              39.1017846461016
            ],
            [
              -109.051721984103,
              39.0994909902752
            ],
            [
              -109.051730306994,
              39.0981260952738
            ],
            [
              -109.051744052116,
              39.0958501855452
            ],
            [
              -109.051752390279,
              39.0944678098618
            ],
            [
              -109.051766124621,
              39.0922130728003
            ],
            [
              -109.051774586751,
              39.0908092544725
            ],
            [
              -109.051788070464,
              39.0885759565381
            ],
            [
              -109.051790373744,
              39.0882318069832
            ],
            [
              -109.051803541249,
              39.0868921288414
            ],
            [
              -109.051825657772,
              39.0849330618918
            ],
            [
              -109.051847827295,
              39.0829761579555
            ],
            [
              -109.051865770244,
              39.0812903884334
            ],
            [
              -109.051892564294,
              39.0790601021766
            ],
            [
              -109.051906679522,
              39.0776477256297
            ],
            [
              -109.051938436764,
              39.0751442432747
            ],
            [
              -109.051948960528,
              39.0740051739411
            ],
            [
              -109.051966732797,
              39.0721654156282
            ],
            [
              -109.05197239937,
              39.0714255955713
            ],
            [
              -109.051980980078,
              39.0703822711447
            ],
            [
              -109.052010846366,
              39.0677073810206
            ],
            [
              -109.052018531453,
              39.0667595492311
            ],
            [
              -109.052049853012,
              39.0639893535133
            ],
            [
              -109.052056532885,
              39.063136832492
            ],
            [
              -109.052089543276,
              39.0602712459623
            ],
            [
              -109.052095329325,
              39.0595142165238
            ],
            [
              -109.052112811439,
              39.0576799455094
            ],
            [
              -109.052120067131,
              39.0565876714964
            ],
            [
              -109.052124443723,
              39.0558734173586
            ],
            [
              -109.052153924634,
              39.0529043310943
            ],
            [
              -109.052157924832,
              39.0522331385363
            ],
            [
              -109.052187998632,
              39.04922108251
            ],
            [
              -109.052191735623,
              39.0485930446055
            ],
            [
              -109.052222523583,
              39.0455378392818
            ],
            [
              -109.052225886875,
              39.0449527728359
            ],
            [
              -109.052241118709,
              39.043018717122
            ],
            [
              -109.052246677484,
              39.042277990891
            ],
            [
              -109.052255368685,
              39.0411876304168
            ],
            [
              -109.052277548089,
              39.0389331060459
            ],
            [
              -109.05228910761,
              39.0375657290957
            ],
            [
              -109.052307601227,
              39.0355882058885
            ],
            [
              -109.052322258139,
              39.0339438158611
            ],
            [
              -109.052337529499,
              39.0322433023055
            ],
            [
              -109.052355282005,
              39.0303218984207
            ],
            [
              -109.052367531433,
              39.0289038035586
            ],
            [
              -109.052372462285,
              39.0282445177551
            ],
            [
              -109.052385936116,
              39.0267059762972
            ],
            [
              -109.052395243561,
              39.0255631839621
            ],
            [
              -109.052420727867,
              39.0230903912203
            ],
            [
              -109.05242744457,
              39.0222228182517
            ],
            [
              -109.052456893142,
              39.0194748278107
            ],
            [
              -109.052461134987,
              39.0188825655068
            ],
            [
              -109.052495005066,
              39.0158594745558
            ],
            [
              -109.052499395133,
              39.0151901768332
            ],
            [
              -109.052509390687,
              39.0137567235537
            ],
            [
              -109.052528258003,
              39.0119998603429
            ],
            [
              -109.052533384689,
              39.0114972644979
            ],
            [
              -109.052568375866,
              39.0083778690889
            ],
            [
              -109.052574285882,
              39.0078045551193
            ],
            [
              -109.052608368862,
              39.0047557831063
            ],
            [
              -109.05261494453,
              39.0041118400385
            ],
            [
              -109.052648239688,
              39.0011335130557
            ],
            [
              -109.052652397989,
              39.0007165874253
            ],
            [
              -109.05267020709,
              38.9988586080813
            ],
            [
              -109.052683329679,
              38.9975125131818
            ],
            [
              -109.052684952935,
              38.9973227838989
            ],
            [
              -109.052723872445,
              38.9939364724601
            ],
            [
              -109.052724197635,
              38.9938993557032
            ],
            [
              -109.052762433526,
              38.9905502440531
            ],
            [
              -109.052764827537,
              38.9902860123487
            ],
            [
              -109.052800213074,
              38.9871500345897
            ],
            [
              -109.052804434258,
              38.9866716591839
            ],
            [
              -109.052841110674,
              38.9842043539029
            ],
            [
              -109.052845556436,
              38.9837472464324
            ],
            [
              -109.052852795061,
              38.9830449251442
            ],
            [
              -109.052894553247,
              38.9803455083851
            ],
            [
              -109.05290469343,
              38.979419239947
            ],
            [
              -109.052941479441,
              38.9769431040838
            ],
            [
              -109.052954745761,
              38.9757930708846
            ],
            [
              -109.052987054568,
              38.9735348179351
            ],
            [
              -109.053003527874,
              38.9721664276938
            ],
            [
              -109.053030901337,
              38.9701175809723
            ],
            [
              -109.053036695471,
              38.9695309265517
            ],
            [
              -109.053047251574,
              38.9685469972822
            ],
            [
              -109.053070653585,
              38.9666977513204
            ],
            [
              -109.053092605716,
              38.9649266003317
            ],
            [
              -109.053112733368,
              38.9632767870673
            ],
            [
              -109.053131374309,
              38.9613102359185
            ],
            [
              -109.053147263709,
              38.9596126867902
            ],
            [
              -109.05316531805,
              38.9576968526933
            ],
            [
              -109.053182660026,
              38.9559207565363
            ],
            [
              -109.053192691513,
              38.9548290526241
            ],
            [
              -109.053202404996,
              38.9540736085434
            ],
            [
              -109.053227275753,
              38.9522287981015
            ],
            [
              -109.053251137702,
              38.9504502867321
            ],
            [
              -109.053277072065,
              38.9485368338729
            ],
            [
              -109.0533000878,
              38.9468269662281
            ],
            [
              -109.053327030971,
              38.9448553222152
            ],
            [
              -109.053349255291,
              38.9432036470649
            ],
            [
              -109.053376740145,
              38.9411739847881
            ],
            [
              -109.053398190118,
              38.9395588772374
            ],
            [
              -109.053398499138,
              38.9395349153959
            ],
            [
              -109.053420664169,
              38.9374928188588
            ],
            [
              -109.053437753719,
              38.9359145803744
            ],
            [
              -109.053460646386,
              38.9338118552352
            ],
            [
              -109.05347730744,
              38.932270190563
            ],
            [
              -109.053500570212,
              38.9301326006201
            ],
            [
              -109.05351684499,
              38.9286259789674
            ],
            [
              -109.053540367376,
              38.9264533417413
            ],
            [
              -109.053554435892,
              38.9251495960799
            ],
            [
              -109.053564384733,
              38.9242328667946
            ],
            [
              -109.053580151065,
              38.9227740800309
            ],
            [
              -109.053603550382,
              38.9206097287197
            ],
            [
              -109.053619926669,
              38.9190947267605
            ],
            [
              -109.053642704351,
              38.916986588053
            ],
            [
              -109.053659822648,
              38.915402037434
            ],
            [
              -109.053681847542,
              38.9133634455263
            ],
            [
              -109.053699824627,
              38.9117092580091
            ],
            [
              -109.053710085184,
              38.9107637889778
            ],
            [
              -109.05372035203,
              38.9097420920411
            ],
            [
              -109.05373785211,
              38.9080165339052
            ],
            [
              -109.053757001497,
              38.9061207054877
            ],
            [
              -109.053775176211,
              38.9043237952596
            ],
            [
              -109.053793639286,
              38.9024993173533
            ],
            [
              -109.053812509296,
              38.9006429485022
            ],
            [
              -109.053830381279,
              38.8988779283699
            ],
            [
              -109.053848085277,
              38.8969627016492
            ],
            [
              -109.053854958287,
              38.8962591035434
            ],
            [
              -109.05386443731,
              38.8952657737008
            ],
            [
              -109.053882711738,
              38.8932829772208
            ],
            [
              -109.053898021725,
              38.891653608702
            ],
            [
              -109.053916859396,
              38.8896035124301
            ],
            [
              -109.053931480376,
              38.8880414396977
            ],
            [
              -109.053950120418,
              38.8860152170018
            ],
            [
              -109.053965042333,
              38.8844292709162
            ],
            [
              -109.053983363474,
              38.8824271892619
            ],
            [
              -109.053987606217,
              38.8819971023608
            ],
            [
              -109.053999110042,
              38.8807981857172
            ],
            [
              -109.05401705928,
              38.8788390768281
            ],
            [
              -109.054032705237,
              38.8771670911861
            ],
            [
              -109.054048798555,
              38.8754321296707
            ],
            [
              -109.054056732476,
              38.8752511524669
            ],
            [
              -109.0541300898,
              38.8735380490924
            ],
            [
              -109.054212988132,
              38.8715975004186
            ],
            [
              -109.054285256698,
              38.8699112290398
            ],
            [
              -109.054368482914,
              38.8679623953022
            ],
            [
              -109.054375646978,
              38.8677969025273
            ],
            [
              -109.054440144219,
              38.8662937733785
            ],
            [
              -109.054531647512,
              38.8641465758493
            ],
            [
              -109.054594658041,
              38.8626764889726
            ],
            [
              -109.054686971615,
              38.8605117332646
            ],
            [
              -109.054756954867,
              38.858878491998
            ],
            [
              -109.054842276853,
              38.8568767076647
            ],
            [
              -109.054911537859,
              38.8552611136569
            ],
            [
              -109.054988103966,
              38.8534702972479
            ],
            [
              -109.054998027655,
              38.8532414165061
            ],
            [
              -109.055066699367,
              38.8516386066613
            ],
            [
              -109.055153300553,
              38.84960584509
            ],
            [
              -109.055221370394,
              38.8480162698769
            ],
            [
              -109.055308542011,
              38.8459705412246
            ],
            [
              -109.055376018964,
              38.8443939298486
            ],
            [
              -109.055463765502,
              38.842335054394
            ],
            [
              -109.055530756466,
              38.8407716796678
            ],
            [
              -109.055592995342,
              38.8393192340581
            ],
            [
              -109.055619781307,
              38.8386992180724
            ],
            [
              -109.055678416143,
              38.8373324016573
            ],
            [
              -109.055774732609,
              38.8350635416555
            ],
            [
              -109.055832743115,
              38.8337108605418
            ],
            [
              -109.055929651571,
              38.8314281329678
            ],
            [
              -109.055986997324,
              38.8300911183673
            ],
            [
              -109.056084553466,
              38.8277925407013
            ],
            [
              -109.05614122638,
              38.826471462955
            ],
            [
              -109.056197187829,
              38.8251679428744
            ],
            [
              -109.056240709408,
              38.8241565171133
            ],
            [
              -109.056296619653,
              38.8228547078151
            ],
            [
              -109.056395681371,
              38.8205208313499
            ],
            [
              -109.056450705877,
              38.8192385598432
            ],
            [
              -109.056550624588,
              38.8168853239134
            ],
            [
              -109.05660476605,
              38.8156224991114
            ],
            [
              -109.056705431261,
              38.8132497204802
            ],
            [
              -109.056758921445,
              38.8120063471727
            ],
            [
              -109.056801498894,
              38.8110160776518
            ],
            [
              -109.05686161056,
              38.8096135975709
            ],
            [
              -109.056914029951,
              38.8083923713747
            ],
            [
              -109.057016330994,
              38.8059794304546
            ],
            [
              -109.057067907766,
              38.8047804453736
            ],
            [
              -109.057171178091,
              38.8023440019507
            ],
            [
              -109.057221686767,
              38.801167074016
            ],
            [
              -109.057325890441,
              38.7987083879594
            ],
            [
              -109.057375557395,
              38.7975537014528
            ],
            [
              -109.057405547651,
              38.7968648932479
            ],
            [
              -109.057466703159,
              38.7950665035723
            ],
            [
              -109.057505735856,
              38.7939173158587
            ],
            [
              -109.057590906925,
              38.791420646538
            ],
            [
              -109.057629593771,
              38.7902797420683
            ],
            [
              -109.057714970554,
              38.7877749650327
            ],
            [
              -109.057754197287,
              38.7866393848263
            ],
            [
              -109.057845112184,
              38.7840784720071
            ],
            [
              -109.057882769561,
              38.7829877384032
            ],
            [
              -109.057907978982,
              38.7822496511233
            ],
            [
              -109.0579719022,
              38.7804240914734
            ],
            [
              -109.058008964892,
              38.779346592152
            ],
            [
              -109.058100446625,
              38.7767636998039
            ],
            [
              -109.058137126635,
              38.7757000705382
            ],
            [
              -109.058229079984,
              38.7731034879493
            ],
            [
              -109.058265274903,
              38.7720532756356
            ],
            [
              -109.058357694478,
              38.7694431835194
            ],
            [
              -109.058393399816,
              38.7684065681429
            ],
            [
              -109.05842107152,
              38.7675982372189
            ],
            [
              -109.058489240175,
              38.7657886021811
            ],
            [
              -109.058526051339,
              38.7647661511796
            ],
            [
              -109.058629791483,
              38.7621279504511
            ],
            [
              -109.058666097793,
              38.7611196371777
            ],
            [
              -109.05877055659,
              38.7584670296631
            ],
            [
              -109.058806239469,
              38.7574730320995
            ],
            [
              -109.058911300137,
              38.7548061067139
            ],
            [
              -109.058946476367,
              38.7538263366654
            ],
            [
              -109.05897316172,
              38.7530367295654
            ],
            [
              -109.059016111072,
              38.7511625151606
            ],
            [
              -109.0590371586,
              38.750236843636
            ],
            [
              -109.059099433408,
              38.7475214475725
            ],
            [
              -109.059120111728,
              38.7466135209659
            ],
            [
              -109.059182849169,
              38.7438805600206
            ],
            [
              -109.059203047788,
              38.7429901958772
            ],
            [
              -109.059266255946,
              38.7402393999284
            ],
            [
              -109.059286085358,
              38.739366780116
            ],
            [
              -109.059304654433,
              38.7385534284178
            ],
            [
              -109.059349747166,
              38.7365987801153
            ],
            [
              -109.059369227133,
              38.7357431833085
            ],
            [
              -109.059433924698,
              38.7329577182472
            ],
            [
              -109.059453054322,
              38.7321191454794
            ],
            [
              -109.059518195654,
              38.7293168365873
            ],
            [
              -109.059536981224,
              38.7284951073934
            ],
            [
              -109.059602578901,
              38.7256754133512
            ],
            [
              -109.059620888363,
              38.7248711566873
            ],
            [
              -109.059639213995,
              38.7240705044841
            ],
            [
              -109.059686247088,
              38.7220343371759
            ],
            [
              -109.059704355327,
              38.7212373747763
            ],
            [
              -109.059770703996,
              38.7183932717196
            ],
            [
              -109.059788728692,
              38.7176035160212
            ],
            [
              -109.059835253339,
              38.7155855397632
            ],
            [
              -109.05983478891,
              38.7147521364112
            ],
            [
              -109.05983444755,
              38.7139694640882
            ],
            [
              -109.059834856284,
              38.7103349280783
            ],
            [
              -109.059834878741,
              38.7102745569048
            ],
            [
              -109.059834481686,
              38.7095576617078
            ],
            [
              -109.059826329475,
              38.7067115951369
            ],
            [
              -109.059823105421,
              38.7057972283121
            ],
            [
              -109.059815257739,
              38.7030885791135
            ],
            [
              -109.059809599251,
              38.70131977848
            ],
            [
              -109.059803724269,
              38.699465372509
            ],
            [
              -109.059795966418,
              38.6968424128714
            ],
            [
              -109.059792641753,
              38.6958422613819
            ],
            [
              -109.059790008791,
              38.6950632438208
            ],
            [
              -109.059782950728,
              38.6922184506769
            ],
            [
              -109.059775213539,
              38.6885944002979
            ],
            [
              -109.059767357771,
              38.6849702560951
            ],
            [
              -109.059759609802,
              38.6813461113544
            ],
            [
              -109.059756970552,
              38.6805670916199
            ],
            [
              -109.059744501037,
              38.6777388721265
            ],
            [
              -109.05974437168,
              38.6777223805717
            ],
            [
              -109.059729591699,
              38.6740984754301
            ],
            [
              -109.05971469314,
              38.6704744765929
            ],
            [
              -109.059699900582,
              38.6668505671436
            ],
            [
              -109.059698528854,
              38.6666204109301
            ],
            [
              -109.059698901655,
              38.6522877551636
            ],
            [
              -109.059698891774,
              38.6522071986788
            ],
            [
              -109.059698864824,
              38.6516673644859
            ],
            [
              -109.059698611499,
              38.6487723857791
            ],
            [
              -109.059707343124,
              38.6451480439308
            ],
            [
              -109.059716154699,
              38.6415246926111
            ],
            [
              -109.059727055755,
              38.6378959677574
            ],
            [
              -109.05972710067,
              38.6373319845624
            ],
            [
              -109.0597271384,
              38.6372155655602
            ],
            [
              -109.059727112348,
              38.6370930192225
            ],
            [
              -109.059739054552,
              38.6342815861165
            ],
            [
              -109.059741451257,
              38.6337155689619
            ],
            [
              -109.059741866279,
              38.6336106902356
            ],
            [
              -109.059745155011,
              38.6328070740693
            ],
            [
              -109.059739032094,
              38.6306568208631
            ],
            [
              -109.059737412431,
              38.6300991168783
            ],
            [
              -109.059737169886,
              38.6300058511707
            ],
            [
              -109.059728944912,
              38.6270301747142
            ],
            [
              -109.059727394419,
              38.6264826536035
            ],
            [
              -109.059727185112,
              38.6264009220808
            ],
            [
              -109.059718847848,
              38.6234036160305
            ],
            [
              -109.059717254237,
              38.6228661861868
            ],
            [
              -109.05971707637,
              38.6227960791437
            ],
            [
              -109.05971614841,
              38.622459780968
            ],
            [
              -109.059708517222,
              38.6197769616734
            ],
            [
              -109.059707060155,
              38.6192429578207
            ],
            [
              -109.059706827491,
              38.6191705977609
            ],
            [
              -109.059704096613,
              38.6182534336244
            ],
            [
              -109.059712953103,
              38.6161348717711
            ],
            [
              -109.059715121636,
              38.6156196699471
            ],
            [
              -109.0597154073,
              38.6155451556114
            ],
            [
              -109.059728405024,
              38.6124927822462
            ],
            [
              -109.05973052415,
              38.6119964117355
            ],
            [
              -109.059730868205,
              38.6119197358875
            ],
            [
              -109.059743849759,
              38.6088506004728
            ],
            [
              -109.059745802696,
              38.6083731495289
            ],
            [
              -109.059746089259,
              38.608294309845
            ],
            [
              -109.05974802423,
              38.6078388459767
            ],
            [
              -109.059759053745,
              38.6052085026728
            ],
            [
              -109.059760986021,
              38.604757363226
            ],
            [
              -109.059761222278,
              38.6046888846873
            ],
            [
              -109.059774301749,
              38.6015814513938
            ],
            [
              -109.05977615677,
              38.6011416643105
            ],
            [
              -109.059776458604,
              38.6010835493646
            ],
            [
              -109.059789650364,
              38.5979545804756
            ],
            [
              -109.059791436214,
              38.5975258745011
            ],
            [
              -109.059791573657,
              38.5974781199788
            ],
            [
              -109.05980432614,
              38.5943267946914
            ],
            [
              -109.059806014973,
              38.5939101623237
            ],
            [
              -109.059806217992,
              38.5938727706719
            ],
            [
              -109.059808934498,
              38.5932217830784
            ],
            [
              -109.059819878673,
              38.5907001933423
            ],
            [
              -109.059821695965,
              38.5902830217435
            ],
            [
              -109.059821763338,
              38.5902549091835
            ],
            [
              -109.059836795746,
              38.5866557800715
            ],
            [
              -109.059836838865,
              38.5866371280008
            ],
            [
              -109.059851998834,
              38.5830286276262
            ],
            [
              -109.059852050038,
              38.5830139407403
            ],
            [
              -109.059867077955,
              38.5794014710547
            ],
            [
              -109.059870470891,
              38.5786056894436
            ],
            [
              -109.059896821174,
              38.5760907469289
            ],
            [
              -109.059899041809,
              38.5757778365807
            ],
            [
              -109.059925693027,
              38.5721550137995
            ],
            [
              -109.059952440364,
              38.568515429128
            ],
            [
              -109.059979176922,
              38.5648758434187
            ],
            [
              -109.059984181437,
              38.5641990297562
            ],
            [
              -109.059988154685,
              38.5616657792076
            ],
            [
              -109.059988540961,
              38.5612545290346
            ],
            [
              -109.059992158476,
              38.5576332077978
            ],
            [
              -109.059995653821,
              38.5540118832524
            ],
            [
              -109.059999255167,
              38.5503905575387
            ],
            [
              -109.059999768105,
              38.5498421636686
            ],
            [
              -109.060003476351,
              38.5467714929714
            ],
            [
              -109.060007916723,
              38.5431525209756
            ],
            [
              -109.060012236721,
              38.5395334539923
            ],
            [
              -109.060016660026,
              38.5359144768444
            ],
            [
              -109.06001734544,
              38.5353423855992
            ],
            [
              -109.060032201778,
              38.5322998276434
            ],
            [
              -109.060049910268,
              38.5286853018256
            ],
            [
              -109.06006761157,
              38.5250706843903
            ],
            [
              -109.060085301195,
              38.5214561545753
            ],
            [
              -109.060088739048,
              38.5207429067165
            ],
            [
              -109.060102993514,
              38.5178411719312
            ],
            [
              -109.060120676851,
              38.5142261876777
            ],
            [
              -109.060138349407,
              38.5106112011443
            ],
            [
              -109.060156011184,
              38.5069963023422
            ],
            [
              -109.060160208113,
              38.5061433952213
            ],
            [
              -109.060166940088,
              38.5035123088867
            ],
            [
              -109.060163191418,
              38.5031605499233
            ],
            [
              -109.060129709411,
              38.5000279669121
            ],
            [
              -109.060092968316,
              38.4965936416752
            ],
            [
              -109.060092477836,
              38.4965435330148
            ],
            [
              -109.060055239972,
              38.4930591865003
            ],
            [
              -109.060043514263,
              38.4919661421148
            ],
            [
              -109.060036330436,
              38.4894000593193
            ],
            [
              -109.060035225508,
              38.4890095055268
            ],
            [
              -109.060023950753,
              38.4857408581212
            ],
            [
              -109.060022861096,
              38.4854181567191
            ],
            [
              -109.060011448,
              38.4820817425555
            ],
            [
              -109.060010600889,
              38.4818268975612
            ],
            [
              -109.059999512085,
              38.4784226346096
            ],
            [
              -109.059995107645,
              38.4775778717493
            ],
            [
              -109.059945653592,
              38.4747535485144
            ],
            [
              -109.059945214316,
              38.4744962773249
            ],
            [
              -109.06001571949,
              38.4711948255383
            ],
            [
              -109.060097679081,
              38.4676365683641
            ],
            [
              -109.060179737487,
              38.4640783107514
            ],
            [
              -109.060181720069,
              38.4636236484357
            ],
            [
              -109.060187834901,
              38.4628265456333
            ],
            [
              -109.060181883563,
              38.4605207097198
            ],
            [
              -109.060180581904,
              38.4600003924889
            ],
            [
              -109.060147925448,
              38.4569630492867
            ],
            [
              -109.060140163106,
              38.4555630595013
            ],
            [
              -109.060126289525,
              38.4534072134029
            ],
            [
              -109.060118119347,
              38.4519410751093
            ],
            [
              -109.060104882672,
              38.4498511987498
            ],
            [
              -109.060096300167,
              38.4483190918126
            ],
            [
              -109.060095217697,
              38.4480600068796
            ],
            [
              -109.060084958937,
              38.4462952072515
            ],
            [
              -109.060075854511,
              38.4446969499341
            ],
            [
              -109.060063879969,
              38.4427393747349
            ],
            [
              -109.060054365013,
              38.4410750589798
            ],
            [
              -109.060043024681,
              38.439183543643
            ],
            [
              -109.060034921877,
              38.4377102847629
            ],
            [
              -109.060035393493,
              38.4374530270933
            ],
            [
              -109.060040565992,
              38.4356250422224
            ],
            [
              -109.060045875934,
              38.4338346351278
            ],
            [
              -109.060046705079,
              38.4334912377917
            ],
            [
              -109.06005109784,
              38.4319276233551
            ],
            [
              -109.060056102355,
              38.4302169576393
            ],
            [
              -109.060062092321,
              38.4282296689131
            ],
            [
              -109.060066788714,
              38.4265988357002
            ],
            [
              -109.060073078717,
              38.4245317130064
            ],
            [
              -109.0600771939,
              38.4230551380532
            ],
            [
              -109.06007734841,
              38.4229808893065
            ],
            [
              -109.060083917789,
              38.4208388884892
            ],
            [
              -109.060087664662,
              38.4196242581176
            ],
            [
              -109.060088259347,
              38.4193579912234
            ],
            [
              -109.060089561006,
              38.4188726766036
            ],
            [
              -109.060094991322,
              38.4172396902273
            ],
            [
              -109.060099869174,
              38.4157343814381
            ],
            [
              -109.060107621635,
              38.413641958296
            ],
            [
              -109.060112587522,
              38.4121117794692
            ],
            [
              -109.060120129777,
              38.410044132387
            ],
            [
              -109.060125298683,
              38.4084890852726
            ],
            [
              -109.060139497454,
              38.4064549779913
            ],
            [
              -109.06014204328,
              38.4048694293609
            ],
            [
              -109.060143196717,
              38.404299496984
            ],
            [
              -109.060143460821,
              38.4041654167492
            ],
            [
              -109.060146331837,
              38.4012355982187
            ],
            [
              -109.060147693683,
              38.4005378918326
            ],
            [
              -109.060150614106,
              38.3976016745094
            ],
            [
              -109.060151921155,
              38.396910274284
            ],
            [
              -109.060154889188,
              38.3939677490764
            ],
            [
              -109.060155588976,
              38.3932818354107
            ],
            [
              -109.060149599908,
              38.3903400609639
            ],
            [
              -109.060149631349,
              38.3903303289224
            ],
            [
              -109.060150388629,
              38.389732184661
            ],
            [
              -109.060150570089,
              38.3896397336614
            ],
            [
              -109.060153234492,
              38.3867123380211
            ],
            [
              -109.060154516388,
              38.3860088618804
            ],
            [
              -109.06015715474,
              38.3830950709774
            ],
            [
              -109.060158447415,
              38.3823782584863
            ],
            [
              -109.060161175599,
              38.3794779842872
            ],
            [
              -109.06016236946,
              38.3787476524313
            ],
            [
              -109.060161883471,
              38.3758560645336
            ],
            [
              -109.060163045891,
              38.3751525849255
            ],
            [
              -109.060163065654,
              38.3751218572694
            ],
            [
              -109.060166534049,
              38.3722319548685
            ],
            [
              -109.060167851878,
              38.3715011737807
            ],
            [
              -109.060171296019,
              38.3686076650948
            ],
            [
              -109.060172744103,
              38.3678804908362
            ],
            [
              -109.06017572651,
              38.3659127770412
            ],
            [
              -109.06017540132,
              38.3649819210584
            ],
            [
              -109.060174234408,
              38.3642583067905
            ],
            [
              -109.060146848368,
              38.3606371755582
            ],
            [
              -109.060146900471,
              38.360600951744
            ],
            [
              -109.060157037959,
              38.357014411368
            ],
            [
              -109.06016709909,
              38.3533918230542
            ],
            [
              -109.060177268917,
              38.3497691443774
            ],
            [
              -109.060187132419,
              38.3475427384348
            ],
            [
              -109.060182211448,
              38.3461447549426
            ],
            [
              -109.060182077599,
              38.3460940197514
            ],
            [
              -109.060182657012,
              38.3425213706166
            ],
            [
              -109.060183425072,
              38.338898440587
            ],
            [
              -109.060184074554,
              38.335275416045
            ],
            [
              -109.060184768053,
              38.3316632940714
            ],
            [
              -109.060184715052,
              38.3316523893205
            ],
            [
              -109.060183161865,
              38.3280384264644
            ],
            [
              -109.060181597,
              38.3244246406946
            ],
            [
              -109.060180031237,
              38.3208105831288
            ],
            [
              -109.060178523864,
              38.3172112126335
            ],
            [
              -109.060178566983,
              38.3171967048368
            ],
            [
              -109.06017606787,
              38.3136471481175
            ],
            [
              -109.060173536417,
              38.3100212639368
            ],
            [
              -109.060172019163,
              38.3072026199126
            ],
            [
              -109.06017154575,
              38.3063962875589
            ],
            [
              -109.060161450483,
              38.3027704546635
            ],
            [
              -109.060161506179,
              38.3023519741742
            ],
            [
              -109.060163720526,
              38.2991480676776
            ],
            [
              -109.060163914562,
              38.2981319644353
            ],
            [
              -109.060165430918,
              38.2955249492011
            ],
            [
              -109.060167069445,
              38.2926899502224
            ],
            [
              -109.060166785578,
              38.2919020030378
            ],
            [
              -109.060159653853,
              38.2882797249247
            ],
            [
              -109.060159908076,
              38.2878665639941
            ],
            [
              -109.060188346043,
              38.284655695003
            ],
            [
              -109.060194764506,
              38.2835600328259
            ],
            [
              -109.060203631776,
              38.2810324325828
            ],
            [
              -109.060214418746,
              38.2782435361289
            ],
            [
              -109.060211711223,
              38.2774089582941
            ],
            [
              -109.060198182595,
              38.275533491201
            ],
            [
              -109.059907361107,
              38.273785992179
            ],
            [
              -109.059863061587,
              38.2735091545297
            ],
            [
              -109.059322973777,
              38.2701592921682
            ],
            [
              -109.058737837252,
              38.2665325746751
            ],
            [
              -109.058152753728,
              38.2629057635532
            ],
            [
              -109.057567720509,
              38.2592789498141
            ],
            [
              -109.05756399789,
              38.2592556386723
            ],
            [
              -109.05699513794,
              38.2556585548126
            ],
            [
              -109.056422718865,
              38.2520381586043
            ],
            [
              -109.055850234212,
              38.2484177576939
            ],
            [
              -109.055310520101,
              38.2450058759693
            ],
            [
              -109.055277225842,
              38.2447974332472
            ],
            [
              -109.054695900869,
              38.2411780481929
            ],
            [
              -109.054114740287,
              38.2375586621618
            ],
            [
              -109.053992038504,
              38.236791386755
            ],
            [
              -109.053534138458,
              38.2339372980441
            ],
            [
              -109.053027278432,
              38.2307783529611
            ],
            [
              -109.052950135607,
              38.2303168649851
            ],
            [
              -109.052679852301,
              38.2285775205067
            ],
            [
              -109.052119359259,
              38.2249563894515
            ],
            [
              -109.051558799742,
              38.2213352538618
            ],
            [
              -109.05099840282,
              38.2177141165925
            ],
            [
              -109.050637785827,
              38.2153909524899
            ],
            [
              -109.050430658577,
              38.2140876262195
            ],
            [
              -109.049858106551,
              38.210467630303
            ],
            [
              -109.049285715323,
              38.2068477232698
            ],
            [
              -109.048715095573,
              38.2032402763419
            ],
            [
              -109.048249673035,
              38.2003007848543
            ],
            [
              -109.048142226442,
              38.1996290940693
            ],
            [
              -109.04758116297,
              38.1960095432484
            ],
            [
              -109.047020031226,
              38.1923900765601
            ],
            [
              -109.046826782049,
              38.1911697866387
            ],
            [
              -109.046583150859,
              38.1896474071313
            ],
            [
              -109.046440681648,
              38.188757687082
            ],
            [
              -109.046116547934,
              38.1867320336727
            ],
            [
              -109.046010689563,
              38.1860705491276
            ],
            [
              -109.046003146409,
              38.1860238347081
            ],
            [
              -109.045858006507,
              38.1851234359554
            ],
            [
              -109.045419758904,
              38.1824005621902
            ],
            [
              -109.045294220242,
              38.181621510895
            ],
            [
              -109.04483641901,
              38.1787773763968
            ],
            [
              -109.044730481587,
              38.1781195834538
            ],
            [
              -109.044253243507,
              38.1751541890995
            ],
            [
              -109.044131054662,
              38.1743958274177
            ],
            [
              -109.043684629695,
              38.1716200917452
            ],
            [
              -109.043669893731,
              38.171526578667
            ],
            [
              -109.043535887549,
              38.1706726791427
            ],
            [
              -109.043100439995,
              38.1678976633085
            ],
            [
              -109.042967508197,
              38.1670509901669
            ],
            [
              -109.04284560322,
              38.166274339249
            ],
            [
              -109.042787473238,
              38.164269866861
            ],
            [
              -109.042763036367,
              38.1634295972937
            ],
            [
              -109.042682337112,
              38.1606430998204
            ],
            [
              -109.042658054752,
              38.1598098617105
            ],
            [
              -109.042582482182,
              38.1571944842954
            ],
            [
              -109.042582990628,
              38.157021834362
            ],
            [
              -109.042585174433,
              38.1561890366164
            ],
            [
              -109.042593107455,
              38.1533998684497
            ],
            [
              -109.04259536043,
              38.1525601326912
            ],
            [
              -109.042603222485,
              38.1497776301107
            ],
            [
              -109.042605423357,
              38.1489312248081
            ],
            [
              -109.042613323142,
              38.1461555700637
            ],
            [
              -109.04261516379,
              38.1454036874718
            ],
            [
              -109.042621246283,
              38.1429178086806
            ],
            [
              -109.042622406008,
              38.1425328596385
            ],
            [
              -109.042624214317,
              38.141876047383
            ],
            [
              -109.042632385392,
              38.1389104328151
            ],
            [
              -109.04263447128,
              38.1381748653126
            ],
            [
              -109.042636998241,
              38.1373288242187
            ],
            [
              -109.042642698052,
              38.135288009865
            ],
            [
              -109.042645063316,
              38.1344735958408
            ],
            [
              -109.042652774454,
              38.1316655809284
            ],
            [
              -109.042655207092,
              38.1308485543951
            ],
            [
              -109.042663461711,
              38.1283231455611
            ],
            [
              -109.04266292901,
              38.1280441424053
            ],
            [
              -109.042661464756,
              38.1272234459699
            ],
            [
              -109.042656873467,
              38.1244227920458
            ],
            [
              -109.042654790274,
              38.123198102096
            ],
            [
              -109.042650813432,
              38.1208013496832
            ],
            [
              -109.042648679933,
              38.119578460505
            ],
            [
              -109.042644632125,
              38.1171799036798
            ],
            [
              -109.042642391726,
              38.1159480903584
            ],
            [
              -109.042640652588,
              38.1149879804287
            ],
            [
              -109.042633237894,
              38.1135569267057
            ],
            [
              -109.042626855363,
              38.1123178344692
            ],
            [
              -109.042614877227,
              38.109934011737
            ],
            [
              -109.042608622258,
              38.1086943802214
            ],
            [
              -109.042606124942,
              38.1082239398415
            ],
            [
              -109.042602102286,
              38.1063110075483
            ],
            [
              -109.042599501663,
              38.1050710756307
            ],
            [
              -109.042594561827,
              38.1026881792424
            ],
            [
              -109.042591847119,
              38.1014481547359
            ],
            [
              -109.042587722055,
              38.0995217019051
            ],
            [
              -109.042600053229,
              38.0983203161811
            ],
            [
              -109.042599013878,
              38.0978293530806
            ],
            [
              -109.042596809412,
              38.0947025112762
            ],
            [
              -109.042595852706,
              38.0942169562414
            ],
            [
              -109.042595207716,
              38.093907761514
            ],
            [
              -109.042478477035,
              38.0910858500793
            ],
            [
              -109.042458323331,
              38.0906061031157
            ],
            [
              -109.042328771894,
              38.0874700167468
            ],
            [
              -109.0423089335,
              38.0869955912868
            ],
            [
              -109.042234093955,
              38.0851979917064
            ],
            [
              -109.042178078607,
              38.0838529927432
            ],
            [
              -109.042159802383,
              38.0833841799179
            ],
            [
              -109.042017745499,
              38.0802343642665
            ],
            [
              -109.041997676237,
              38.0797601145938
            ],
            [
              -109.041989373109,
              38.0795628040507
            ],
            [
              -109.04201378303,
              38.0766132033402
            ],
            [
              -109.042017918873,
              38.0761333189754
            ],
            [
              -109.04204388827,
              38.0729924281398
            ],
            [
              -109.042048054656,
              38.0725070471389
            ],
            [
              -109.042060591544,
              38.0710409020346
            ],
            [
              -109.042074861283,
              38.0693686009974
            ],
            [
              -109.042079742728,
              38.0688777348222
            ],
            [
              -109.04211163831,
              38.0657490146228
            ],
            [
              -109.042116059818,
              38.0652582302484
            ],
            [
              -109.042116416449,
              38.065219216111
            ],
            [
              -109.042147834128,
              38.0621294160842
            ],
            [
              -109.042152256534,
              38.0616385416523
            ],
            [
              -109.042184243745,
              38.0585099093873
            ],
            [
              -109.042188664354,
              38.0580190347239
            ],
            [
              -109.04219910188,
              38.056891865058
            ],
            [
              -109.042218535134,
              38.0548882020504
            ],
            [
              -109.042223068033,
              38.0543973292671
            ],
            [
              -109.042243493926,
              38.0512656173
            ],
            [
              -109.042244949197,
              38.0511040640856
            ],
            [
              -109.042254999548,
              38.050872274426
            ],
            [
              -109.042259988791,
              38.0507577307932
            ],
            [
              -109.042393058031,
              38.0476450151451
            ],
            [
              -109.042415815052,
              38.0471201111232
            ],
            [
              -109.042548182708,
              38.044024414325
            ],
            [
              -109.042571622448,
              38.0434823085803
            ],
            [
              -109.042627201215,
              38.0421954829958
            ],
            [
              -109.042704379074,
              38.0404012148394
            ],
            [
              -109.042737155006,
              38.0398421426632
            ],
            [
              -109.042861412671,
              38.0367799197438
            ],
            [
              -109.042876763981,
              38.0364258405718
            ],
            [
              -109.0428771269,
              38.0361810919704
            ],
            [
              -109.042875271879,
              38.0331562379898
            ],
            [
              -109.042876011192,
              38.0325634685015
            ],
            [
              -109.042874206477,
              38.0295322156259
            ],
            [
              -109.042875002384,
              38.0289458453809
            ],
            [
              -109.042876008497,
              38.0276965870902
            ],
            [
              -109.042878026114,
              38.0259126878825
            ],
            [
              -109.04287853456,
              38.0253328010556
            ],
            [
              -109.042868896535,
              38.0222700536164
            ],
            [
              -109.042869422948,
              38.0218007386256
            ],
            [
              -109.042869542424,
              38.0217191857954
            ],
            [
              -109.042860760494,
              38.0186454573479
            ],
            [
              -109.0428613435,
              38.018105492112
            ],
            [
              -109.042860156826,
              38.0150286438464
            ],
            [
              -109.04286101831,
              38.0144781398674
            ],
            [
              -109.042862126831,
              38.0131261477531
            ],
            [
              -109.042863264098,
              38.0114090062108
            ],
            [
              -109.042863959395,
              38.0108475950938
            ],
            [
              -109.042860831461,
              38.0077961235134
            ],
            [
              -109.042861578859,
              38.007219844027
            ],
            [
              -109.042861556401,
              38.0072035324882
            ],
            [
              -109.042885251263,
              38.0041881917885
            ],
            [
              -109.042887297626,
              38.0035972449535
            ],
            [
              -109.042907186326,
              38.0005833713199
            ],
            [
              -109.042909134772,
              37.9999617823548
            ],
            [
              -109.042914919922,
              37.9985876067874
            ],
            [
              -109.04292233282,
              37.9969722169382
            ],
            [
              -109.04292430013,
              37.9963198985243
            ],
            [
              -109.042932327476,
              37.9945270794746
            ],
            [
              -109.042933227588,
              37.993353600689
            ],
            [
              -109.042933302148,
              37.9926781807471
            ],
            [
              -109.042942129892,
              37.9897410772156
            ],
            [
              -109.042942243978,
              37.9890426774208
            ],
            [
              -109.042953381291,
              37.9861255267884
            ],
            [
              -109.042953662464,
              37.9854250570103
            ],
            [
              -109.042955904659,
              37.9839694447594
            ],
            [
              -109.042957292556,
              37.9825030936544
            ],
            [
              -109.042957060791,
              37.981800452377
            ],
            [
              -109.042957491982,
              37.9799114383395
            ],
            [
              -109.042944472698,
              37.9788844349358
            ],
            [
              -109.042935308086,
              37.9781751560463
            ],
            [
              -109.042901066104,
              37.975268419646
            ],
            [
              -109.042891970662,
              37.9745522022753
            ],
            [
              -109.042856911213,
              37.9716504069556
            ],
            [
              -109.042847539988,
              37.9709274260303
            ],
            [
              -109.042828390601,
              37.9694067506883
            ],
            [
              -109.042810976759,
              37.9680307414901
            ],
            [
              -109.042801451922,
              37.9673006379849
            ],
            [
              -109.04278245974,
              37.9658297088224
            ],
            [
              -109.042747233205,
              37.9644042884018
            ],
            [
              -109.042728988421,
              37.9636725078611
            ],
            [
              -109.04265831167,
              37.9607786761001
            ],
            [
              -109.042639771341,
              37.9600451780018
            ],
            [
              -109.042570761862,
              37.9571529046284
            ],
            [
              -109.042552711115,
              37.9564223883953
            ],
            [
              -109.042513995523,
              37.9548326243881
            ],
            [
              -109.04248197238,
              37.953526660205
            ],
            [
              -109.042464056379,
              37.9527996602196
            ],
            [
              -109.042430792663,
              37.9514375316293
            ],
            [
              -109.042394689372,
              37.9499080082403
            ],
            [
              -109.042377176715,
              37.94917867165
            ],
            [
              -109.042310656468,
              37.9462913011054
            ],
            [
              -109.042293089913,
              37.945559709881
            ],
            [
              -109.042229182865,
              37.9426724719934
            ],
            [
              -109.042207603536,
              37.9417533701577
            ],
            [
              -109.042172539595,
              37.9402404441394
            ],
            [
              -109.042144781653,
              37.9390525103554
            ],
            [
              -109.042122912167,
              37.9381271853109
            ],
            [
              -109.042093634275,
              37.9368721792708
            ],
            [
              -109.04208668401,
              37.9354318135273
            ],
            [
              -109.042081814243,
              37.9345004630432
            ],
            [
              -109.042071008408,
              37.9318116405077
            ],
            [
              -109.042066183557,
              37.9308742519596
            ],
            [
              -109.042051823987,
              37.928190595514
            ],
            [
              -109.042046454757,
              37.927252207043
            ],
            [
              -109.042037583893,
              37.9256523896493
            ],
            [
              -109.042035376733,
              37.9245690540123
            ],
            [
              -109.042033554949,
              37.9236298228351
            ],
            [
              -109.042031083684,
              37.9223119071752
            ],
            [
              -109.042029552955,
              37.9209456149713
            ],
            [
              -109.042028390535,
              37.9200072049074
            ],
            [
              -109.042026095339,
              37.9173227535596
            ],
            [
              -109.042025018259,
              37.9163853354997
            ],
            [
              -109.042023080593,
              37.9137000779757
            ],
            [
              -109.042021959496,
              37.912759955327
            ],
            [
              -109.042020289527,
              37.9110768952192
            ],
            [
              -109.04201984037,
              37.9100770354548
            ],
            [
              -109.042019834082,
              37.9100644190086
            ],
            [
              -109.042019473857,
              37.9091341314085
            ],
            [
              -109.042018977089,
              37.9077584810336
            ],
            [
              -109.042018650102,
              37.9064493399568
            ],
            [
              -109.042018230589,
              37.9055083265527
            ],
            [
              -109.04201867795,
              37.9028225635618
            ],
            [
              -109.042018324912,
              37.9018832630905
            ],
            [
              -109.042017351138,
              37.899195132073
            ],
            [
              -109.042016836403,
              37.8982618659323
            ],
            [
              -109.042015999174,
              37.8964695945139
            ],
            [
              -109.042015454795,
              37.8955674183012
            ],
            [
              -109.042015012823,
              37.8946399205447
            ],
            [
              -109.042014410952,
              37.8932034362031
            ],
            [
              -109.042012441845,
              37.8919472537191
            ],
            [
              -109.042010908421,
              37.8910179358924
            ],
            [
              -109.042007588248,
              37.888327598095
            ],
            [
              -109.042006100638,
              37.8873964770488
            ],
            [
              -109.042005328985,
              37.884708433811
            ],
            [
              -109.042004132429,
              37.8837705584177
            ],
            [
              -109.042002688836,
              37.8818804049115
            ],
            [
              -109.042002506478,
              37.8810888073283
            ],
            [
              -109.042002394189,
              37.8801442811543
            ],
            [
              -109.042002682548,
              37.8786565310643
            ],
            [
              -109.042004514213,
              37.8774625008349
            ],
            [
              -109.042005765566,
              37.8765179061762
            ],
            [
              -109.042012402319,
              37.8738371007273
            ],
            [
              -109.042013650978,
              37.8728925063806
            ],
            [
              -109.042017201119,
              37.8702120980138
            ],
            [
              -109.04201809674,
              37.8692636221482
            ],
            [
              -109.042020312884,
              37.8672946716941
            ],
            [
              -109.042024849376,
              37.8665865105875
            ],
            [
              -109.042031079192,
              37.8656339769458
            ],
            [
              -109.0420477645,
              37.8632083682088
            ],
            [
              -109.042047172511,
              37.86296017315
            ],
            [
              -109.042044944689,
              37.862004974933
            ],
            [
              -109.042039918615,
              37.8593343331717
            ],
            [
              -109.042037765353,
              37.8583762523933
            ],
            [
              -109.042033236946,
              37.8557038151956
            ],
            [
              -109.042030732443,
              37.8545183591851
            ],
            [
              -109.04202711313,
              37.8527091773576
            ],
            [
              -109.042025643487,
              37.852073099259
            ],
            [
              -109.042023046457,
              37.8509039531099
            ],
            [
              -109.04201874173,
              37.8484546492218
            ],
            [
              -109.042016272262,
              37.8472891988855
            ],
            [
              -109.042011907348,
              37.8448290782238
            ],
            [
              -109.042009489981,
              37.8436744433834
            ],
            [
              -109.042004582485,
              37.8412045796671
            ],
            [
              -109.042002040252,
              37.840050301675
            ],
            [
              -109.041997990647,
              37.8381150334066
            ],
            [
              -109.041997466031,
              37.8375805322663
            ],
            [
              -109.04199651202,
              37.8364262805674
            ],
            [
              -109.041995320854,
              37.8339572873132
            ],
            [
              -109.041994388403,
              37.8328021339162
            ],
            [
              -109.041993165796,
              37.8303341297655
            ],
            [
              -109.041992254006,
              37.8291780745931
            ],
            [
              -109.041990776277,
              37.8267109667165
            ],
            [
              -109.041989888742,
              37.8255539202855
            ],
            [
              -109.041988443352,
              37.8235281215029
            ],
            [
              -109.041988038212,
              37.8230877953592
            ],
            [
              -109.041987055455,
              37.8219299356913
            ],
            [
              -109.041985447471,
              37.8194587670258
            ],
            [
              -109.041984440459,
              37.8183060435173
            ],
            [
              -109.041982957341,
              37.8158299186394
            ],
            [
              -109.041981933261,
              37.8146820607153
            ],
            [
              -109.04198023814,
              37.8122008847677
            ],
            [
              -109.041979215858,
              37.8110571711463
            ],
            [
              -109.041977737231,
              37.8089416992736
            ],
            [
              -109.041977393176,
              37.8085720266661
            ],
            [
              -109.041976376283,
              37.8074322774942
            ],
            [
              -109.041974675772,
              37.8049509182498
            ],
            [
              -109.041973650795,
              37.8038071136259
            ],
            [
              -109.041972059878,
              37.8013299907218
            ],
            [
              -109.041971028612,
              37.8001820394055
            ],
            [
              -109.041969332593,
              37.7977086982809
            ],
            [
              -109.041968266293,
              37.7965576823781
            ],
            [
              -109.04196659902,
              37.7943540661337
            ],
            [
              -109.041966363661,
              37.7940876705557
            ],
            [
              -109.041965269513,
              37.7929333186074
            ],
            [
              -109.041963114455,
              37.7904597873205
            ],
            [
              -109.04196192239,
              37.7893090375732
            ],
            [
              -109.04195985896,
              37.786831811857
            ],
            [
              -109.041958681269,
              37.7856847569657
            ],
            [
              -109.041956052798,
              37.7832029234585
            ],
            [
              -109.041954866124,
              37.7820819125507
            ],
            [
              -109.041952331078,
              37.7797641868459
            ],
            [
              -109.041956330378,
              37.7795739214878
            ],
            [
              -109.041979311079,
              37.7784792652666
            ],
            [
              -109.042025405433,
              37.7762804933751
            ],
            [
              -109.042025431484,
              37.7759524594748
            ],
            [
              -109.042025428789,
              37.774876706536
            ],
            [
              -109.042025735115,
              37.7723303031202
            ],
            [
              -109.042025797098,
              37.7712735653735
            ],
            [
              -109.042026194154,
              37.7687105796733
            ],
            [
              -109.04202630824,
              37.7676345573295
            ],
            [
              -109.042026532819,
              37.7652544195169
            ],
            [
              -109.042026631633,
              37.7650913955703
            ],
            [
              -109.042026497784,
              37.7640117634053
            ],
            [
              -109.042026295663,
              37.7619145018678
            ],
            [
              -109.042026379207,
              37.7618510591431
            ],
            [
              -109.042028374365,
              37.7603892657153
            ],
            [
              -109.042031311856,
              37.7582287013647
            ],
            [
              -109.042033303421,
              37.7567669066652
            ],
            [
              -109.042036458304,
              37.7546065255878
            ],
            [
              -109.042038556769,
              37.753136260512
            ],
            [
              -109.04204164338,
              37.7509955227287
            ],
            [
              -109.042043794845,
              37.7495058822609
            ],
            [
              -109.042046788032,
              37.7474244401273
            ],
            [
              -109.04204670359,
              37.7473846064598
            ],
            [
              -109.042043351976,
              37.745875407585
            ],
            [
              -109.042038704991,
              37.7437736510938
            ],
            [
              -109.042035291393,
              37.7422451646901
            ],
            [
              -109.042031047751,
              37.7401624293341
            ],
            [
              -109.042027921614,
              37.7386143011647
            ],
            [
              -109.042023694142,
              37.7365350789669
            ],
            [
              -109.04202042158,
              37.7349837930842
            ],
            [
              -109.042016143802,
              37.7329149331797
            ],
            [
              -109.042016222854,
              37.7329076347009
            ],
            [
              -109.042011782482,
              37.7313531744661
            ],
            [
              -109.042006109621,
              37.7292811359972
            ],
            [
              -109.04200165757,
              37.7277227096332
            ],
            [
              -109.041996148202,
              37.7256529249632
            ],
            [
              -109.041991940494,
              37.7240980168569
            ],
            [
              -109.041986388007,
              37.7220211112976
            ],
            [
              -109.0419845788,
              37.7213832123948
            ],
            [
              -109.041981985364,
              37.7204734984214
            ],
            [
              -109.041976392453,
              37.7183893817637
            ],
            [
              -109.041975916346,
              37.7182135491569
            ],
            [
              -109.041970093466,
              37.7168490364232
            ],
            [
              -109.041961489402,
              37.7147584697726
            ],
            [
              -109.04195502243,
              37.7132244290805
            ],
            [
              -109.041946105753,
              37.7111240326241
            ],
            [
              -109.041939765444,
              37.7096152274175
            ],
            [
              -109.041930887394,
              37.7075003214252
            ],
            [
              -109.041924503067,
              37.7060060233804
            ],
            [
              -109.041915549559,
              37.7038766057439
            ],
            [
              -109.041914414986,
              37.703613706583
            ],
            [
              -109.041909222724,
              37.7023972676128
            ],
            [
              -109.04190028269,
              37.7002542410414
            ],
            [
              -109.041893947771,
              37.6987880603643
            ],
            [
              -109.041884280102,
              37.6966337549616
            ],
            [
              -109.041877700841,
              37.695146571324
            ],
            [
              -109.041868084376,
              37.6930074061054
            ],
            [
              -109.041865626585,
              37.6924455548339
            ],
            [
              -109.041861430554,
              37.6915057102446
            ],
            [
              -109.041851874276,
              37.6893814151788
            ],
            [
              -109.041850228563,
              37.689017121138
            ],
            [
              -109.041856161935,
              37.6878645801146
            ],
            [
              -109.041866731513,
              37.6857553073818
            ],
            [
              -109.041874474092,
              37.6842233885152
            ],
            [
              -109.041880694926,
              37.6825422952575
            ],
            [
              -109.041882717932,
              37.6821290365181
            ],
            [
              -109.041886497144,
              37.6812824172005
            ],
            [
              -109.041893686361,
              37.6789175046824
            ],
            [
              -109.04189731825,
              37.6781799283602
            ],
            [
              -109.041901097462,
              37.6774151381705
            ],
            [
              -109.041911166678,
              37.675307025853
            ],
            [
              -109.041914638667,
              37.674605675238
            ],
            [
              -109.041913853539,
              37.6737901610703
            ],
            [
              -109.041913316347,
              37.6731377687375
            ],
            [
              -109.041911852093,
              37.6716968064855
            ],
            [
              -109.041910045581,
              37.6701652671173
            ],
            [
              -109.041909506592,
              37.6695128749134
            ],
            [
              -109.041907969574,
              37.6680616362251
            ],
            [
              -109.041906246606,
              37.6665397402892
            ],
            [
              -109.041905669887,
              37.6658456211401
            ],
            [
              -109.041903845409,
              37.6644267302154
            ],
            [
              -109.041903152808,
              37.6635514663411
            ],
            [
              -109.041902749464,
              37.6629153874899
            ],
            [
              -109.041900768679,
              37.6608034654074
            ],
            [
              -109.041899517326,
              37.6592849999113
            ],
            [
              -109.04189756888,
              37.6571802868871
            ],
            [
              -109.041896278899,
              37.6556545201412
            ],
            [
              -109.041894411302,
              37.65355521397
            ],
            [
              -109.04189300993,
              37.6520249389385
            ],
            [
              -109.041892491602,
              37.6512765662124
            ],
            [
              -109.04189136242,
              37.6499300515577
            ],
            [
              -109.041890644666,
              37.6489260023061
            ],
            [
              -109.041890309594,
              37.6483950046447
            ],
            [
              -109.041889468771,
              37.6463037341675
            ],
            [
              -109.041888804018,
              37.6447710356948
            ],
            [
              -109.041887919177,
              37.6426769701342
            ],
            [
              -109.041887180762,
              37.6411469731559
            ],
            [
              -109.041886452228,
              37.6390511067251
            ],
            [
              -109.041885663507,
              37.6375229109467
            ],
            [
              -109.041885216146,
              37.6367327219351
            ],
            [
              -109.041884608885,
              37.6354263162597
            ],
            [
              -109.04188426483,
              37.6342954707323
            ],
            [
              -109.041883981861,
              37.6339004654029
            ],
            [
              -109.041883691705,
              37.6331085660566
            ],
            [
              -109.041883952217,
              37.6317992004658
            ],
            [
              -109.041883893826,
              37.6308084980371
            ],
            [
              -109.041884458867,
              37.630273187624
            ],
            [
              -109.041889132801,
              37.6281738918844
            ],
            [
              -109.041891915782,
              37.6266473755863
            ],
            [
              -109.041896532224,
              37.6245543865451
            ],
            [
              -109.041899339459,
              37.6230224617546
            ],
            [
              -109.04190045876,
              37.6221982313092
            ],
            [
              -109.041902476376,
              37.6209338632202
            ],
            [
              -109.041904140954,
              37.6197692532028
            ],
            [
              -109.041904528128,
              37.6193960669013
            ],
            [
              -109.041907652469,
              37.6175841394461
            ],
            [
              -109.041907876149,
              37.6173164829968
            ],
            [
              -109.041909399692,
              37.6162608268327
            ],
            [
              -109.041909635051,
              37.6157724631379
            ],
            [
              -109.041912836646,
              37.6136982827821
            ],
            [
              -109.041914735685,
              37.6121487667503
            ],
            [
              -109.041917992078,
              37.6100809846315
            ],
            [
              -109.041919939625,
              37.6085251599375
            ],
            [
              -109.041923027135,
              37.6064635923781
            ],
            [
              -109.041923496056,
              37.6052750782838
            ],
            [
              -109.041925466959,
              37.6049018277809
            ],
            [
              -109.041935917959,
              37.6028746273587
            ],
            [
              -109.041944221986,
              37.6012661858303
            ],
            [
              -109.041954540035,
              37.5992568262799
            ],
            [
              -109.041962960843,
              37.5976308117578
            ],
            [
              -109.041973268112,
              37.5956389339772
            ],
            [
              -109.04198169431,
              37.5939952550759
            ],
            [
              -109.041991870425,
              37.5920211284196
            ],
            [
              -109.04199975404,
              37.5905794928858
            ],
            [
              -109.041999042574,
              37.5903603051961
            ],
            [
              -109.041991476065,
              37.5884018343562
            ],
            [
              -109.041976578404,
              37.5849640728166
            ],
            [
              -109.041975914549,
              37.5847819257797
            ],
            [
              -109.04196012576,
              37.5811618311993
            ],
            [
              -109.041954193285,
              37.5795858623634
            ],
            [
              -109.041946253077,
              37.5775418567541
            ],
            [
              -109.041942832292,
              37.5762589150689
            ],
            [
              -109.041890224254,
              37.5742082188574
            ],
            [
              -109.04188260654,
              37.5739241184837
            ],
            [
              -109.04179256301,
              37.5703069314181
            ],
            [
              -109.041754330711,
              37.5688313604042
            ],
            [
              -109.041699471495,
              37.5666894219907
            ],
            [
              -109.041663313407,
              37.565298959978
            ],
            [
              -109.04160637998,
              37.5630720003436
            ],
            [
              -109.041582466828,
              37.5621434364087
            ],
            [
              -109.041587442596,
              37.5617675292509
            ],
            [
              -109.041623050017,
              37.5594521627295
            ],
            [
              -109.041640449486,
              37.5582385061712
            ],
            [
              -109.041677631654,
              37.5558324106046
            ],
            [
              -109.041693549801,
              37.554709752497
            ],
            [
              -109.041732436073,
              37.5522123003229
            ],
            [
              -109.04174827427,
              37.5510925240536
            ],
            [
              -109.041787121016,
              37.5485919159055
            ],
            [
              -109.041795252566,
              37.5480086894869
            ],
            [
              -109.04180807961,
              37.5474752881331
            ],
            [
              -109.041874210886,
              37.5449697231531
            ],
            [
              -109.041901711012,
              37.5438581601527
            ],
            [
              -109.04196807046,
              37.5413477311942
            ],
            [
              -109.041995430449,
              37.5402413018508
            ],
            [
              -109.042061927339,
              37.5377251964264
            ],
            [
              -109.042089204683,
              37.5366217386009
            ],
            [
              -109.042155771642,
              37.5341024785417
            ],
            [
              -109.042168560957,
              37.5335701566499
            ],
            [
              -109.042182273739,
              37.5330025225302
            ],
            [
              -109.042249823456,
              37.5304798518154
            ],
            [
              -109.042277010968,
              37.5293881083635
            ],
            [
              -109.042344745737,
              37.5268578691342
            ],
            [
              -109.042371725738,
              37.5257738716998
            ],
            [
              -109.042439782104,
              37.5232352546082
            ],
            [
              -109.042465157714,
              37.5222080973767
            ],
            [
              -109.04253502688,
              37.5196126415845
            ],
            [
              -109.042554238251,
              37.5191459450263
            ],
            [
              -109.042563198047,
              37.5186385224228
            ],
            [
              -109.042610805164,
              37.5160025912636
            ],
            [
              -109.042627473404,
              37.5150658617105
            ],
            [
              -109.04267595009,
              37.5123789344813
            ],
            [
              -109.042691739778,
              37.5114930192693
            ],
            [
              -109.042741077948,
              37.508755365419
            ],
            [
              -109.042756975434,
              37.5078652156476
            ],
            [
              -109.042806302825,
              37.5051318862591
            ],
            [
              -109.042812369148,
              37.504791321999
            ],
            [
              -109.042827855205,
              37.5042416490963
            ],
            [
              -109.042905942159,
              37.5015112279863
            ],
            [
              -109.04293135999,
              37.5006157372799
            ],
            [
              -109.043009294231,
              37.4978906293238
            ],
            [
              -109.043034759673,
              37.4969931559122
            ],
            [
              -109.04311262654,
              37.4942701181088
            ],
            [
              -109.04313683434,
              37.4934163330492
            ],
            [
              -109.043216056765,
              37.4906495161925
            ],
            [
              -109.04322242582,
              37.4904227820735
            ],
            [
              -109.043238193949,
              37.489835891172
            ],
            [
              -109.043314779818,
              37.4870265811081
            ],
            [
              -109.043335532698,
              37.486257183726
            ],
            [
              -109.043413364531,
              37.4834039122745
            ],
            [
              -109.04343296577,
              37.4826785650278
            ],
            [
              -109.043511935769,
              37.4797811504731
            ],
            [
              -109.043531593602,
              37.4790534604606
            ],
            [
              -109.043610490837,
              37.4761582964349
            ],
            [
              -109.043613096849,
              37.4760627188127
            ],
            [
              -109.043628692501,
              37.4754256249329
            ],
            [
              -109.043700243313,
              37.4725341224894
            ],
            [
              -109.04371833718,
              37.4717924365596
            ],
            [
              -109.043789748753,
              37.468910122878
            ],
            [
              -109.043808100436,
              37.4681584370208
            ],
            [
              -109.043879124836,
              37.4652861186915
            ],
            [
              -109.043897193549,
              37.4645494789009
            ],
            [
              -109.04396859075,
              37.4616623844839
            ],
            [
              -109.043970207717,
              37.4615959904919
            ],
            [
              -109.043986946924,
              37.4609406189525
            ],
            [
              -109.044061589738,
              37.4580412299977
            ],
            [
              -109.044079591078,
              37.4573373030775
            ],
            [
              -109.044154683948,
              37.4544201647242
            ],
            [
              -109.044172245113,
              37.4537329934856
            ],
            [
              -109.044247416136,
              37.4507992721464
            ],
            [
              -109.044264108631,
              37.4501453414153
            ],
            [
              -109.044338361575,
              37.4472463911874
            ],
            [
              -109.04434013485,
              37.447178287016
            ],
            [
              -109.044355556228,
              37.4465556972064
            ],
            [
              -109.044430393078,
              37.4435513103095
            ],
            [
              -109.044445267382,
              37.4429496206388
            ],
            [
              -109.044520635136,
              37.4399243318115
            ],
            [
              -109.044535070165,
              37.4393437233335
            ],
            [
              -109.04461097062,
              37.4362974428543
            ],
            [
              -109.044624623215,
              37.4357468316512
            ],
            [
              -109.044696700441,
              37.4328512639241
            ],
            [
              -109.044701174051,
              37.4326706392024
            ],
            [
              -109.044714442167,
              37.4321390379217
            ],
            [
              -109.044796882358,
              37.4288229407739
            ],
            [
              -109.04480341311,
              37.4285588957257
            ],
            [
              -109.04488654141,
              37.4252157714082
            ],
            [
              -109.044892363391,
              37.4249789311596
            ],
            [
              -109.044976172614,
              37.4216090496439
            ],
            [
              -109.044982700671,
              37.4213450041239
            ],
            [
              -109.0450545623,
              37.4184557342348
            ],
            [
              -109.04505961712,
              37.4180006009406
            ],
            [
              -109.045062798055,
              37.4177088316779
            ],
            [
              -109.045104417002,
              37.4143742971751
            ],
            [
              -109.045107873719,
              37.4140631557961
            ],
            [
              -109.04514930941,
              37.4107482637923
            ],
            [
              -109.045152937705,
              37.4104174779899
            ],
            [
              -109.045174234964,
              37.408242051949
            ],
            [
              -109.045185895096,
              37.4071240735645
            ],
            [
              -109.045210062473,
              37.4046163154378
            ],
            [
              -109.045217113349,
              37.4039494218754
            ],
            [
              -109.045221765724,
              37.4035008604786
            ],
            [
              -109.045248158227,
              37.4009984553031
            ],
            [
              -109.0452599567,
              37.3998748902508
            ],
            [
              -109.045286102166,
              37.3973816722536
            ],
            [
              -109.045298015624,
              37.3962491856207
            ],
            [
              -109.04532251358,
              37.3939234807527
            ],
            [
              -109.045336162582,
              37.3926240221483
            ],
            [
              -109.045358840552,
              37.3904637536338
            ],
            [
              -109.045369062481,
              37.3894830982413
            ],
            [
              -109.045374527831,
              37.3889986790669
            ],
            [
              -109.045396807847,
              37.3870013479844
            ],
            [
              -109.045414883747,
              37.3853745389622
            ],
            [
              -109.045435466845,
              37.38353363528
            ],
            [
              -109.045455341173,
              37.3817503985587
            ],
            [
              -109.045474340541,
              37.3800746657347
            ],
            [
              -109.04549647503,
              37.3781258167331
            ],
            [
              -109.045513554698,
              37.3766239016234
            ],
            [
              -109.045532036637,
              37.3749939420112
            ],
            [
              -109.045532388776,
              37.3745017771758
            ],
            [
              -109.045543478479,
              37.3731564893038
            ],
            [
              -109.045562033181,
              37.3708751987527
            ],
            [
              -109.045571696358,
              37.3696978785769
            ],
            [
              -109.045593271196,
              37.3672477431946
            ],
            [
              -109.045601576121,
              37.366240105079
            ],
            [
              -109.045621214192,
              37.3636250080173
            ],
            [
              -109.045621217785,
              37.3636205020828
            ],
            [
              -109.045628150982,
              37.3627875028666
            ],
            [
              -109.045647010213,
              37.3604719665073
            ],
            [
              -109.045649343138,
              37.359999029807
            ],
            [
              -109.045652729787,
              37.3593244106106
            ],
            [
              -109.045666897117,
              37.3563799040783
            ],
            [
              -109.04566950852,
              37.3558787621407
            ],
            [
              -109.045684681065,
              37.3527602389384
            ],
            [
              -109.045686294439,
              37.3524324813352
            ],
            [
              -109.045702333858,
              37.3491409305597
            ],
            [
              -109.045703171088,
              37.3489867407192
            ],
            [
              -109.04571695933,
              37.3461692090455
            ],
            [
              -109.045719850108,
              37.3455395529061
            ],
            [
              -109.045721363769,
              37.345520381464
            ],
            [
              -109.04572148055,
              37.3455028090067
            ],
            [
              -109.045721802147,
              37.3454294525581
            ],
            [
              -109.045735956901,
              37.3420880281276
            ],
            [
              -109.045736882166,
              37.3418781421638
            ],
            [
              -109.045752941348,
              37.3384367988681
            ],
            [
              -109.045753744442,
              37.3382577335421
            ],
            [
              -109.04577002461,
              37.3347857492276
            ],
            [
              -109.045770710923,
              37.3346373239614
            ],
            [
              -109.04578363768,
              37.3318475309414
            ],
            [
              -109.04578394131,
              37.3311345549766
            ],
            [
              -109.045784051803,
              37.3310170334538
            ],
            [
              -109.045785990368,
              37.3274837032958
            ],
            [
              -109.045786009232,
              37.3274568468223
            ],
            [
              -109.045786002046,
              37.3274048439417
            ],
            [
              -109.045786143979,
              37.327164121567
            ],
            [
              -109.045787884914,
              37.3238559194676
            ],
            [
              -109.045787918152,
              37.3238328485171
            ],
            [
              -109.045787938813,
              37.3237928329454
            ],
            [
              -109.045788046611,
              37.3235447196377
            ],
            [
              -109.045789883666,
              37.3202281355219
            ],
            [
              -109.045789868395,
              37.32018081978
            ],
            [
              -109.04579134792,
              37.3174180487375
            ],
            [
              -109.045795145997,
              37.3166004036437
            ],
            [
              -109.045795286134,
              37.3165688616305
            ],
            [
              -109.045812132241,
              37.3129727724553
            ],
            [
              -109.045812303819,
              37.3129313178883
            ],
            [
              -109.045829151722,
              37.3093565867881
            ],
            [
              -109.04582941942,
              37.309293953948
            ],
            [
              -109.045846041846,
              37.3057406666234
            ],
            [
              -109.045846113711,
              37.3057248061674
            ],
            [
              -109.045846526038,
              37.3056565876618
            ],
            [
              -109.045846905127,
              37.3055765621521
            ],
            [
              -109.045859288403,
              37.3029102199891
            ],
            [
              -109.045859190487,
              37.3028921931092
            ],
            [
              -109.045855255866,
              37.3021245282696
            ],
            [
              -109.045855132797,
              37.3021074923044
            ],
            [
              -109.045854708792,
              37.3020192519311
            ],
            [
              -109.045854627943,
              37.3020005945896
            ],
            [
              -109.04583647928,
              37.2985085554665
            ],
            [
              -109.045835899866,
              37.2983957986234
            ],
            [
              -109.045817626337,
              37.2948691474609
            ],
            [
              -109.045817080161,
              37.2947725237807
            ],
            [
              -109.045798759919,
              37.2912300078965
            ],
            [
              -109.045798256863,
              37.2911491566003
            ],
            [
              -109.045785178291,
              37.2886376747254
            ],
            [
              -109.045777411457,
              37.287590644413
            ],
            [
              -109.045776942536,
              37.2875259265202
            ],
            [
              -109.045750075722,
              37.2839514508304
            ],
            [
              -109.0457497146,
              37.2838999832128
            ],
            [
              -109.045722872939,
              37.2803155922199
            ],
            [
              -109.04572258997,
              37.2802742197197
            ],
            [
              -109.045695555171,
              37.276679640165
            ],
            [
              -109.045695349457,
              37.2766483630418
            ],
            [
              -109.045676849552,
              37.2741758101491
            ],
            [
              -109.04567048409,
              37.2730438127106
            ],
            [
              -109.045670360122,
              37.2730224503687
            ],
            [
              -109.045650032146,
              37.2694079690756
            ],
            [
              -109.045650022264,
              37.2693952614292
            ],
            [
              -109.045629813764,
              37.2657933979079
            ],
            [
              -109.04562965566,
              37.2657689708298
            ],
            [
              -109.045609474109,
              37.2621789127601
            ],
            [
              -109.045609413024,
              37.262168186437
            ],
            [
              -109.045609211801,
              37.262141054974
            ],
            [
              -109.045595940989,
              37.2597578993491
            ],
            [
              -109.045595863734,
              37.2597478032832
            ],
            [
              -109.045591011933,
              37.2585439072493
            ],
            [
              -109.045590883474,
              37.2585139831991
            ],
            [
              -109.04557640892,
              37.254920770725
            ],
            [
              -109.045576112476,
              37.2548755224764
            ],
            [
              -109.045561719669,
              37.2512876265938
            ],
            [
              -109.045561584921,
              37.251262298855
            ],
            [
              -109.04554695406,
              37.2476571833257
            ],
            [
              -109.045546914534,
              37.2476499724284
            ],
            [
              -109.04553735107,
              37.2452972451944
            ],
            [
              -109.045529442302,
              37.2440367863133
            ],
            [
              -109.045529383912,
              37.2440259701626
            ],
            [
              -109.045506671806,
              37.2404102624501
            ],
            [
              -109.045506566703,
              37.2404012479616
            ],
            [
              -109.045483783631,
              37.2367837343071
            ],
            [
              -109.045461058051,
              37.233168112604
            ],
            [
              -109.045461001457,
              37.2331572069215
            ],
            [
              -109.045446078644,
              37.2307887940335
            ],
            [
              -109.045442321889,
              37.2295505722784
            ],
            [
              -109.045442275177,
              37.2295305630231
            ],
            [
              -109.04543151875,
              37.2259180190013
            ],
            [
              -109.045431471139,
              37.2259067524796
            ],
            [
              -109.045420640152,
              37.2223055615815
            ],
            [
              -109.045420570083,
              37.2222646429199
            ],
            [
              -109.045409872945,
              37.2186929232632
            ],
            [
              -109.045409621416,
              37.2186240621779
            ],
            [
              -109.045402978375,
              37.2164101684987
            ],
            [
              -109.045372266772,
              37.2150807414659
            ],
            [
              -109.045345876964,
              37.2139462399459
            ],
            [
              -109.045359509797,
              37.2135970431721
            ],
            [
              -109.045443182475,
              37.2114550275547
            ],
            [
              -109.045501488527,
              37.2099596134503
            ],
            [
              -109.045559102876,
              37.2084821226131
            ],
            [
              -109.04559012889,
              37.2078298455701
            ],
            [
              -109.045660261262,
              37.2063517492386
            ],
            [
              -109.045762274844,
              37.204205347305
            ],
            [
              -109.045831309475,
              37.2027519265797
            ],
            [
              -109.045934401036,
              37.2005806656672
            ],
            [
              -109.045935908409,
              37.2005484253323
            ],
            [
              -109.045931705191,
              37.1991384986151
            ],
            [
              -109.045924930098,
              37.1969456854504
            ],
            [
              -109.045920590336,
              37.1955060142985
            ],
            [
              -109.045915823876,
              37.1939386247677
            ],
            [
              -109.045913976041,
              37.1933111298721
            ],
            [
              -109.045909577889,
              37.1918736192593
            ],
            [
              -109.045902910593,
              37.1896762991363
            ],
            [
              -109.045898504357,
              37.1882389683682
            ],
            [
              -109.045895728563,
              37.1873108829811
            ],
            [
              -109.045877073249,
              37.1860417643371
            ],
            [
              -109.045856180232,
              37.1846102887985
            ],
            [
              -109.045823972036,
              37.1824115542337
            ],
            [
              -109.045803070934,
              37.1809847643875
            ],
            [
              -109.045789638426,
              37.1800636225597
            ],
            [
              -109.045770870823,
              37.1787812519581
            ],
            [
              -109.045749969721,
              37.1773587875271
            ],
            [
              -109.045717767813,
              37.1751509477154
            ],
            [
              -109.045696922407,
              37.1737349729422
            ],
            [
              -109.045683538408,
              37.1728162637355
            ],
            [
              -109.045666574622,
              37.1715206730321
            ],
            [
              -109.045649953992,
              37.1702467178746
            ],
            [
              -109.045648162752,
              37.1701107762411
            ],
            [
              -109.045619222627,
              37.1678985713308
            ],
            [
              -109.045600926639,
              37.1664972379935
            ],
            [
              -109.04558863589,
              37.1655579063094
            ],
            [
              -109.045571879615,
              37.1642760168268
            ],
            [
              -109.04555363034,
              37.1628815332183
            ],
            [
              -109.045552473309,
              37.1627909362698
            ],
            [
              -109.045524419821,
              37.1606534590765
            ],
            [
              -109.045506296311,
              37.1592671782391
            ],
            [
              -109.045493721693,
              37.1582994509784
            ],
            [
              -109.045493193484,
              37.1582631210967
            ],
            [
              -109.045480865005,
              37.15702780882
            ],
            [
              -109.045467088442,
              37.1556432213139
            ],
            [
              -109.045445011445,
              37.1534090434916
            ],
            [
              -109.045430994134,
              37.1520162496294
            ],
            [
              -109.045421951692,
              37.1511123904144
            ],
            [
              -109.045420812628,
              37.1510035872562
            ],
            [
              -109.045409209988,
              37.1497968569423
            ],
            [
              -109.045395655309,
              37.1483903706124
            ],
            [
              -109.045374630239,
              37.1461807221393
            ],
            [
              -109.04536092644,
              37.1447625161415
            ],
            [
              -109.045351758234,
              37.1438197185803
            ],
            [
              -109.045339724402,
              37.1425683657563
            ],
            [
              -109.045325941551,
              37.1411356470068
            ],
            [
              -109.045303743282,
              37.1389320160582
            ],
            [
              -109.045288524923,
              37.1374062607685
            ],
            [
              -109.045279756467,
              37.1365309748079
            ],
            [
              -109.045266238619,
              37.1352978018563
            ],
            [
              -109.045249636854,
              37.1337820274777
            ],
            [
              -109.045226388455,
              37.1316627362937
            ],
            [
              -109.045209841487,
              37.130157866957
            ],
            [
              -109.045200159445,
              37.1292698568457
            ],
            [
              -109.045186507748,
              37.1280286592396
            ],
            [
              -109.045170156613,
              37.1265336166636
            ],
            [
              -109.045146781551,
              37.1243971967577
            ],
            [
              -109.045130578638,
              37.1229094563985
            ],
            [
              -109.045120893003,
              37.1220215352939
            ],
            [
              -109.045107137999,
              37.1207667254368
            ],
            [
              -109.045090996172,
              37.1192852938028
            ],
            [
              -109.045067516007,
              37.1171352605288
            ],
            [
              -109.045051410112,
              37.1156611296239
            ],
            [
              -109.04504172268,
              37.1147732073154
            ],
            [
              -109.045048124973,
              37.1135046687407
            ],
            [
              -109.045055598956,
              37.1120368736302
            ],
            [
              -109.045066500012,
              37.1098930834513
            ],
            [
              -109.045073959622,
              37.1084125795697
            ],
            [
              -109.045078596726,
              37.1075101115142
            ],
            [
              -109.045084730422,
              37.106282395538
            ],
            [
              -109.045092311305,
              37.1047882832901
            ],
            [
              -109.045103087495,
              37.1026708061376
            ],
            [
              -109.045110765396,
              37.1011639869713
            ],
            [
              -109.045115430347,
              37.1002470979454
            ],
            [
              -109.045119274238,
              37.0990600805849
            ],
            [
              -109.045124146701,
              37.0975396949437
            ],
            [
              -109.04513097749,
              37.095443960906
            ],
            [
              -109.045136056565,
              37.0939153764276
            ],
            [
              -109.045139072209,
              37.0929749355921
            ],
            [
              -109.045142760692,
              37.0918287427643
            ],
            [
              -109.045147843359,
              37.0902911439525
            ],
            [
              -109.045154671454,
              37.0882126226545
            ],
            [
              -109.045159735257,
              37.0866668219929
            ],
            [
              -109.045162790427,
              37.0857027668212
            ],
            [
              -109.045168801055,
              37.0845973490494
            ],
            [
              -109.045177470696,
              37.0830424134334
            ],
            [
              -109.045189245813,
              37.0809591941468
            ],
            [
              -109.045197786994,
              37.0794178652588
            ],
            [
              -109.045203262226,
              37.0784338406184
            ],
            [
              -109.045209454313,
              37.0773211240854
            ],
            [
              -109.045217981122,
              37.0757933129384
            ],
            [
              -109.045229880206,
              37.0736829647433
            ],
            [
              -109.045238390845,
              37.0721687622367
            ],
            [
              -109.045243922671,
              37.0711648195254
            ],
            [
              -109.045240397681,
              37.0700448207868
            ],
            [
              -109.045235734527,
              37.0685441902481
            ],
            [
              -109.045228696227,
              37.0664219012981
            ],
            [
              -109.045223739323,
              37.0649194615227
            ],
            [
              -109.045220446997,
              37.063947998863
            ],
            [
              -109.045216651615,
              37.0627989736288
            ],
            [
              -109.045211737831,
              37.0612947316251
            ],
            [
              -109.045204599817,
              37.0591760435439
            ],
            [
              -109.045199616862,
              37.0576699970019
            ],
            [
              -109.045196496115,
              37.0567311625642
            ],
            [
              -109.045196477251,
              37.0555530866993
            ],
            [
              -109.045196393707,
              37.0541540130786
            ],
            [
              -109.045195061506,
              37.0519358264237
            ],
            [
              -109.045194430888,
              37.0504922194663
            ],
            [
              -109.045194215293,
              37.0495890330188
            ],
            [
              -109.045198895515,
              37.0483196419721
            ],
            [
              -109.045204160541,
              37.046830165283
            ],
            [
              -109.045211489896,
              37.0447035096468
            ],
            [
              -109.045216909432,
              37.0431684298745
            ],
            [
              -109.045220011314,
              37.042354885046
            ],
            [
              -109.045215869183,
              37.0410873305347
            ],
            [
              -109.045210541275,
              37.039506466924
            ],
            [
              -109.045203435601,
              37.037468799271
            ],
            [
              -109.045199021279,
              37.0361547326493
            ],
            [
              -109.045195807107,
              37.0351533438126
            ],
            [
              -109.045197624399,
              37.0338504655826
            ],
            [
              -109.045199189264,
              37.0328029185489
            ],
            [
              -109.045201808752,
              37.0302322040289
            ],
            [
              -109.04520305202,
              37.0294514341286
            ],
            [
              -109.0452033826,
              37.0292850612319
            ],
            [
              -109.04520147907,
              37.0279254286291
            ],
            [
              -109.045199758796,
              37.0266112241221
            ],
            [
              -109.045198446358,
              37.0257283855022
            ],
            [
              -109.045194630314,
              37.0229873074724
            ],
            [
              -109.045193914357,
              37.0225152881819
            ],
            [
              -109.045193228942,
              37.0219850450121
            ],
            [
              -109.045190145924,
              37.0198510898776
            ],
            [
              -109.045189376967,
              37.0193635672458
            ],
            [
              -109.045187774372,
              37.0182418794165
            ],
            [
              -109.045182424905,
              37.0144987130393
            ],
            [
              -109.045180924718,
              37.0134738254498
            ],
            [
              -109.045181872441,
              37.0121164907569
            ],
            [
              -109.045182910893,
              37.010755550936
            ],
            [
              -109.0451844533,
              37.008493143835
            ],
            [
              -109.045185401023,
              37.0070171965857
            ],
            [
              -109.045185998403,
              37.0062217223825
            ],
            [
              -109.045185451329,
              37.0048698587671
            ],
            [
              -109.045184847661,
              37.0032788800519
            ],
            [
              -109.045184055347,
              37.0013617188711
            ],
            [
              -109.045183073488,
              36.9989823678386
            ],
            [
              -109.046354056207,
              36.9989877744367
            ],
            [
              -109.048144586316,
              36.9989956109902
            ],
            [
              -109.048801102974,
              36.998998026597
            ],
            [
              -109.052419084848,
              36.9990113206838
            ],
            [
              -109.056946781628,
              36.9990217392859
            ],
            [
              -109.057836141607,
              36.9990237717813
            ],
            [
              -109.061474596986,
              36.9990320775339
            ],
            [
              -109.064407052908,
              36.9990439883991
            ],
            [
              -109.065995570774,
              36.9990509640242
            ],
            [
              -109.06624489369,
              36.9990520530912
            ],
            [
              -109.070516493358,
              36.9990721104309
            ],
            [
              -109.075037109617,
              36.9990922682061
            ],
            [
              -109.079557733062,
              36.9991123441885
            ],
            [
              -109.081212193559,
              36.9991203629575
            ],
            [
              -109.084077448311,
              36.9991419670681
            ],
            [
              -109.084326525986,
              36.9991439156204
            ],
            [
              -109.088597174339,
              36.9991759246741
            ],
            [
              -109.09311660033,
              36.9992087128476
            ],
            [
              -109.09763592032,
              36.9992415081813
            ],
            [
              -109.100446925812,
              36.9992627478013
            ],
            [
              -109.102154986985,
              36.999275749129
            ],
            [
              -109.102403730487,
              36.9992776546319
            ],
            [
              -109.10667395753,
              36.9993096363669
            ],
            [
              -109.111192737633,
              36.9993424467231
            ],
            [
              -109.115711524023,
              36.999375264957
            ],
            [
              -109.118515121109,
              36.9993923541943
            ],
            [
              -109.120291694094,
              36.9993889650445
            ],
            [
              -109.12480612635,
              36.9993799978582
            ],
            [
              -109.12932011394,
              36.9993709424268
            ],
            [
              -109.133834103327,
              36.999361894886
            ],
            [
              -109.136475875203,
              36.9993568154637
            ],
            [
              -109.138350383418,
              36.9993557751865
            ],
            [
              -109.142866467676,
              36.9993531766457
            ],
            [
              -109.147382334542,
              36.9993504023338
            ],
            [
              -109.151898203205,
              36.9993476366311
            ],
            [
              -109.154449092523,
              36.9993463294688
            ],
            [
              -109.156415302559,
              36.9993452583418
            ],
            [
              -109.16093364608,
              36.9993426375602
            ],
            [
              -109.165451880905,
              36.999340022518
            ],
            [
              -109.169970117527,
              36.9993374160849
            ],
            [
              -109.172430440495,
              36.9993361275758
            ],
            [
              -109.174488698203,
              36.99933464249
            ],
            [
              -109.17901106438,
              36.9993334666176
            ],
            [
              -109.183510647485,
              36.9993312296622
            ],
            [
              -109.188056248587,
              36.9993314169122
            ],
            [
              -109.190520165714,
              36.9993304390513
            ],
            [
              -109.192576957372,
              36.9993294281884
            ],
            [
              -109.192696748614,
              36.9993293600323
            ],
            [
              -109.197099329837,
              36.9993284646762
            ],
            [
              -109.201621928678,
              36.9993276023219
            ],
            [
              -109.206144530213,
              36.999326747142
            ],
            [
              -109.208610703909,
              36.9993256982551
            ],
            [
              -109.210665252473,
              36.999324700306
            ],
            [
              -109.210785041918,
              36.9993247038932
            ],
            [
              -109.21518807769,
              36.999324134969
            ],
            [
              -109.219711130179,
              36.9993235803934
            ],
            [
              -109.223894593441,
              36.9993229985553
            ],
            [
              -109.226700836065,
              36.9993210744003
            ],
            [
              -109.228413553206,
              36.9993198877663
            ],
            [
              -109.228872157532,
              36.9993196129895
            ],
            [
              -109.232932512073,
              36.9993169649446
            ],
            [
              -109.23745147094,
              36.9993141411285
            ],
            [
              -109.241970432502,
              36.9993113244867
            ],
            [
              -109.244778926305,
              36.9993095466877
            ],
            [
              -109.246489395861,
              36.999308516454
            ],
            [
              -109.246948002881,
              36.9993081713687
            ],
            [
              -109.251008358321,
              36.9993058963885
            ],
            [
              -109.255527309104,
              36.9993039148385
            ],
            [
              -109.260046261682,
              36.9993019411801
            ],
            [
              -109.262857012951,
              36.9993000385476
            ],
            [
              -109.26456521516,
              36.9993000665275
            ],
            [
              -109.265023927283,
              36.9993001045514
            ],
            [
              -109.269084122823,
              36.9993003621099
            ],
            [
              -109.273603144572,
              36.999300667019
            ],
            [
              -109.274061745304,
              36.9993006684539
            ],
            [
              -109.278122059422,
              36.9993008887058
            ],
            [
              -109.278580773342,
              36.9993008743572
            ],
            [
              -109.28093513553,
              36.9993008442249
            ],
            [
              -109.282640197228,
              36.9993008363332
            ],
            [
              -109.282952823524,
              36.9993008535516
            ],
            [
              -109.287158325154,
              36.9993013327969
            ],
            [
              -109.291676568064,
              36.9993018393046
            ],
            [
              -109.296194702277,
              36.9993023522693
            ],
            [
              -109.299011831585,
              36.9993022977444
            ],
            [
              -109.300712963153,
              36.9993023343334
            ],
            [
              -109.301024692032,
              36.9993022912875
            ],
            [
              -109.305231116232,
              36.999302232458
            ],
            [
              -109.309749272903,
              36.9993021391917
            ],
            [
              -109.314267543661,
              36.9993020559695
            ],
            [
              -109.317088053329,
              36.9993018902424
            ],
            [
              -109.318785707519,
              36.9993018880901
            ],
            [
              -109.319097548687,
              36.9993018895249
            ],
            [
              -109.323303999836,
              36.9993011003486
            ],
            [
              -109.327822294848,
              36.9993003197814
            ],
            [
              -109.332340480266,
              36.9992995463885
            ],
            [
              -109.33516762489,
              36.9992994947334
            ],
            [
              -109.336861022863,
              36.9992938564264
            ],
            [
              -109.337174797205,
              36.9992928455631
            ],
            [
              -109.341381544798,
              36.9992788907695
            ],
            [
              -109.345903078237,
              36.9992639466326
            ],
            [
              -109.349741882178,
              36.999251235146
            ],
            [
              -109.350424612574,
              36.9992490103845
            ],
            [
              -109.353178240872,
              36.9992398458875
            ],
            [
              -109.354950103092,
              36.999238283317
            ],
            [
              -109.355274650929,
              36.9992380049528
            ],
            [
              -109.359475564863,
              36.9992342326864
            ],
            [
              -109.36399642187,
              36.9992301268132
            ],
            [
              -109.364311194241,
              36.9992297788578
            ],
            [
              -109.368517281573,
              36.999226028114
            ],
            [
              -109.371237506915,
              36.9992235565546
            ],
            [
              -109.37303522175,
              36.9992218978476
            ],
            [
              -109.373353926945,
              36.9992215800244
            ],
            [
              -109.377553276912,
              36.999217777625
            ],
            [
              -109.382074255192,
              36.9992137047529
            ],
            [
              -109.382389252141,
              36.9992134019958
            ],
            [
              -109.386595349354,
              36.9992095515279
            ],
            [
              -109.386907648663,
              36.999209290382
            ],
            [
              -109.389297037961,
              36.9992071337755
            ],
            [
              -109.391114983755,
              36.999205476503
            ],
            [
              -109.391282990272,
              36.9992053201024
            ],
            [
              -109.39563462085,
              36.9992014093697
            ],
            [
              -109.400155609011,
              36.999197277667
            ],
            [
              -109.404676599867,
              36.9991931545734
            ],
            [
              -109.407356606736,
              36.9991906657944
            ],
            [
              -109.409195794991,
              36.999189015696
            ],
            [
              -109.409362678615,
              36.999188819119
            ],
            [
              -109.4137151051,
              36.9991848861449
            ],
            [
              -109.418234194222,
              36.999180671219
            ],
            [
              -109.422753285142,
              36.9991764649021
            ],
            [
              -109.425416328225,
              36.9991739725355
            ],
            [
              -109.42727350165,
              36.9991722808254
            ],
            [
              -109.427442069615,
              36.999172171058
            ],
            [
              -109.431793608564,
              36.9991681039228
            ],
            [
              -109.436312031137,
              36.9991639119539
            ],
            [
              -109.440844503361,
              36.999159733616
            ],
            [
              -109.443476759383,
              36.999157332363
            ],
            [
              -109.445362555828,
              36.9991574457176
            ],
            [
              -109.445520445519,
              36.9991574406956
            ],
            [
              -109.449880538227,
              36.9991586804222
            ],
            [
              -109.45439852332,
              36.9991599230187
            ],
            [
              -109.458916621601,
              36.9991612660559
            ],
            [
              -109.461562653288,
              36.9991614368052
            ],
            [
              -109.463436993518,
              36.9991614741119
            ],
            [
              -109.463598703744,
              36.9991614949175
            ],
            [
              -109.46795746425,
              36.9991625036302
            ],
            [
              -109.472477934981,
              36.9991636307197
            ],
            [
              -109.476998297915,
              36.9991646738692
            ],
            [
              -109.479653890372,
              36.9991647441778
            ],
            [
              -109.481518569221,
              36.9991648230955
            ],
            [
              -109.481681179559,
              36.9991648302699
            ],
            [
              -109.486038944731,
              36.9991655218766
            ],
            [
              -109.490559212444,
              36.9991661374353
            ],
            [
              -109.49072204736,
              36.999166135283
            ],
            [
              -109.495079487343,
              36.999166490413
            ],
            [
              -109.495242323158,
              36.9991664825212
            ],
            [
              -109.497744301005,
              36.9991665435031
            ],
            [
              -109.499602467069,
              36.9991666152465
            ],
            [
              -109.504126384636,
              36.9991706357485
            ],
            [
              -109.508649742553,
              36.9991746569678
            ],
            [
              -109.513173216353,
              36.9991786875134
            ],
            [
              -109.515847243138,
              36.9991791696292
            ],
            [
              -109.517696982105,
              36.9991793941861
            ],
            [
              -109.52222226062,
              36.9991833716414
            ],
            [
              -109.526746868094,
              36.9991873490964
            ],
            [
              -109.531271365973,
              36.9991913330082
            ],
            [
              -109.533955176309,
              36.9991917986229
            ],
            [
              -109.535782023509,
              36.9991729803239
            ],
            [
              -109.540293529054,
              36.9991278759342
            ],
            [
              -109.544804540526,
              36.9990850278513
            ],
            [
              -109.549315550201,
              36.9990420979565
            ],
            [
              -109.551988101951,
              36.9990140756372
            ],
            [
              -109.553824394038,
              36.998994733566
            ],
            [
              -109.553835971525,
              36.9989946044275
            ],
            [
              -109.558356505139,
              36.9989469394015
            ],
            [
              -109.562879511815,
              36.9988990426134
            ],
            [
              -109.567402403506,
              36.9988511522522
            ],
            [
              -109.57007618505,
              36.9988230975779
            ],
            [
              -109.571904603403,
              36.9988038315064
            ],
            [
              -109.571925172128,
              36.9988036284715
            ],
            [
              -109.576447829359,
              36.9987559303236
            ],
            [
              -109.580969699666,
              36.9987080506338
            ],
            [
              -109.585491564583,
              36.9986602692031
            ],
            [
              -109.588163092255,
              36.9986321398446
            ],
            [
              -109.589986895962,
              36.9986129906674
            ],
            [
              -109.590010837861,
              36.9986127345415
            ],
            [
              -109.594530222529,
              36.9985650290994
            ],
            [
              -109.59902824526,
              36.9985177110453
            ],
            [
              -109.59905207487,
              36.9985174513318
            ],
            [
              -109.603548859723,
              36.9984700371111
            ],
            [
              -109.603573924516,
              36.9984697910288
            ],
            [
              -109.606247692585,
              36.9984416415115
            ],
            [
              -109.60794717844,
              36.9984237305902
            ],
            [
              -109.608094983644,
              36.9984222196586
            ],
            [
              -109.612615924195,
              36.9983747443959
            ],
            [
              -109.617135176811,
              36.9983272576244
            ],
            [
              -109.621654314442,
              36.9982797779978
            ],
            [
              -109.624329758768,
              36.9982516908277
            ],
            [
              -109.626026767968,
              36.998252510865
            ],
            [
              -109.626173644314,
              36.9982525890663
            ],
            [
              -109.630692901422,
              36.9982545218576
            ],
            [
              -109.635215870368,
              36.9982564144721
            ],
            [
              -109.639738955197,
              36.998258226733
            ],
            [
              -109.6424097193,
              36.9982594241452
            ],
            [
              -109.644104372219,
              36.9982602291161
            ],
            [
              -109.644261363595,
              36.9982603094697
            ],
            [
              -109.648784001063,
              36.9982623125703
            ],
            [
              -109.653303385732,
              36.9982641068949
            ],
            [
              -109.6578227704,
              36.9982659987917
            ],
            [
              -109.660488596464,
              36.9982671832899
            ],
            [
              -109.662180787999,
              36.9982676123207
            ],
            [
              -109.662339015457,
              36.99826768263
            ],
            [
              -109.666855159902,
              36.9982688334083
            ],
            [
              -109.671371305246,
              36.9982700831937
            ],
            [
              -109.675887454183,
              36.9982712504732
            ],
            [
              -109.678555654494,
              36.9982719650462
            ],
            [
              -109.6802545798,
              36.9982731129546
            ],
            [
              -109.680403142284,
              36.9982732320501
            ],
            [
              -109.682788694878,
              36.9982748549057
            ],
            [
              -109.684918926505,
              36.9982763055749
            ],
            [
              -109.689434602029,
              36.9982792951588
            ],
            [
              -109.693950390742,
              36.9982823851845
            ],
            [
              -109.696541712333,
              36.9982841027423
            ],
            [
              -109.698328855793,
              36.9982854192496
            ],
            [
              -109.69846606986,
              36.9982854816671
            ],
            [
              -109.702981751673,
              36.9982885874763
            ],
            [
              -109.707365841975,
              36.9982915297085
            ],
            [
              -109.707497437079,
              36.9982916107796
            ],
            [
              -109.711884337311,
              36.9982946878908
            ],
            [
              -109.712013123383,
              36.9982947330897
            ],
            [
              -109.714527693815,
              36.9982965769171
            ],
            [
              -109.716280813584,
              36.9982965338706
            ],
            [
              -109.716528722551,
              36.9982965109124
            ],
            [
              -109.72104435316,
              36.9982965840915
            ],
            [
              -109.725559985566,
              36.9982966665974
            ],
            [
              -109.730075619768,
              36.9982967569952
            ],
            [
              -109.732590225234,
              36.9982967756487
            ],
            [
              -109.734591345599,
              36.9982982083814
            ],
            [
              -109.73489240878,
              36.9982983533049
            ],
            [
              -109.739106933987,
              36.9983013801949
            ],
            [
              -109.743622635563,
              36.9983046510152
            ],
            [
              -109.748140556876,
              36.9983029061951
            ],
            [
              -109.750655253969,
              36.9983045268977
            ],
            [
              -109.752610352744,
              36.9983029176742
            ],
            [
              -109.75708018724,
              36.9983006871454
            ],
            [
              -109.761527654583,
              36.998298776596
            ],
            [
              -109.764477979793,
              36.9982979787998
            ],
            [
              -109.766344173201,
              36.9982972907724
            ],
            [
              -109.768714080736,
              36.9982392439084
            ],
            [
              -109.768839945487,
              36.9982392876724
            ],
            [
              -109.771157338409,
              36.9982389676928
            ],
            [
              -109.773358434536,
              36.9982376705557
            ],
            [
              -109.777876942448,
              36.9982349794265
            ],
            [
              -109.78239533897,
              36.9982322954717
            ],
            [
              -109.786759077939,
              36.998231193479
            ],
            [
              -109.786915174593,
              36.9982311669335
            ],
            [
              -109.789268083308,
              36.9982308555632
            ],
            [
              -109.791435020995,
              36.9982294149373
            ],
            [
              -109.795954777567,
              36.9982264088503
            ],
            [
              -109.800474534138,
              36.9982235010528
            ],
            [
              -109.804804457825,
              36.9982221149525
            ],
            [
              -109.804993033966,
              36.9982220302942
            ],
            [
              -109.807377976603,
              36.9982215926538
            ],
            [
              -109.809511427792,
              36.9982202065534
            ],
            [
              -109.81402995457,
              36.9982172205544
            ],
            [
              -109.816392104254,
              36.9982156522233
            ],
            [
              -109.818548353786,
              36.9982153229168
            ],
            [
              -109.820907452792,
              36.9982148967555
            ],
            [
              -109.822849166668,
              36.9982147008935
            ],
            [
              -109.823066849123,
              36.998214606191
            ],
            [
              -109.823074266512,
              36.9982145896897
            ],
            [
              -109.825298395443,
              36.99821426971
            ],
            [
              -109.826398817293,
              36.9982148802543
            ],
            [
              -109.827600075033,
              36.9982208034662
            ],
            [
              -109.832125862893,
              36.9982431604301
            ],
            [
              -109.835438373554,
              36.9982594844104
            ],
            [
              -109.836651736093,
              36.9982602972732
            ],
            [
              -109.840924688625,
              36.9982670398013
            ],
            [
              -109.841179549654,
              36.9982682666285
            ],
            [
              -109.84570728057,
              36.9982894024912
            ],
            [
              -109.850235015079,
              36.9983105462398
            ],
            [
              -109.853583396367,
              36.9983262610971
            ],
            [
              -109.85476282864,
              36.9983267403486
            ],
            [
              -109.859004136219,
              36.9983312645394
            ],
            [
              -109.859282162104,
              36.9983315938454
            ],
            [
              -109.863801490179,
              36.9983369954677
            ],
            [
              -109.868320824542,
              36.9983421352233
            ],
            [
              -109.871726045831,
              36.9983450796057
            ],
            [
              -109.872564408452,
              36.9983452044407
            ],
            [
              -109.877083421218,
              36.9983495564443
            ],
            [
              -109.881600752338,
              36.9983539012733
            ],
            [
              -109.886118534412,
              36.9983582582985
            ],
            [
              -109.889837184192,
              36.998361911513
            ],
            [
              -109.890636428775,
              36.9983628047282
            ],
            [
              -109.894355195337,
              36.9983663173238
            ],
            [
              -109.895125559981,
              36.9983670914436
            ],
            [
              -109.895154441716,
              36.9983670900087
            ],
            [
              -109.898873205583,
              36.9983709118216
            ],
            [
              -109.899672451962,
              36.9983717440541
            ],
            [
              -109.903391217625,
              36.9983756046087
            ],
            [
              -109.904190576294,
              36.998376407426
            ],
            [
              -109.907731559973,
              36.9983800233326
            ],
            [
              -109.908708590134,
              36.9983811683697
            ],
            [
              -109.913140914577,
              36.9983899304854
            ],
            [
              -109.913225649064,
              36.998389985011
            ],
            [
              -109.917743533546,
              36.9983962934754
            ],
            [
              -109.922261533911,
              36.9984025215857
            ],
            [
              -109.925904210473,
              36.9984075996369
            ],
            [
              -109.926779646565,
              36.9984089383828
            ],
            [
              -109.931248589932,
              36.9984196985696
            ],
            [
              -109.931297139381,
              36.9984196856557
            ],
            [
              -109.935815125373,
              36.9984194474651
            ],
            [
              -109.940333226349,
              36.9984192193188
            ],
            [
              -109.944036221189,
              36.9984189610398
            ],
            [
              -109.944851438716,
              36.9984190901793
            ],
            [
              -109.949315306602,
              36.9984238066389
            ],
            [
              -109.949369026754,
              36.9984237413518
            ],
            [
              -109.953887261579,
              36.9984222763365
            ],
            [
              -109.958405385911,
              36.9984208192131
            ],
            [
              -109.962160770499,
              36.9984195536465
            ],
            [
              -109.962923736619,
              36.9984193721338
            ],
            [
              -109.96740840769,
              36.9984237700495
            ],
            [
              -109.967441561812,
              36.9984236975878
            ],
            [
              -109.971959999656,
              36.9984160482277
            ],
            [
              -109.976477981156,
              36.9983754116168
            ],
            [
              -109.980301089733,
              36.998369197853
            ],
            [
              -109.981686006237,
              36.9983671165541
            ],
            [
              -109.985553831152,
              36.9983618390514
            ],
            [
              -109.986209699226,
              36.9983614932443
            ],
            [
              -109.990733572776,
              36.9983593954441
            ],
            [
              -109.995273856749,
              36.9983571728088
            ],
            [
              -109.998428566652,
              36.9983557128144
            ],
            [
              -109.999814253012,
              36.998355048463
            ],
            [
              -110.003581454039,
              36.9983532928824
            ],
            [
              -110.004357576885,
              36.9983525948113
            ],
            [
              -110.008901141506,
              36.9983490671488
            ],
            [
              -110.013444371055,
              36.9983454533931
            ],
            [
              -110.016379501262,
              36.9983431324679
            ],
            [
              -110.017987940168,
              36.9983417585662
            ],
            [
              -110.02166570223,
              36.998338959107
            ],
            [
              -110.022478015504,
              36.998338170638
            ],
            [
              -110.026967985736,
              36.9983340503675
            ],
            [
              -110.031499426694,
              36.9983299193352
            ],
            [
              -110.034505030633,
              36.9983270940476
            ],
            [
              -110.036030758058,
              36.9983257036445
            ],
            [
              -110.039736177451,
              36.9983222986633
            ],
            [
              -110.040546917775,
              36.9983215532408
            ],
            [
              -110.045062965202,
              36.9983175011264
            ],
            [
              -110.049579013527,
              36.9983134561863
            ],
            [
              -110.052645868196,
              36.9983106624655
            ],
            [
              -110.05409506365,
              36.9983093301749
            ],
            [
              -110.057808240893,
              36.9983059632175
            ],
            [
              -110.058613356865,
              36.9983056812626
            ],
            [
              -110.063131738115,
              36.9983041143682
            ],
            [
              -110.067650007975,
              36.998302645046
            ],
            [
              -110.070791467727,
              36.9983015000078
            ],
            [
              -110.072168506006,
              36.9983009145746
            ],
            [
              -110.075933358837,
              36.9982996382444
            ],
            [
              -110.076686664474,
              36.9982995514339
            ],
            [
              -110.081204808569,
              36.9982995478467
            ],
            [
              -110.085722842172,
              36.9982994610361
            ],
            [
              -110.088930825764,
              36.9982993405058
            ],
            [
              -110.090159625852,
              36.9982992113661
            ],
            [
              -110.094021730295,
              36.9983329003077
            ],
            [
              -110.09466356309,
              36.9983319389351
            ],
            [
              -110.099167412294,
              36.9983249223498
            ],
            [
              -110.103675308409,
              36.9983179459407
            ],
            [
              -110.106181393354,
              36.9983140394669
            ],
            [
              -110.108183317711,
              36.9983108898948
            ],
            [
              -110.110699957861,
              36.9983077776295
            ],
            [
              -110.112046558523,
              36.9983059610652
            ],
            [
              -110.112683441601,
              36.998305495445
            ],
            [
              -110.11521883588,
              36.9983036903597
            ],
            [
              -110.117183653527,
              36.9983022755631
            ],
            [
              -110.119737704017,
              36.9983005128069
            ],
            [
              -110.121718929393,
              36.998299144644
            ],
            [
              -110.124134748923,
              36.9982973452981
            ],
            [
              -110.126254324735,
              36.9982955703452
            ],
            [
              -110.126550344774,
              36.9982954053334
            ],
            [
              -110.130091691371,
              36.99829319848
            ],
            [
              -110.130749923811,
              36.9982930636008
            ],
            [
              -110.135245508514,
              36.9982920089602
            ],
            [
              -110.139742443386,
              36.9982908840102
            ],
            [
              -110.142211634522,
              36.9982902756189
            ],
            [
              -110.144239380952,
              36.9982896787066
            ],
            [
              -110.148171924093,
              36.9982888514953
            ],
            [
              -110.148758691959,
              36.9982878327267
            ],
            [
              -110.153277951761,
              36.9982804961579
            ],
            [
              -110.157802157688,
              36.9982731122372
            ],
            [
              -110.160284987946,
              36.9982689790492
            ],
            [
              -110.162326479497,
              36.9982654664491
            ],
            [
              -110.166286282914,
              36.9982591830844
            ],
            [
              -110.166829324385,
              36.9982589398712
            ],
            [
              -110.171332233053,
              36.9982569303136
            ],
            [
              -110.175833794248,
              36.9982550111537
            ],
            [
              -110.17600911395,
              36.9982549659548
            ],
            [
              -110.17836108662,
              36.9982548647954
            ],
            [
              -110.180335237763,
              36.9982536408377
            ],
            [
              -110.184384674181,
              36.998252240389
            ],
            [
              -110.184849398729,
              36.9982506555575
            ],
            [
              -110.189363584847,
              36.998234878267
            ],
            [
              -110.19191760659,
              36.9982259726448
            ],
            [
              -110.193871814236,
              36.9982190694058
            ],
            [
              -110.196436624746,
              36.9982101393886
            ],
            [
              -110.198161248158,
              36.9981695206037
            ],
            [
              -110.198166657813,
              36.9981681151314
            ],
            [
              -110.20094984787,
              36.9981574079999
            ],
            [
              -110.202379536408,
              36.9981525114453
            ],
            [
              -110.202684996842,
              36.9981524002415
            ],
            [
              -110.205468755533,
              36.9981518671807
            ],
            [
              -110.206910871365,
              36.9981515055889
            ],
            [
              -110.207203408635,
              36.9981513872107
            ],
            [
              -110.209987841063,
              36.9981509323512
            ],
            [
              -110.211717212969,
              36.9981504416195
            ],
            [
              -110.211721708139,
              36.9981504717522
            ],
            [
              -110.214506704709,
              36.9981499150157
            ],
            [
              -110.216239672571,
              36.9981494716353
            ],
            [
              -110.219025006907,
              36.9981489019849
            ],
            [
              -110.220455662032,
              36.9981484808452
            ],
            [
              -110.220762819384,
              36.9981473429792
            ],
            [
              -110.223543198613,
              36.9981368087487
            ],
            [
              -110.225033246751,
              36.998131041933
            ],
            [
              -110.225286009316,
              36.9981299880076
            ],
            [
              -110.22806133103,
              36.9981194049885
            ],
            [
              -110.229810322142,
              36.9981126480985
            ],
            [
              -110.23245729706,
              36.9981024811947
            ],
            [
              -110.234334297202,
              36.9980953139249
            ],
            [
              -110.236976102315,
              36.9980851032548
            ],
            [
              -110.238302174676,
              36.9980799190002
            ],
            [
              -110.238482891457,
              36.9980796363271
            ],
            [
              -110.238847361324,
              36.9980789095557
            ],
            [
              -110.241494729704,
              36.9980742224899
            ],
            [
              -110.243360228715,
              36.9980708949815
            ],
            [
              -110.246013666113,
              36.998066236613
            ],
            [
              -110.247850956228,
              36.9980629299101
            ],
            [
              -110.250532491131,
              36.9980581675117
            ],
            [
              -110.252341346872,
              36.9980549727299
            ],
            [
              -110.255044236527,
              36.9980500625373
            ],
            [
              -110.256232608833,
              36.9980479604237
            ],
            [
              -110.256861186088,
              36.9980466690229
            ],
            [
              -110.259555990905,
              36.9980410650605
            ],
            [
              -110.261380810607,
              36.9980373809804
            ],
            [
              -110.264067524298,
              36.9980318042802
            ],
            [
              -110.265862785834,
              36.9980281388534
            ],
            [
              -110.268579281372,
              36.9980225542606
            ],
            [
              -110.270344761959,
              36.9980189074868
            ],
            [
              -110.273091263024,
              36.9980133135666
            ],
            [
              -110.274311106908,
              36.9980107723755
            ],
            [
              -110.274848987557,
              36.998009822478
            ],
            [
              -110.277603122505,
              36.998005253069
            ],
            [
              -110.27935331197,
              36.998002280693
            ],
            [
              -110.282115088886,
              36.9979977428512
            ],
            [
              -110.283866514433,
              36.997994801325
            ],
            [
              -110.286626831587,
              36.9979901501263
            ],
            [
              -110.288379605504,
              36.9979872401676
            ],
            [
              -110.291131830634,
              36.9979826155138
            ],
            [
              -110.292216245404,
              36.9979807035215
            ],
            [
              -110.292891797362,
              36.9979797722772
            ],
            [
              -110.295636822495,
              36.9979759920565
            ],
            [
              -110.297403977542,
              36.9979735749823
            ],
            [
              -110.300141809865,
              36.9979698277638
            ],
            [
              -110.30191919313,
              36.9979673138343
            ],
            [
              -110.304646798132,
              36.9979635831167
            ],
            [
              -110.306346073782,
              36.9979611768038
            ],
            [
              -110.310201651964,
              36.9979981589695
            ],
            [
              -110.310882705205,
              36.9979978784483
            ],
            [
              -110.315413394274,
              36.9979960618766
            ],
            [
              -110.319943971052,
              36.9979942517618
            ],
            [
              -110.324250566389,
              36.9979925263056
            ],
            [
              -110.324474437338,
              36.9979924481041
            ],
            [
              -110.327775972383,
              36.997991180378
            ],
            [
              -110.32822776658,
              36.9979903129865
            ],
            [
              -110.328994467895,
              36.9979888802479
            ],
            [
              -110.333263695113,
              36.9979808477281
            ],
            [
              -110.333514429282,
              36.9979803627349
            ],
            [
              -110.337778148929,
              36.997972497379
            ],
            [
              -110.33803427838,
              36.9979720324743
            ],
            [
              -110.342170103083,
              36.9979642876484
            ],
            [
              -110.342554239767,
              36.9979635314606
            ],
            [
              -110.346319976539,
              36.9979564753818
            ],
            [
              -110.34705895315,
              36.9979508979583
            ],
            [
              -110.351563736602,
              36.9979167295934
            ],
            [
              -110.356068517359,
              36.99788257054
            ],
            [
              -110.360304453911,
              36.9978503980815
            ],
            [
              -110.360573283743,
              36.9978497731854
            ],
            [
              -110.364040322599,
              36.9978397346695
            ],
            [
              -110.365096547337,
              36.9978356538316
            ],
            [
              -110.369619722896,
              36.9978185663966
            ],
            [
              -110.374142897556,
              36.9978014868498
            ],
            [
              -110.378431179838,
              36.9977852596267
            ],
            [
              -110.37866617732,
              36.9977851376606
            ],
            [
              -110.381991196123,
              36.9977845579632
            ],
            [
              -110.383186646255,
              36.9977828432639
            ],
            [
              -110.38770703524,
              36.9977765010285
            ],
            [
              -110.392227537413,
              36.9977701666846
            ],
            [
              -110.396603399147,
              36.9977640066799
            ],
            [
              -110.396748040484,
              36.9977636601527
            ],
            [
              -110.400116119132,
              36.9977612588556
            ],
            [
              -110.401265819863,
              36.9977606640916
            ],
            [
              -110.405783482461,
              36.9977582161603
            ],
            [
              -110.41030127801,
              36.9977533432558
            ],
            [
              -110.414620266505,
              36.9977482199617
            ],
            [
              -110.414742319704,
              36.9977478303876
            ],
            [
              -110.417885354204,
              36.9977373247997
            ],
            [
              -110.419130355407,
              36.997737024189
            ],
            [
              -110.423640594328,
              36.9977357528714
            ],
            [
              -110.428150720959,
              36.9977345805616
            ],
            [
              -110.432660848488,
              36.9977334175786
            ],
            [
              -110.432893598385,
              36.9977333580305
            ],
            [
              -110.435835515364,
              36.9977310614798
            ],
            [
              -110.437169919599,
              36.9977231537687
            ],
            [
              -110.440391123698,
              36.997704219597
            ],
            [
              -110.441678995201,
              36.9977123576109
            ],
            [
              -110.441931961684,
              36.9977139976972
            ],
            [
              -110.446188145364,
              36.9977376282801
            ],
            [
              -110.446451340962,
              36.9977390366302
            ],
            [
              -110.45069718683,
              36.9977629075502
            ],
            [
              -110.450848561939,
              36.9977639686552
            ],
            [
              -110.452839032776,
              36.9977770369618
            ],
            [
              -110.453860205251,
              36.997771193352
            ],
            [
              -110.455206307348,
              36.9977619648241
            ],
            [
              -110.459715417087,
              36.9977309222949
            ],
            [
              -110.464224635521,
              36.9976999801958
            ],
            [
              -110.46873373987,
              36.997668956295
            ],
            [
              -110.468995719149,
              36.9976675142235
            ],
            [
              -110.469743558538,
              36.9976631951835
            ],
            [
              -110.473234118882,
              36.9986741896731
            ],
            [
              -110.477734488012,
              36.999977806763
            ],
            [
              -110.482234898465,
              37.0012813441093
            ],
            [
              -110.48673523885,
              37.0025848906727
            ],
            [
              -110.487151731053,
              37.0027071222606
            ],
            [
              -110.490309844673,
              37.0036336069302
            ],
            [
              -110.491262962579,
              37.003631025753
            ],
            [
              -110.495790722241,
              37.003618345127
            ],
            [
              -110.500318368715,
              37.0036057620643
            ],
            [
              -110.503969438237,
              37.0035956568734
            ],
            [
              -110.504846006206,
              37.0035945391758
            ],
            [
              -110.505282096954,
              37.0035941037185
            ],
            [
              -110.509364240133,
              37.0035947328718
            ],
            [
              -110.513882359974,
              37.0035953849816
            ],
            [
              -110.51390270412,
              37.0035953778077
            ],
            [
              -110.518400835547,
              37.0035932521735
            ],
            [
              -110.522467489075,
              37.0035910232347
            ],
            [
              -110.522580445036,
              37.0035909371477
            ],
            [
              -110.523423178858,
              37.0035903574944
            ],
            [
              -110.52710128228,
              37.0035888430786
            ],
            [
              -110.531622118626,
              37.0035868472923
            ],
            [
              -110.536142843581,
              37.0035848593973
            ],
            [
              -110.540663680825,
              37.0035829705024
            ],
            [
              -110.540921176613,
              37.0035827947412
            ],
            [
              -110.540966583756,
              37.0035828801109
            ],
            [
              -110.541551585534,
              37.003584420353
            ],
            [
              -110.545183877571,
              37.00359442798
            ],
            [
              -110.549703958434,
              37.0036067951094
            ],
            [
              -110.550583540251,
              37.0036092270698
            ],
            [
              -110.554224155179,
              37.0036188996713
            ],
            [
              -110.555100815675,
              37.003621287153
            ],
            [
              -110.55874435462,
              37.0036309224485
            ],
            [
              -110.559496710738,
              37.0036328156466
            ],
            [
              -110.562110512669,
              37.0036393324371
            ],
            [
              -110.563271997501,
              37.003638834567
            ],
            [
              -110.567799699671,
              37.0036367483906
            ],
            [
              -110.57232740184,
              37.003634669388
            ],
            [
              -110.57685510401,
              37.0036325982767
            ],
            [
              -110.577630062639,
              37.0036325638419
            ],
            [
              -110.58012229736,
              37.0036319411455
            ],
            [
              -110.581359992565,
              37.003630273926
            ],
            [
              -110.585864789492,
              37.0036241725048
            ],
            [
              -110.590369586418,
              37.0036179900178
            ],
            [
              -110.594874495634,
              37.0036119072479
            ],
            [
              -110.59577589753,
              37.0036119158566
            ],
            [
              -110.598186419695,
              37.0036118075303
            ],
            [
              -110.599395581712,
              37.0036073310016
            ],
            [
              -110.603916730672,
              37.0035906839081
            ],
            [
              -110.608437876936,
              37.0035741350937
            ],
            [
              -110.612959023201,
              37.0035575037755
            ],
            [
              -110.613914609678,
              37.0035554778579
            ],
            [
              -110.616148919216,
              37.0035509159561
            ],
            [
              -110.617476751376,
              37.003549884345
            ],
            [
              -110.62199445889,
              37.0035462392711
            ],
            [
              -110.62651228049,
              37.0035424220227
            ],
            [
              -110.630783845125,
              37.0035388393617
            ],
            [
              -110.632009040273,
              37.0037286111197
            ],
            [
              -110.634089594166,
              37.0037251274674
            ],
            [
              -110.635266838143,
              37.0037202771844
            ],
            [
              -110.63979440826,
              37.0037013818105
            ],
            [
              -110.64432186519,
              37.0036824032145
            ],
            [
              -110.648336565552,
              37.0036656097895
            ],
            [
              -110.648849431714,
              37.003663432505
            ],
            [
              -110.650141547757,
              37.0036575125867
            ],
            [
              -110.653373889169,
              37.0036359872375
            ],
            [
              -110.657898579288,
              37.0036059356733
            ],
            [
              -110.659173283286,
              37.0035975235289
            ],
            [
              -110.662423025064,
              37.0035798577355
            ],
            [
              -110.663690415878,
              37.0035729987436
            ],
            [
              -110.666947681047,
              37.0035564025774
            ],
            [
              -110.668079515186,
              37.0035514597399
            ],
            [
              -110.67027777084,
              37.0035412706069
            ],
            [
              -110.671463684457,
              37.0035321195403
            ],
            [
              -110.675979842377,
              37.0034972083118
            ],
            [
              -110.680495884414,
              37.0034623960675
            ],
            [
              -110.685011922858,
              37.0034275020244
            ],
            [
              -110.686216141446,
              37.0034214063261
            ],
            [
              -110.687844994567,
              37.0034129912916
            ],
            [
              -110.689512972014,
              37.0034019513103
            ],
            [
              -110.694013924151,
              37.0033719032405
            ],
            [
              -110.698514872695,
              37.0033418652025
            ],
            [
              -110.703015818544,
              37.0033118364787
            ],
            [
              -110.704350973771,
              37.0033056145096
            ],
            [
              -110.70613560105,
              37.0032973357674
            ],
            [
              -110.707532592708,
              37.0032860030719
            ],
            [
              -110.712049517789,
              37.0032493606542
            ],
            [
              -110.71656632609,
              37.0032127268276
            ],
            [
              -110.721083130797,
              37.0031761008747
            ],
            [
              -110.722479220546,
              37.0031644094628
            ],
            [
              -110.723863957387,
              37.0031528557893
            ],
            [
              -110.725601591997,
              37.0031466990902
            ],
            [
              -110.730120115181,
              37.0031305569433
            ],
            [
              -110.734638862046,
              37.0031144234016
            ],
            [
              -110.738809743503,
              37.0030995166059
            ],
            [
              -110.740616611273,
              37.0030931124005
            ],
            [
              -110.741936807754,
              37.0030883273604
            ],
            [
              -110.743329746213,
              37.0030764745205
            ],
            [
              -110.74784979833,
              37.0030380255941
            ],
            [
              -110.752370296909,
              37.0029994059076
            ],
            [
              -110.756890903286,
              37.0029607948101
            ],
            [
              -110.758634290708,
              37.0029459633112
            ],
            [
              -110.759894821986,
              37.0029352690482
            ],
            [
              -110.761411391984,
              37.0029222812594
            ],
            [
              -110.765931877089,
              37.0028837762979
            ],
            [
              -110.767601643081,
              37.0028695689214
            ],
            [
              -110.770452134022,
              37.0028452784909
            ],
            [
              -110.772076601568,
              37.0028314620901
            ],
            [
              -110.774972273275,
              37.0028067885558
            ],
            [
              -110.776453096614,
              37.0027942627508
            ],
            [
              -110.77785175824,
              37.0027823754299
            ],
            [
              -110.779492181662,
              37.0027690281974
            ],
            [
              -110.78401197147,
              37.002732176767
            ],
            [
              -110.788531532209,
              37.0026953324926
            ],
            [
              -110.793051201643,
              37.0026584975267
            ],
            [
              -110.794714324594,
              37.0026449795309
            ],
            [
              -110.795918534199,
              37.0026351568686
            ],
            [
              -110.797570754297,
              37.0026217601095
            ],
            [
              -110.802090190169,
              37.0025849408908
            ],
            [
              -110.806609510159,
              37.0025481295456
            ],
            [
              -110.811128825657,
              37.0025114171842
            ],
            [
              -110.812846454786,
              37.0024974608291
            ],
            [
              -110.813984122584,
              37.0024881618519
            ],
            [
              -110.815572913539,
              37.0024883871164
            ],
            [
              -110.819993786258,
              37.0024903061695
            ],
            [
              -110.824414660774,
              37.0024921506125
            ],
            [
              -110.828835534392,
              37.0024941012312
            ],
            [
              -110.830782525871,
              37.0024931069107
            ],
            [
              -110.831966816233,
              37.002492265397
            ],
            [
              -110.833352853834,
              37.0024910644644
            ],
            [
              -110.837895481512,
              37.0024784252577
            ],
            [
              -110.842438108292,
              37.0024657925055
            ],
            [
              -110.845454756119,
              37.0024602032168
            ],
            [
              -110.846854391519,
              37.0024589520654
            ],
            [
              -110.848015752383,
              37.0024587325401
            ],
            [
              -110.849129683098,
              37.0024585309497
            ],
            [
              -110.851371929251,
              37.0024582045312
            ],
            [
              -110.855885759636,
              37.0024568299865
            ],
            [
              -110.860399702311,
              37.0024554640506
            ],
            [
              -110.864913532696,
              37.0024541971163
            ],
            [
              -110.8661422169,
              37.0024539661125
            ],
            [
              -110.867188036452,
              37.0024537889139
            ],
            [
              -110.86942938429,
              37.0024536619335
            ],
            [
              -110.873939392344,
              37.0024529481172
            ],
            [
              -110.878449400398,
              37.0024522436271
            ],
            [
              -110.882959408451,
              37.0024515484632
            ],
            [
              -110.884059177226,
              37.0024514559182
            ],
            [
              -110.885233350761,
              37.0024513353944
            ],
            [
              -110.887473799385,
              37.0024511366737
            ],
            [
              -110.891980436061,
              37.0024504558579
            ],
            [
              -110.896487072738,
              37.0024498740438
            ],
            [
              -110.900993597125,
              37.0024492118805
            ],
            [
              -110.902160802428,
              37.0024490978133
            ],
            [
              -110.903267090277,
              37.0024490131597
            ],
            [
              -110.905507652089,
              37.0024486544581
            ],
            [
              -110.910014177374,
              37.0024471988466
            ],
            [
              -110.914520703557,
              37.0024457518439
            ],
            [
              -110.919027228843,
              37.0024442244921
            ],
            [
              -110.920262094355,
              37.0024440688155
            ],
            [
              -110.921300721995,
              37.0024439511613
            ],
            [
              -110.923541283807,
              37.0024433420858
            ],
            [
              -110.928048035467,
              37.0024411116785
            ],
            [
              -110.93255467394,
              37.0024388002046
            ],
            [
              -110.937061424703,
              37.0024364980568
            ],
            [
              -110.938364063611,
              37.0024361895733
            ],
            [
              -110.939335030144,
              37.002435968613
            ],
            [
              -110.94023822328,
              37.0024358861116
            ],
            [
              -110.941577052617,
              37.0024355611278
            ],
            [
              -110.946084253435,
              37.0024320150022
            ],
            [
              -110.950591454253,
              37.0024284782027
            ],
            [
              -110.954981877678,
              37.0024251767114
            ],
            [
              -110.955819015895,
              37.0025630515149
            ],
            [
              -110.956719625476,
              37.0025628420335
            ],
            [
              -110.959556889622,
              37.0025611389204
            ],
            [
              -110.964020826678,
              37.0025568065277
            ],
            [
              -110.968484762836,
              37.0025525774406
            ],
            [
              -110.972948585806,
              37.0025482701565
            ],
            [
              -110.973768046974,
              37.0025481833508
            ],
            [
              -110.974602457007,
              37.0025480047176
            ],
            [
              -110.977448711493,
              37.0025462356032
            ],
            [
              -110.981933888315,
              37.0025418651873
            ],
            [
              -110.986419178325,
              37.0025375048147
            ],
            [
              -110.990904466539,
              37.0025330655277
            ],
            [
              -110.991735519568,
              37.002396017119
            ],
            [
              -110.992699516971,
              37.0023958097893
            ],
            [
              -110.995556105675,
              37.0023939682136
            ],
            [
              -111.000065325008,
              37.0023891838468
            ],
            [
              -111.004574544341,
              37.0023844080886
            ],
            [
              -111.009083762775,
              37.0023796416564
            ],
            [
              -111.00916052741,
              37.0023796359172
            ],
            [
              -111.009844890044,
              37.0023794910016
            ],
            [
              -111.010741338629,
              37.002379323129
            ],
            [
              -111.013601860158,
              37.00237785819
            ],
            [
              -111.018121080435,
              37.0023740989926
            ],
            [
              -111.022640188422,
              37.002370348404
            ],
            [
              -111.02715929641,
              37.002366606424
            ],
            [
              -111.027988533943,
              37.0023665038352
            ],
            [
              -111.028817771477,
              37.0023663955072
            ],
            [
              -111.03167817892,
              37.0023652160947
            ],
            [
              -111.036196949141,
              37.0023623916745
            ],
            [
              -111.040715830753,
              37.0023595751456
            ],
            [
              -111.043503969629,
              37.0023584961696
            ],
            [
              -111.043768318665,
              37.0023584889956
            ],
            [
              -111.045234713263,
              37.0023582099253
            ],
            [
              -111.046893075143,
              37.0023578368751
            ],
            [
              -111.049753258007,
              37.002356762921
            ],
            [
              -111.053670835215,
              37.0023547857549
            ],
            [
              -111.054271801852,
              37.0023547828852
            ],
            [
              -111.058790233408,
              37.0023521801425
            ],
            [
              -111.061910268341,
              37.002350864423
            ],
            [
              -111.063579982231,
              37.0023505229386
            ],
            [
              -111.064962078923,
              37.0023480615244
            ],
            [
              -111.079477151607,
              37.0020722233638
            ],
            [
              -111.081074250181,
              37.0020688895738
            ],
            [
              -111.082457802144,
              37.0020664037586
            ],
            [
              -111.083062587519,
              37.0020658922474
            ],
            [
              -111.097228356593,
              37.0018060656436
            ],
            [
              -111.098759024752,
              37.0018030891118
            ],
            [
              -111.099560044406,
              37.001802239699
            ],
            [
              -111.100144709315,
              37.0018018379496
            ],
            [
              -111.114743620866,
              37.0015293689266
            ],
            [
              -111.115053035685,
              37.0015292498363
            ],
            [
              -111.116516599692,
              37.0015265602584
            ],
            [
              -111.117901264667,
              37.0015241110136
            ],
            [
              -111.132909928362,
              37.0012392641563
            ],
            [
              -111.134306276826,
              37.0012368816217
            ],
            [
              -111.134437212567,
              37.0012368235112
            ],
            [
              -111.135691497859,
              37.0012348549249
            ],
            [
              -111.141762339498,
              37.0011210290848
            ],
            [
              -111.143660786918,
              37.001085483988
            ],
            [
              -111.150586868725,
              37.0009556552119
            ],
            [
              -111.152118870882,
              37.0009555045542
            ],
            [
              -111.153500381873,
              37.0009554385518
            ],
            [
              -111.166678326629,
              37.0009455984531
            ],
            [
              -111.168153908298,
              37.0009455008844
            ],
            [
              -111.170753402762,
              37.0009463868951
            ],
            [
              -111.171686136097,
              37.0009464837464
            ],
            [
              -111.185848682914,
              37.0009633753409
            ],
            [
              -111.186469643355,
              37.0009633932763
            ],
            [
              -111.188635419521,
              37.0009637577243
            ],
            [
              -111.189597262764,
              37.0009638474015
            ],
            [
              -111.200364465267,
              37.0009753676891
            ],
            [
              -111.203906020274,
              37.0009758268361
            ],
            [
              -111.20662925677,
              37.0009764366408
            ],
            [
              -111.218195559228,
              37.0009873786883
            ],
            [
              -111.222062599914,
              37.0009885911233
            ],
            [
              -111.224717615652,
              37.0009895438533
            ],
            [
              -111.234683823654,
              37.0010056843026
            ],
            [
              -111.236274614259,
              37.0010082978526
            ],
            [
              -111.240208530924,
              37.0010104077759
            ],
            [
              -111.242795326802,
              37.001011996137
            ],
            [
              -111.242812297775,
              37.0010120513781
            ],
            [
              -111.25363104022,
              37.0010417108233
            ],
            [
              -111.254344392387,
              37.0010436098252
            ],
            [
              -111.25813737596,
              37.0010470505553
            ],
            [
              -111.26086433238,
              37.0010510042381
            ],
            [
              -111.272427809636,
              37.0010874080983
            ],
            [
              -111.276290142251,
              37.0010914614999
            ],
            [
              -111.278949660346,
              37.0010938949755
            ],
            [
              -111.290514186834,
              37.0011965923126
            ],
            [
              -111.291024892548,
              37.0011967838624
            ],
            [
              -111.294445568454,
              37.0012100725428
            ],
            [
              -111.296913269286,
              37.0012205116487
            ],
            [
              -111.297038250094,
              37.0012210102522
            ],
            [
              -111.308613684826,
              37.0014825534713
            ],
            [
              -111.312613474052,
              37.001482633104
            ],
            [
              -111.315137787612,
              37.0014827191935
            ],
            [
              -111.326701531668,
              37.0014849876518
            ],
            [
              -111.330767406357,
              37.0014851756139
            ],
            [
              -111.333223047306,
              37.0014853384665
            ],
            [
              -111.344769145755,
              37.0014885108644
            ],
            [
              -111.348900542662,
              37.0014888788969
            ],
            [
              -111.351287175031,
              37.0014890510759
            ],
            [
              -111.362806972605,
              37.0014930707377
            ],
            [
              -111.362823943577,
              37.0014931087606
            ],
            [
              -111.366794844781,
              37.0014935248598
            ],
            [
              -111.367668799551,
              37.0014935248598
            ],
            [
              -111.369321290042,
              37.0014936231453
            ],
            [
              -111.380813099706,
              37.0014981457129
            ],
            [
              -111.384711843734,
              37.0014986443144
            ],
            [
              -111.386302293877,
              37.0014987074467
            ],
            [
              -111.387322469222,
              37.0014987174905
            ],
            [
              -111.396004825682,
              37.0015023404227
            ],
            [
              -111.396989936189,
              37.0015026553667
            ],
            [
              -111.398758978597,
              37.0015034861302
            ],
            [
              -111.402840581888,
              37.0015040363854
            ],
            [
              -111.402870702399,
              37.0015040249068
            ],
            [
              -111.40410745617,
              37.0015041475843
            ],
            [
              -111.40525957876,
              37.0015041856072
            ],
            [
              -111.413012002831,
              37.0015071212582
            ],
            [
              -111.415824598341,
              37.0015081184612
            ],
            [
              -111.415937553403,
              37.0015085338429
            ],
            [
              -111.416784555122,
              37.0015125040022
            ],
            [
              -111.416818385675,
              37.0015126553762
            ],
            [
              -111.420916555697,
              37.0015422737336
            ],
            [
              -111.421329041414,
              37.0015439653909
            ],
            [
              -111.423243450099,
              37.0015528390584
            ],
            [
              -111.425438575124,
              37.0015550881445
            ],
            [
              -111.425855547028,
              37.0015552151264
            ],
            [
              -111.429963934488,
              37.0015622185001
            ],
            [
              -111.430385402459,
              37.0015624043098
            ],
            [
              -111.434489294749,
              37.001569447858
            ],
            [
              -111.434915371079,
              37.0015695999492
            ],
            [
              -111.439011398618,
              37.0015770567258
            ],
            [
              -111.439228763069,
              37.0015771542938
            ],
            [
              -111.439442419275,
              37.0015771743813
            ],
            [
              -111.441344087154,
              37.0015787727744
            ],
            [
              -111.443532689512,
              37.0015802599686
            ],
            [
              -111.443972476827,
              37.0015804185165
            ],
            [
              -111.448059725132,
              37.00158570297
            ],
            [
              -111.44850782905,
              37.0015858134513
            ],
            [
              -111.452586648462,
              37.0015911545799
            ],
            [
              -111.45304340675,
              37.0015912148425
            ],
            [
              -111.457108596922,
              37.0015916747033
            ],
            [
              -111.457569175745,
              37.0015917026823
            ],
            [
              -111.459476341314,
              37.0015918174681
            ],
            [
              -111.461633011258,
              37.0015912916055
            ],
            [
              -111.462092915446,
              37.0015912148425
            ],
            [
              -111.466155842763,
              37.0015893904651
            ],
            [
              -111.466615072316,
              37.0015892986364
            ],
            [
              -111.470678785658,
              37.0015874964988
            ],
            [
              -111.471137566053,
              37.0015874792809
            ],
            [
              -111.475209267215,
              37.0015872030775
            ],
            [
              -111.475661866303,
              37.0015871930337
            ],
            [
              -111.477567005273,
              37.0015869347656
            ],
            [
              -111.479728164098,
              37.0015856118587
            ],
            [
              -111.479877868341,
              37.0015855472917
            ],
            [
              -111.480190875522,
              37.0015853629169
            ],
            [
              -111.484252667367,
              37.0015822923955
            ],
            [
              -111.484725607907,
              37.0015820750198
            ],
            [
              -111.488777396114,
              37.0015790712176
            ],
            [
              -111.489260563074,
              37.0015787928618
            ],
            [
              -111.493305599543,
              37.0015747610086
            ],
            [
              -111.49379067722,
              37.0015744561087
            ],
            [
              -111.495155661006,
              37.0015737279359
            ],
            [
              -111.497824490138,
              37.0015728412151
            ],
            [
              -111.498302824163,
              37.0015726367528
            ],
            [
              -111.502342030566,
              37.0015710247288
            ],
            [
              -111.502813509546,
              37.0015709214215
            ],
            [
              -111.506859683282,
              37.0015693072452
            ],
            [
              -111.50732441861,
              37.0015691250227
            ],
            [
              -111.511375413604,
              37.0015660738707
            ],
            [
              -111.511837901347,
              37.0015659734331
            ],
            [
              -111.513245706924,
              37.0015655731174
            ],
            [
              -111.515896323612,
              37.0015643585393
            ],
            [
              -111.516350944808,
              37.001564364996
            ],
            [
              -111.520420259146,
              37.0015614659352
            ],
            [
              -111.520866450551,
              37.0015614924794
            ],
            [
              -111.524944417462,
              37.0015585805051
            ],
            [
              -111.525192239293,
              37.0015585661569
            ],
            [
              -111.529471083874,
              37.0015608303084
            ],
            [
              -111.529717781014,
              37.0015608109383
            ],
            [
              -111.531323054257,
              37.0015602169213
            ],
            [
              -111.533994795727,
              37.0015586838124
            ],
            [
              -111.534241492867,
              37.0015586551159
            ],
            [
              -111.538516246521,
              37.0015547523958
            ],
            [
              -111.538762943661,
              37.0015547143729
            ],
            [
              -111.543038033285,
              37.0015508274356
            ],
            [
              -111.543284730425,
              37.0015508697629
            ],
            [
              -111.547563659448,
              37.0015497771446
            ],
            [
              -111.547806986109,
              37.0015498259287
            ],
            [
              -111.549445297591,
              37.0015489241419
            ],
            [
              -111.552082162869,
              37.0015429086432
            ],
            [
              -111.552328408156,
              37.0015425743292
            ],
            [
              -111.556599501175,
              37.0015306452027
            ],
            [
              -111.556848443205,
              37.0015302886489
            ],
            [
              -111.561116837685,
              37.0015184800457
            ],
            [
              -111.561368701036,
              37.0015180108582
            ],
            [
              -111.565638141155,
              37.0015111724851
            ],
            [
              -111.565886746317,
              37.0015107987134
            ],
            [
              -111.56749368324,
              37.0015078142785
            ],
            [
              -111.57015884994,
              37.0014997290419
            ],
            [
              -111.57040520572,
              37.0014990862404
            ],
            [
              -111.574680874757,
              37.0014841411051
            ],
            [
              -111.574924869765,
              37.0014835901323
            ],
            [
              -111.57920289688,
              37.0014686507332
            ],
            [
              -111.579444644302,
              37.0014681019125
            ],
            [
              -111.58356738684,
              37.0014587210244
            ],
            [
              -111.583971760771,
              37.0014578142147
            ],
            [
              -111.585582173275,
              37.0014542070634
            ],
            [
              -111.588084320007,
              37.0014543656117
            ],
            [
              -111.58849094781,
              37.0014543333281
            ],
            [
              -111.592599828445,
              37.0014549840214
            ],
            [
              -111.593008703833,
              37.0014549251936
            ],
            [
              -111.597115335086,
              37.0014555206462
            ],
            [
              -111.597526458957,
              37.0014555249506
            ],
            [
              -111.601634710771,
              37.0014479325711
            ],
            [
              -111.602047295303,
              37.0014479139184
            ],
            [
              -111.603664367019,
              37.0014481743392
            ],
            [
              -111.606159770996,
              37.0014487073769
            ],
            [
              -111.606563475681,
              37.0014486284615
            ],
            [
              -111.610681237959,
              37.0014501400504
            ],
            [
              -111.611075839118,
              37.0014500919837
            ],
            [
              -111.615202929501,
              37.001451578463
            ],
            [
              -111.61558854032,
              37.0014515626799
            ],
            [
              -111.619724824063,
              37.001450500909
            ],
            [
              -111.620099982983,
              37.0014505245836
            ],
            [
              -111.621643325472,
              37.001450834506
            ],
            [
              -111.622224034201,
              37.001449414746
            ],
            [
              -111.623871415973,
              37.0014455443038
            ],
            [
              -111.624243082244,
              37.0014445822532
            ],
            [
              -111.624619356872,
              37.0014436840523
            ],
            [
              -111.628761985416,
              37.0014354230427
            ],
            [
              -111.629139382938,
              37.0014344150775
            ],
            [
              -111.633280885892,
              37.001426182046
            ],
            [
              -111.633657159622,
              37.0014251654718
            ],
            [
              -111.637796160768,
              37.0014136337737
            ],
            [
              -111.6381870438,
              37.0014126143297
            ],
            [
              -111.639946129281,
              37.0014076505479
            ],
            [
              -111.642319207868,
              37.0014035756407
            ],
            [
              -111.642716726755,
              37.0014030461898
            ],
            [
              -111.64298556018,
              37.0014026724175
            ],
            [
              -111.646840582305,
              37.00139524719
            ],
            [
              -111.647244843048,
              37.0013946660852
            ],
            [
              -111.651361389905,
              37.0013866597521
            ],
            [
              -111.65177250659,
              37.0013860255586
            ],
            [
              -111.655884582532,
              37.0013812224757
            ],
            [
              -111.656292777896,
              37.0013806786763
            ],
            [
              -111.657957810665,
              37.0013782215352
            ],
            [
              -111.660406184243,
              37.0013739084452
            ],
            [
              -111.660813254017,
              37.0013732656427
            ],
            [
              -111.663343332964,
              37.0013687975911
            ],
            [
              -111.664927554188,
              37.0013660628105
            ],
            [
              -111.66533350017,
              37.0013654106816
            ],
            [
              -111.669447345793,
              37.0013578742513
            ],
            [
              -111.669852167085,
              37.0013572127959
            ],
            [
              -111.673965890537,
              37.0013487085737
            ],
            [
              -111.67437037496,
              37.0013481238815
            ],
            [
              -111.676044621749,
              37.0013457205453
            ],
            [
              -111.678484907795,
              37.0013424333553
            ],
            [
              -111.678893887387,
              37.0013418077704
            ],
            [
              -111.683004044528,
              37.0013371567765
            ],
            [
              -111.683417519291,
              37.0013364895816
            ],
            [
              -111.687523179465,
              37.0013318888062
            ],
            [
              -111.687941149397,
              37.0013311800013
            ],
            [
              -111.691733213994,
              37.0013235632173
            ],
            [
              -111.692457889426,
              37.0013222223705
            ],
            [
              -111.694127510789,
              37.0013182392878
            ],
            [
              -111.696249506662,
              37.001315094862
            ],
            [
              -111.696975195392,
              37.0013139907617
            ],
            [
              -111.700774696243,
              37.0013088361413
            ],
            [
              -111.701500384076,
              37.0013077047792
            ],
            [
              -111.70529988313,
              37.0013025853117
            ],
            [
              -111.706025570963,
              37.0013015156471
            ],
            [
              -111.709826217166,
              37.0012989494565
            ],
            [
              -111.710557186194,
              37.0012978209639
            ],
            [
              -111.712182766752,
              37.0012958301394
            ],
            [
              -111.715079123875,
              37.0012930193103
            ],
            [
              -111.719600857638,
              37.0012905700578
            ],
            [
              -111.724122475518,
              37.0012880397375
            ],
            [
              -111.727926688033,
              37.0012828887025
            ],
            [
              -111.72864068519,
              37.0012817530355
            ],
            [
              -111.7302491753,
              37.0012793496972
            ],
            [
              -111.733158865218,
              37.0012725895009
            ],
            [
              -111.737676473019,
              37.0012626267654
            ],
            [
              -111.742675095417,
              37.0012519172
            ],
            [
              -111.746029167532,
              37.0012452151118
            ],
            [
              -111.747198996814,
              37.0012424537824
            ],
            [
              -111.748313645284,
              37.0012398488494
            ],
            [
              -111.751723001519,
              37.0012322765359
            ],
            [
              -111.756247352074,
              37.001223276566
            ],
            [
              -111.760771811326,
              37.0012141940923
            ],
            [
              -111.764141382973,
              37.0012072416229
            ],
            [
              -111.765293894533,
              37.0012036925704
            ],
            [
              -111.766306261722,
              37.0012006758397
            ],
            [
              -111.768660077736,
              37.0012064589231
            ],
            [
              -111.769813668172,
              37.0012096191365
            ],
            [
              -111.77317922435,
              37.0012171290371
            ],
            [
              -111.774334049971,
              37.0012202375962
            ],
            [
              -111.777698482357,
              37.001227716647
            ],
            [
              -111.778854320378,
              37.0012308646635
            ],
            [
              -111.782220368833,
              37.001231534729
            ],
            [
              -111.783378800291,
              37.0012356132324
            ],
            [
              -111.784365606817,
              37.001238921232
            ],
            [
              -111.787895112721,
              37.0012330319737
            ],
            [
              -111.792409356331,
              37.0012262359026
            ],
            [
              -111.796923484957,
              37.0012194498746
            ],
            [
              -111.800137172852,
              37.0012135132654
            ],
            [
              -111.801434668905,
              37.00121070889
            ],
            [
              -111.802609327531,
              37.0012081800019
            ],
            [
              -111.805946048687,
              37.0011993608177
            ],
            [
              -111.810457537164,
              37.0011880213527
            ],
            [
              -111.814969249321,
              37.0011767787371
            ],
            [
              -111.818237191866,
              37.0011688082518
            ],
            [
              -111.81948972185,
              37.0011653043946
            ],
            [
              -111.820127955994,
              37.0011635101385
            ],
            [
              -111.824009843137,
              37.0011527589489
            ],
            [
              -111.828525922005,
              37.0011407910208
            ],
            [
              -111.83304199728,
              37.001128740588
            ],
            [
              -111.836323852932,
              37.0011193625276
            ],
            [
              -111.837557043086,
              37.0011153543248
            ],
            [
              -111.838239212933,
              37.0011129725037
            ],
            [
              -111.84207134329,
              37.0011059475661
            ],
            [
              -111.846584312191,
              37.0010982719314
            ],
            [
              -111.851739457044,
              37.0010901450411
            ],
            [
              -111.854403649072,
              37.0010833460875
            ],
            [
              -111.85627687629,
              37.0010784999405
            ],
            [
              -111.869816206099,
              37.0011940447711
            ],
            [
              -111.872562397245,
              37.0011933582048
            ],
            [
              -111.874343300109,
              37.0011937735882
            ],
            [
              -111.874419049647,
              37.0011937563702
            ],
            [
              -111.877079982588,
              37.0011871927381
            ],
            [
              -111.878874764423,
              37.0011826601082
            ],
            [
              -111.879234169588,
              37.0011817109677
            ],
            [
              -111.88159121235,
              37.0011758547061
            ],
            [
              -111.883405210946,
              37.0011712912266
            ],
            [
              -111.886103565007,
              37.0011646981785
            ],
            [
              -111.887936780363,
              37.0011601016973
            ],
            [
              -111.890615811662,
              37.001154271261
            ],
            [
              -111.892466671727,
              37.0011497429336
            ],
            [
              -111.892525449394,
              37.0011496618657
            ],
            [
              -111.895142302004,
              37.001151227984
            ],
            [
              -111.896995475231,
              37.0011522904766
            ],
            [
              -111.899669196589,
              37.0011539577504
            ],
            [
              -111.901524616502,
              37.0011550223951
            ],
            [
              -111.904195977087,
              37.0011566961257
            ],
            [
              -111.906053644585,
              37.00115776364
            ],
            [
              -111.908522018255,
              37.00115827444
            ],
            [
              -111.910582214528,
              37.0011599739973
            ],
            [
              -111.910671451371,
              37.0011600105856
            ],
            [
              -111.913040809137,
              37.0011603764675
            ],
            [
              -111.915103235927,
              37.0011606282803
            ],
            [
              -111.917559470662,
              37.0011611347757
            ],
            [
              -111.919624256427,
              37.0011613801318
            ],
            [
              -111.922078129492,
              37.0011618120159
            ],
            [
              -111.924145161944,
              37.0011620509153
            ],
            [
              -111.926597015595,
              37.0011628558555
            ],
            [
              -111.928661253388,
              37.0011643896899
            ],
            [
              -111.92869013692,
              37.0011643444927
            ],
            [
              -111.931116866489,
              37.0011602042877
            ],
            [
              -111.933189252002,
              37.001157088552
            ],
            [
              -111.935643178067,
              37.0011529131933
            ],
            [
              -111.937717022444,
              37.0011497967398
            ],
            [
              -111.940169485153,
              37.0011455388779
            ],
            [
              -111.942245127059,
              37.0011424195545
            ],
            [
              -111.944696122819,
              37.001137809441
            ],
            [
              -111.94677053583,
              37.0011353422482
            ],
            [
              -111.946806723563,
              37.0011353235954
            ],
            [
              -111.949214145642,
              37.0011334016386
            ],
            [
              -111.951295425374,
              37.0011319718288
            ],
            [
              -111.953732403823,
              37.0011299917612
            ],
            [
              -111.955820425412,
              37.0011285189065
            ],
            [
              -111.95825054702,
              37.0011265912101
            ],
            [
              -111.960304626664,
              37.0011251327037
            ],
            [
              -111.962770476068,
              37.0011223728048
            ],
            [
              -111.964827268623,
              37.001122166189
            ],
            [
              -111.964846485384,
              37.0011221001868
            ],
            [
              -111.967291669943,
              37.0011205864392
            ],
            [
              -111.969343952956,
              37.0011193467445
            ],
            [
              -111.971812962633,
              37.0011178150615
            ],
            [
              -111.973857378201,
              37.0011166521302
            ],
            [
              -111.976334140339,
              37.00111505301
            ],
            [
              -111.978370687563,
              37.0011138771653
            ],
            [
              -111.980856201987,
              37.0011113002071
            ],
            [
              -111.98288736471,
              37.0011109020412
            ],
            [
              -111.982960302521,
              37.0011108389086
            ],
            [
              -111.985365472524,
              37.0011092835507
            ],
            [
              -111.987404712898,
              37.001107930504
            ],
            [
              -111.989875065556,
              37.001106281882
            ],
            [
              -111.991922060187,
              37.0011049668584
            ],
            [
              -111.994384432212,
              37.0011033813689
            ],
            [
              -111.99643940568,
              37.0011020111041
            ],
            [
              -111.998895362836,
              37.001099845225
            ],
            [
              -112.000966876084,
              37.0011000604497
            ],
            [
              -112.000971933599,
              37.0011000181222
            ],
            [
              -112.003403906635,
              37.0011030090299
            ],
            [
              -112.005496125153,
              37.0011052236933
            ],
            [
              -112.007912475588,
              37.0011081643817
            ],
            [
              -112.010022673886,
              37.0011103266735
            ],
            [
              -112.012420929556,
              37.0011132393825
            ],
            [
              -112.013936815038,
              37.0011144510981
            ],
            [
              -112.014550784789,
              37.0011146125167
            ],
            [
              -112.016883626039,
              37.001117183018
            ],
            [
              -112.019052425036,
              37.0011145364706
            ],
            [
              -112.019472410787,
              37.0011143549643
            ],
            [
              -112.021403182285,
              37.0011122665664
            ],
            [
              -112.023553550548,
              37.0011096960649
            ],
            [
              -112.025921601265,
              37.0011064669753
            ],
            [
              -112.028045444074,
              37.0011038641899
            ],
            [
              -112.030439792971,
              37.0011006774276
            ],
            [
              -112.032537336701,
              37.0010981327527
            ],
            [
              -112.034958342206,
              37.0010966060911
            ],
            [
              -112.037041193092,
              37.0010962724926
            ],
            [
              -112.037505009443,
              37.0010961849679
            ],
            [
              -112.039474324955,
              37.0010940068925
            ],
            [
              -112.04154489587,
              37.0010916293753
            ],
            [
              -112.04398824607,
              37.0010888206908
            ],
            [
              -112.046038588722,
              37.0010865421769
            ],
            [
              -112.048502166286,
              37.0010836430979
            ],
            [
              -112.050532165691,
              37.0010813767798
            ],
            [
              -112.053014403958,
              37.0010789397167
            ],
            [
              -112.055040472335,
              37.0010769008195
            ],
            [
              -112.055465286531,
              37.0010765492855
            ],
            [
              -112.057542108823,
              37.0010794254075
            ],
            [
              -112.059558015457,
              37.0010821774164
            ],
            [
              -112.06206955138,
              37.0010855090975
            ],
            [
              -112.064075342984,
              37.0010882754545
            ],
            [
              -112.066596995733,
              37.001091691073
            ],
            [
              -112.067958016152,
              37.0010936037045
            ],
            [
              -112.071077908253,
              37.0010977589788
            ],
            [
              -112.072473095195,
              37.0010997627221
            ],
            [
              -112.073560000994,
              37.001101293688
            ],
            [
              -112.076996118041,
              37.0011034244138
            ],
            [
              -112.081520917754,
              37.0011057251671
            ],
            [
              -112.086045942046,
              37.0011081220541
            ],
            [
              -112.089116923574,
              37.0011108984541
            ],
            [
              -112.090561662486,
              37.0011123246771
            ],
            [
              -112.091604390935,
              37.0011132852971
            ],
            [
              -112.095063399751,
              37.0011133297769
            ],
            [
              -112.099560628371,
              37.0011134840213
            ],
            [
              -112.105599224085,
              37.0011137222034
            ],
            [
              -112.107207800434,
              37.0011137803141
            ],
            [
              -112.109608468979,
              37.0011138047063
            ],
            [
              -112.110075655809,
              37.0011138527732
            ],
            [
              -112.111730426224,
              37.0011142279817
            ],
            [
              -112.114622125581,
              37.0011155896372
            ],
            [
              -112.116255430753,
              37.00111601363
            ],
            [
              -112.119168705847,
              37.0011173322406
            ],
            [
              -112.120780433485,
              37.0011178071699
            ],
            [
              -112.123715173823,
              37.001119171695
            ],
            [
              -112.125166070686,
              37.0011192168922
            ],
            [
              -112.127680470438,
              37.0011193295265
            ],
            [
              -112.128255995887,
              37.0011193582231
            ],
            [
              -112.132784457133,
              37.0011197599761
            ],
            [
              -112.137312804294,
              37.0011201696205
            ],
            [
              -112.141841149657,
              37.0011205864392
            ],
            [
              -112.14327687128,
              37.0011206459847
            ],
            [
              -112.145701028075,
              37.0011211560674
            ],
            [
              -112.146365787673,
              37.0011212270916
            ],
            [
              -112.150888531143,
              37.0011230658285
            ],
            [
              -112.155411383308,
              37.0011248213452
            ],
            [
              -112.159934124083,
              37.0011266758652
            ],
            [
              -112.16132241915,
              37.0011268903725
            ],
            [
              -112.163697686034,
              37.0011275109372
            ],
            [
              -112.16444965408,
              37.0011275267204
            ],
            [
              -112.168963967759,
              37.0011297507095
            ],
            [
              -112.173478391032,
              37.0011319818727
            ],
            [
              -112.178031136436,
              37.0011342015571
            ],
            [
              -112.179397177539,
              37.0011344253908
            ],
            [
              -112.181726925889,
              37.0011351377847
            ],
            [
              -112.18252724306,
              37.0011367211213
            ],
            [
              -112.187023438618,
              37.0011451084285
            ],
            [
              -112.191519520988,
              37.001153506496
            ],
            [
              -112.19601560246,
              37.0011619146064
            ],
            [
              -112.1974731235,
              37.0011621807675
            ],
            [
              -112.199802753272,
              37.0011627188292
            ],
            [
              -112.200489550341,
              37.001163616316
            ],
            [
              -112.204963450612,
              37.0011695658425
            ],
            [
              -112.209437237695,
              37.0011755282821
            ],
            [
              -112.213911134373,
              37.0011814110881
            ],
            [
              -112.215538803514,
              37.0011816980542
            ],
            [
              -112.217849776176,
              37.001182343728
            ],
            [
              -112.218441145213,
              37.0011824929504
            ],
            [
              -112.222971049153,
              37.0011840339585
            ],
            [
              -112.224601531818,
              37.0011846179346
            ],
            [
              -112.227501051908,
              37.0011848597035
            ],
            [
              -112.229131187823,
              37.0011849343148
            ],
            [
              -112.232031035799,
              37.0011846121953
            ],
            [
              -112.233497531009,
              37.0011841616584
            ],
            [
              -112.235970095319,
              37.0011840368282
            ],
            [
              -112.23653462,
              37.0011851868449
            ],
            [
              -112.241038222167,
              37.0011938833527
            ],
            [
              -112.245541822538,
              37.0012025891859
            ],
            [
              -112.250045422908,
              37.0012113043445
            ],
            [
              -112.251568558694,
              37.0012109355931
            ],
            [
              -112.254059095598,
              37.0012105144705
            ],
            [
              -112.254558196875,
              37.001210738304
            ],
            [
              -112.259071022943,
              37.001213424306
            ],
            [
              -112.263583847215,
              37.0012161196342
            ],
            [
              -112.268096667894,
              37.0012187331771
            ],
            [
              -112.269667213167,
              37.001217535094
            ],
            [
              -112.272175834954,
              37.0012169008991
            ],
            [
              -112.272666844207,
              37.0012171347764
            ],
            [
              -112.277236970215,
              37.0012193271967
            ],
            [
              -112.281759074084,
              37.0012263686244
            ],
            [
              -112.286281290242,
              37.0012334165081
            ],
            [
              -112.287743388198,
              37.0012326137209
            ],
            [
              -112.290267157378,
              37.0012307111367
            ],
            [
              -112.29076906589,
              37.0012309321005
            ],
            [
              -112.295256807403,
              37.0012331460427
            ],
            [
              -112.299744544424,
              37.0012352796345
            ],
            [
              -112.304232392836,
              37.00123742327
            ],
            [
              -112.305836657271,
              37.0012368177718
            ],
            [
              -112.308351104634,
              37.001235624711
            ],
            [
              -112.308766141566,
              37.0012359159814
            ],
            [
              -112.313299949585,
              37.0012380201591
            ],
            [
              -112.317833757604,
              37.001240221905
            ],
            [
              -112.322367450638,
              37.00124243226
            ],
            [
              -112.323874522749,
              37.0012431166737
            ],
            [
              -112.326443602952,
              37.0012430937164
            ],
            [
              -112.326877045467,
              37.0012419437005
            ],
            [
              -112.331386550464,
              37.0012300181139
            ],
            [
              -112.332912754894,
              37.0012259561108
            ],
            [
              -112.335896072529,
              37.0012192726731
            ],
            [
              -112.337431950916,
              37.0012157652312
            ],
            [
              -112.340405502966,
              37.001209889602
            ],
            [
              -112.341799571506,
              37.0012074762177
            ],
            [
              -112.344515362764,
              37.001204321026
            ],
            [
              -112.344908452058,
              37.001202841716
            ],
            [
              -112.349411455049,
              37.0011862486195
            ],
            [
              -112.353914339462,
              37.0011695751689
            ],
            [
              -112.358417221181,
              37.0011530021528
            ],
            [
              -112.359870653988,
              37.0011460008936
            ],
            [
              -112.362566708361,
              37.0011331046284
            ],
            [
              -112.362859683111,
              37.0011327150716
            ],
            [
              -112.367302171992,
              37.0011267734338
            ],
            [
              -112.371744660872,
              37.0011209358207
            ],
            [
              -112.376187146159,
              37.0011151125556
            ],
            [
              -112.377961044859,
              37.0011119250764
            ],
            [
              -112.380533956376,
              37.0011073508319
            ],
            [
              -112.380679593945,
              37.001106828553
            ],
            [
              -112.385172141445,
              37.0010917936635
            ],
            [
              -112.389664684452,
              37.0010767680975
            ],
            [
              -112.394157223867,
              37.0010617540072
            ],
            [
              -112.396018932886,
              37.0010549213325
            ],
            [
              -112.398678271317,
              37.0010449707645
            ],
            [
              -112.398837618075,
              37.0010443545036
            ],
            [
              -112.403199399616,
              37.0010389215073
            ],
            [
              -112.407720533304,
              37.0010333299614
            ],
            [
              -112.412241663399,
              37.0010277470242
            ],
            [
              -112.4141198583,
              37.0010254821394
            ],
            [
              -112.416718406838,
              37.0010225220776
            ],
            [
              -112.416955863907,
              37.0010222107187
            ],
            [
              -112.421195093683,
              37.0010204630912
            ],
            [
              -112.425671781426,
              37.0010185956551
            ],
            [
              -112.430148466474,
              37.001016740415
            ],
            [
              -112.432201880466,
              37.001015592548
            ],
            [
              -112.4347205553,
              37.0010145537284
            ],
            [
              -112.435216716391,
              37.0010144131146
            ],
            [
              -112.439292646821,
              37.0009888450889
            ],
            [
              -112.44127391891,
              37.0009763369199
            ],
            [
              -112.443864786851,
              37.0009600759382
            ],
            [
              -112.4458067289,
              37.000947879841
            ],
            [
              -112.448436923288,
              37.0009314007583
            ],
            [
              -112.450129962833,
              37.0009204594202
            ],
            [
              -112.452959864387,
              37.0009045033292
            ],
            [
              -112.453219770355,
              37.0009028532679
            ],
            [
              -112.45748204102,
              37.0009025914103
            ],
            [
              -112.462004585961,
              37.0009024852325
            ],
            [
              -112.466253364829,
              37.0009021645466
            ],
            [
              -112.468245976351,
              37.0008897869334
            ],
            [
              -112.470765518059,
              37.0008937406243
            ],
            [
              -112.471298650214,
              37.000893621533
            ],
            [
              -112.472766156028,
              37.0008897503451
            ],
            [
              -112.47527474907,
              37.0008854515757
            ],
            [
              -112.477285492188,
              37.0008810789121
            ],
            [
              -112.479783519245,
              37.0008768167306
            ],
            [
              -112.481805049333,
              37.0008724132175
            ],
            [
              -112.484292284929,
              37.0008681008163
            ],
            [
              -112.48632268588,
              37.0008461133772
            ],
            [
              -112.488812178942,
              37.0008308610584
            ],
            [
              -112.489300878626,
              37.0008286951715
            ],
            [
              -112.490831712973,
              37.0008280416031
            ],
            [
              -112.493333505768,
              37.0008270515653
            ],
            [
              -112.495338468227,
              37.0008262315557
            ],
            [
              -112.497946567653,
              37.0008250671851
            ],
            [
              -112.499845217193,
              37.0008242507627
            ],
            [
              -112.50255951635,
              37.0008231746346
            ],
            [
              -112.50435196526,
              37.0008223689734
            ],
            [
              -112.507043223528,
              37.0008212117769
            ],
            [
              -112.507377439933,
              37.0008211134906
            ],
            [
              -112.50888652966,
              37.0008178886933
            ],
            [
              -112.511527127438,
              37.0008123172189
            ],
            [
              -112.513420990754,
              37.0008083699805
            ],
            [
              -112.516011017873,
              37.0008028917699
            ],
            [
              -112.517955561443,
              37.0007988562884
            ],
            [
              -112.520494791527,
              37.0007934792332
            ],
            [
              -112.522490125843,
              37.0007892593745
            ],
            [
              -112.523292822652,
              37.000787611463
            ],
            [
              -112.524985192951,
              37.0007840824786
            ],
            [
              -112.525456718644,
              37.0007830702003
            ],
            [
              -112.527005721418,
              37.0007809947068
            ],
            [
              -112.529475535985,
              37.0007775812266
            ],
            [
              -112.531521354722,
              37.0007748112712
            ],
            [
              -112.533966218582,
              37.0007713554629
            ],
            [
              -112.536036982636,
              37.0007685460493
            ],
            [
              -112.538456560717,
              37.000765145482
            ],
            [
              -112.540552720144,
              37.000762288001
            ],
            [
              -112.542988929635,
              37.0007589390877
            ],
            [
              -112.543553284534,
              37.0007581800581
            ],
            [
              -112.545071783216,
              37.0007539221742
            ],
            [
              -112.547521403656,
              37.0007469703802
            ],
            [
              -112.549591091528,
              37.0007412338942
            ],
            [
              -112.552053970203,
              37.0007342856861
            ],
            [
              -112.554110283957,
              37.0007285556559
            ],
            [
              -112.556586758634,
              37.0007216060118
            ],
            [
              -112.558512268699,
              37.0007162533434
            ],
            [
              -112.560974243669,
              37.0007093123072
            ],
            [
              -112.561614207071,
              37.0007075625203
            ],
            [
              -112.565361347819,
              37.0007005561981
            ],
            [
              -112.569880842082,
              37.0006923209349
            ],
            [
              -112.574400217767,
              37.0006840046024
            ],
            [
              -112.576587478042,
              37.0006799325262
            ],
            [
              -112.578895313787,
              37.0006755684598
            ],
            [
              -112.57969238804,
              37.0006741544247
            ],
            [
              -112.581106740539,
              37.0006718134828
            ],
            [
              -112.583390200499,
              37.000668047027
            ],
            [
              -112.585625899731,
              37.00066433366
            ],
            [
              -112.587885085415,
              37.0006606253149
            ],
            [
              -112.590145170313,
              37.0006569514056
            ],
            [
              -112.592379855346,
              37.0006532150807
            ],
            [
              -112.594664435506,
              37.0006494866472
            ],
            [
              -112.596860687916,
              37.0006459117415
            ],
            [
              -112.597721589267,
              37.000644419507
            ],
            [
              -112.599183472526,
              37.0006420333668
            ],
            [
              -112.601341403705,
              37.0006385316376
            ],
            [
              -112.603702505953,
              37.0006345879772
            ],
            [
              -112.605822114104,
              37.0006310718992
            ],
            [
              -112.608221533991,
              37.0006270608009
            ],
            [
              -112.61030270862,
              37.0006236250738
            ],
            [
              -112.612740672521,
              37.0006196304757
            ],
            [
              -112.614822632278,
              37.0006161940308
            ],
            [
              -112.615862095351,
              37.0006144829825
            ],
            [
              -112.6172593583,
              37.0006122137808
            ],
            [
              -112.619342215474,
              37.0006087766182
            ],
            [
              -112.62177803869,
              37.0006047152992
            ],
            [
              -112.623862467017,
              37.0006012673749
            ],
            [
              -112.625678771588,
              37.0005983015572
            ],
            [
              -112.626296717282,
              37.0005973151035
            ],
            [
              -112.628382715865,
              37.0005937660225
            ],
            [
              -112.630815388688,
              37.0005897427261
            ],
            [
              -112.632912626093,
              37.0005863199108
            ],
            [
              -112.634001191978,
              37.0005844955093
            ],
            [
              -112.635334331386,
              37.0005845184668
            ],
            [
              -112.63744332684,
              37.0005844589208
            ],
            [
              -112.639853271388,
              37.0005845299455
            ],
            [
              -112.641973952127,
              37.0005844990964
            ],
            [
              -112.644372206001,
              37.0005844596383
            ],
            [
              -112.64666100375,
              37.0005844481595
            ],
            [
              -112.648891025629,
              37.0005843986575
            ],
            [
              -112.651178698688,
              37.0005844058317
            ],
            [
              -112.652063111645,
              37.0005844445724
            ],
            [
              -112.653409732968,
              37.0005844373982
            ],
            [
              -112.655696280438,
              37.0005844632253
            ],
            [
              -112.657928436714,
              37.0005844840306
            ],
            [
              -112.660213745406,
              37.0005844402679
            ],
            [
              -112.661988524455,
              37.0005844739867
            ],
            [
              -112.662446994034,
              37.000583099408
            ],
            [
              -112.664731265172,
              37.0005767638631
            ],
            [
              -112.666886982902,
              37.00057074757
            ],
            [
              -112.66922316319,
              37.0005641372517
            ],
            [
              -112.671405736954,
              37.0005581123486
            ],
            [
              -112.673714834832,
              37.0005516146643
            ],
            [
              -112.675924598803,
              37.0005454835818
            ],
            [
              -112.678206614272,
              37.0005391006838
            ],
            [
              -112.680443455262,
              37.0005327730269
            ],
            [
              -112.682750301962,
              37.0005263112115
            ],
            [
              -112.684963209138,
              37.0005202375207
            ],
            [
              -112.687279493538,
              37.0005137340938
            ],
            [
              -112.68815294615,
              37.0005113163829
            ],
            [
              -112.689481138536,
              37.0005066545768
            ],
            [
              -112.691806936993,
              37.0004985749731
            ],
            [
              -112.693999354496,
              37.0004910025858
            ],
            [
              -112.696334925726,
              37.0004828756307
            ],
            [
              -112.698517675559,
              37.0004752673707
            ],
            [
              -112.700546367915,
              37.0004682043508
            ],
            [
              -112.700862366486,
              37.0004680020378
            ],
            [
              -112.703035585194,
              37.0004664861249
            ],
            [
              -112.705383096831,
              37.0004648590116
            ],
            [
              -112.706218155447,
              37.0004643022921
            ],
            [
              -112.70755642693,
              37.0004633488381
            ],
            [
              -112.709905734299,
              37.0004616973324
            ],
            [
              -112.712076701829,
              37.0004601383741
            ],
            [
              -112.714427582148,
              37.000458554306
            ],
            [
              -112.716596974931,
              37.0004570254793
            ],
            [
              -112.718949650982,
              37.000455415584
            ],
            [
              -112.721112862458,
              37.0004538939315
            ],
            [
              -112.723464860281,
              37.0004522044021
            ],
            [
              -112.72426597875,
              37.0004516527045
            ],
            [
              -112.725630206155,
              37.0004507494699
            ],
            [
              -112.727982876816,
              37.000449050614
            ],
            [
              -112.730148106806,
              37.000447514613
            ],
            [
              -112.732501339813,
              37.000445898978
            ],
            [
              -112.734666118849,
              37.0004443773254
            ],
            [
              -112.737019909709,
              37.0004426626861
            ],
            [
              -112.739185813436,
              37.0004412228195
            ],
            [
              -112.741532635167,
              37.0004395210937
            ],
            [
              -112.742319590797,
              37.0004389650914
            ],
            [
              -112.743701141313,
              37.0004389514604
            ],
            [
              -112.746041931755,
              37.0004389622217
            ],
            [
              -112.748217640593,
              37.0004389249158
            ],
            [
              -112.750563263072,
              37.0004389550475
            ],
            [
              -112.752745376,
              37.0004389206112
            ],
            [
              -112.755073690639,
              37.0004389371119
            ],
            [
              -112.757262097164,
              37.000438996658
            ],
            [
              -112.759592656693,
              37.0004389808747
            ],
            [
              -112.760450871183,
              37.0004390504646
            ],
            [
              -112.761781916617,
              37.0004371421212
            ],
            [
              -112.764112850743,
              37.0004339675272
            ],
            [
              -112.766301406389,
              37.0004308840457
            ],
            [
              -112.768633125642,
              37.0004276994075
            ],
            [
              -112.770821005755,
              37.0004246324265
            ],
            [
              -112.773153059182,
              37.0004214434835
            ],
            [
              -112.775154961979,
              37.0004186419485
            ],
            [
              -112.777675011235,
              37.0004151660363
            ],
            [
              -112.778478693496,
              37.0004140289215
            ],
            [
              -112.779673911863,
              37.0004137749539
            ],
            [
              -112.782196947119,
              37.0004131321433
            ],
            [
              -112.784192946188,
              37.0004127002549
            ],
            [
              -112.786718789578,
              37.0004120990547
            ],
            [
              -112.788711864631,
              37.0004116355997
            ],
            [
              -112.790993932203,
              37.0004144378524
            ],
            [
              -112.793231118146,
              37.0004105730969
            ],
            [
              -112.795518724729,
              37.0004100500958
            ],
            [
              -112.79665617783,
              37.0004097781926
            ],
            [
              -112.7977497105,
              37.0004102502567
            ],
            [
              -112.80004297108,
              37.0004112668445
            ],
            [
              -112.802268355855,
              37.000412277693
            ],
            [
              -112.80456734589,
              37.0004133000202
            ],
            [
              -112.806787110805,
              37.0004143123034
            ],
            [
              -112.809091718005,
              37.0004153410874
            ],
            [
              -112.809317480805,
              37.0004154142645
            ],
            [
              -112.811305748075,
              37.0004162658451
            ],
            [
              -112.813600803489,
              37.0004173527403
            ],
            [
              -112.814417215775,
              37.0004177609537
            ],
            [
              -112.815838545489,
              37.0004183714803
            ],
            [
              -112.81811045042,
              37.0004194547883
            ],
            [
              -112.820371226122,
              37.0004203953292
            ],
            [
              -112.82261986828,
              37.0004214793546
            ],
            [
              -112.824903905857,
              37.0004225167476
            ],
            [
              -112.827129619415,
              37.0004235067906
            ],
            [
              -112.829436580202,
              37.0004245549449
            ],
            [
              -112.831651617283,
              37.0004255349439
            ],
            [
              -112.833569756672,
              37.0004263750456
            ],
            [
              -112.833957433616,
              37.0004257910638
            ],
            [
              -112.83616999494,
              37.0004220382268
            ],
            [
              -112.838475036925,
              37.0004181627103
            ],
            [
              -112.840686921818,
              37.0004144263736
            ],
            [
              -112.842992635743,
              37.0004105429651
            ],
            [
              -112.845204069682,
              37.0004068188243
            ],
            [
              -112.847510008185,
              37.0004030243758
            ],
            [
              -112.849724137968,
              37.0003993540413
            ],
            [
              -112.851083472249,
              37.0003970833983
            ],
            [
              -112.852025188738,
              37.0003979816116
            ],
            [
              -112.854246761063,
              37.0004000592678
            ],
            [
              -112.856543063339,
              37.0004021885784
            ],
            [
              -112.858770927464,
              37.0004042633648
            ],
            [
              -112.861060822955,
              37.0004064055888
            ],
            [
              -112.863294977982,
              37.000408476788
            ],
            [
              -112.865578804455,
              37.0004106269036
            ],
            [
              -112.867804531488,
              37.0004127461699
            ],
            [
              -112.869180802606,
              37.0004139672232
            ],
            [
              -112.870096115812,
              37.0004059442861
            ],
            [
              -112.872315126142,
              37.0003862725543
            ],
            [
              -112.873008994749,
              37.0003800991305
            ],
            [
              -112.874613566407,
              37.0003659357663
            ],
            [
              -112.876825833983,
              37.0003463766597
            ],
            [
              -112.87912853945,
              37.0003259752929
            ],
            [
              -112.881336307364,
              37.0003064032624
            ],
            [
              -112.883510031824,
              37.0002871497629
            ],
            [
              -112.885862053901,
              37.0002663753198
            ],
            [
              -112.886971384344,
              37.0002565803297
            ],
            [
              -112.888035562765,
              37.0002612837618
            ],
            [
              -112.890387679166,
              37.0002716928661
            ],
            [
              -112.892561328167,
              37.000281387415
            ],
            [
              -112.894913446365,
              37.0002918876294
            ],
            [
              -112.897110808195,
              37.0003016603749
            ],
            [
              -112.899213201929,
              37.0003109302051
            ],
            [
              -112.901659274024,
              37.0003218651741
            ],
            [
              -112.90343327603,
              37.0003296528052
            ],
            [
              -112.905320677764,
              37.0003380265704
            ],
            [
              -112.906174311745,
              37.0003354926313
            ],
            [
              -112.908055966058,
              37.0003297647233
            ],
            [
              -112.910038410448,
              37.0003237362144
            ],
            [
              -112.910176618949,
              37.0003233143695
            ],
            [
              -112.91069360748,
              37.0003217496689
            ],
            [
              -112.912583802077,
              37.0003160827409
            ],
            [
              -112.915214812135,
              37.0003081645373
            ],
            [
              -112.917110059755,
              37.0003024337575
            ],
            [
              -112.919736122792,
              37.0002944954646
            ],
            [
              -112.921636984882,
              37.0002886915066
            ],
            [
              -112.923304128692,
              37.0002835820144
            ],
            [
              -112.924247795424,
              37.0002820718373
            ],
            [
              -112.926164791257,
              37.0002789079982
            ],
            [
              -112.928759477039,
              37.0002746134989
            ],
            [
              -112.930672203179,
              37.0002715371852
            ],
            [
              -112.933272054274,
              37.0002672398157
            ],
            [
              -112.935179832494,
              37.0002640809979
            ],
            [
              -112.937784738409,
              37.0002597821932
            ],
            [
              -112.939685886164,
              37.0002566592463
            ],
            [
              -112.941457474397,
              37.0002538225516
            ],
            [
              -112.942321804617,
              37.0002523848337
            ],
            [
              -112.944190252797,
              37.0002493644782
            ],
            [
              -112.946861333107,
              37.000244773681
            ],
            [
              -112.948694381377,
              37.0002417217585
            ],
            [
              -112.951403214286,
              37.000237039848
            ],
            [
              -112.95319839138,
              37.0002340001214
            ],
            [
              -112.955944754104,
              37.000229317493
            ],
            [
              -112.957701838139,
              37.000226387532
            ],
            [
              -112.959611292615,
              37.0002232581269
            ],
            [
              -112.960472134677,
              37.0002217457963
            ],
            [
              -112.962203818847,
              37.0002187175479
            ],
            [
              -112.964997816536,
              37.0002138491056
            ],
            [
              -112.966714107175,
              37.0002109198615
            ],
            [
              -112.969524623085,
              37.0002061210088
            ],
            [
              -112.971225064748,
              37.0002031193045
            ],
            [
              -112.974050862797,
              37.0001984094121
            ],
            [
              -112.97573579864,
              37.0001955110166
            ],
            [
              -112.978573726641,
              37.0001906719872
            ],
            [
              -112.980247424559,
              37.000187806593
            ],
            [
              -112.981142648741,
              37.000186291392
            ],
            [
              -112.983097036049,
              37.0001829345616
            ],
            [
              -112.984767810849,
              37.0001800541011
            ],
            [
              -112.98762045595,
              37.0001752932701
            ],
            [
              -112.989288194445,
              37.0001723998957
            ],
            [
              -112.99199700759,
              37.0001678722273
            ],
            [
              -112.993808800822,
              37.0001648396722
            ],
            [
              -112.996514689053,
              37.0001602581965
            ],
            [
              -112.998329400911,
              37.0001571976615
            ],
            [
              -112.999352268508,
              37.0001554679498
            ],
            [
              -113.001032176479,
              37.0001540072724
            ],
            [
              -113.002848048063,
              37.0001523901963
            ],
            [
              -113.005548111617,
              37.0001486918701
            ],
            [
              -113.007366114004,
              37.0001469700499
            ],
            [
              -113.010064376437,
              37.0001432889417
            ],
            [
              -113.011885642403,
              37.0001418024368
            ],
            [
              -113.014588859044,
              37.0001385661319
            ],
            [
              -113.0164082116,
              37.0001370430382
            ],
            [
              -113.017408636585,
              37.0001366204747
            ],
            [
              -113.019108880619,
              37.0001352781722
            ],
            [
              -113.020924298553,
              37.0001337529262
            ],
            [
              -113.023625593697,
              37.0001302526085
            ],
            [
              -113.025439885144,
              37.0001286764251
            ],
            [
              -113.028142302285,
              37.000125234936
            ],
            [
              -113.029959632732,
              37.0001238983727
            ],
            [
              -113.032670260474,
              37.0001208435756
            ],
            [
              -113.034226787537,
              37.0001198535286
            ],
            [
              -113.035487789532,
              37.0001192272163
            ],
            [
              -113.038755583855,
              37.0001091768038
            ],
            [
              -113.043284284053,
              37.0000950844142
            ],
            [
              -113.046238021064,
              37.0000859099753
            ],
            [
              -113.047813154931,
              37.0000833394391
            ],
            [
              -113.052341911722,
              37.0000759298661
            ],
            [
              -113.053573479519,
              37.0000757096164
            ],
            [
              -113.056861228119,
              37.000068600644
            ],
            [
              -113.061380584041,
              37.0000587554087
            ],
            [
              -113.064332586406,
              37.0000524040366
            ],
            [
              -113.065899939964,
              37.0000490981376
            ],
            [
              -113.07041918719,
              37.0000397206615
            ],
            [
              -113.070916277139,
              37.000038526147
            ],
            [
              -113.07493069543,
              37.0000517569184
            ],
            [
              -113.07944205455,
              37.0000665990259
            ],
            [
              -113.082433033018,
              37.0000765088287
            ],
            [
              -113.083953483738,
              37.0000800055618
            ],
            [
              -113.08846494347,
              37.0000904455403
            ],
            [
              -113.089612430752,
              37.0000935849948
            ],
            [
              -113.091463237817,
              37.0000926982567
            ],
            [
              -113.093009505221,
              37.0000911177681
            ],
            [
              -113.095970792571,
              37.0000879610953
            ],
            [
              -113.097554031039,
              37.0000864788939
            ],
            [
              -113.100219909205,
              37.0000837512414
            ],
            [
              -113.10209865657,
              37.000081573137
            ],
            [
              -113.106643156338,
              37.0000763158411
            ],
            [
              -113.107880192179,
              37.0000751643728
            ],
            [
              -113.11117254734,
              37.0000734059622
            ],
            [
              -113.115701834138,
              37.000070955953
            ],
            [
              -113.118192221024,
              37.0000696014531
            ],
            [
              -113.118264810289,
              37.0000695670167
            ],
            [
              -113.120231134411,
              37.0000691437354
            ],
            [
              -113.124760564041,
              37.0000680568353
            ],
            [
              -113.125996392547,
              37.0000680898369
            ],
            [
              -113.129290217351,
              37.0000670639179
            ],
            [
              -113.133819856289,
              37.0000657173096
            ],
            [
              -113.136327460285,
              37.0000655644979
            ],
            [
              -113.138324915523,
              37.0000655415402
            ],
            [
              -113.14281571041,
              37.000065723049
            ],
            [
              -113.14412963126,
              37.0000657790082
            ],
            [
              -113.145653906109,
              37.0000658909267
            ],
            [
              -113.150180650674,
              37.0000619888472
            ],
            [
              -113.154450749258,
              37.0000583385842
            ],
            [
              -113.154707396138,
              37.0000582740159
            ],
            [
              -113.159234213468,
              37.0000572689021
            ],
            [
              -113.162224859559,
              37.0000566088702
            ],
            [
              -113.163760922999,
              37.0000565435845
            ],
            [
              -113.168289223447,
              37.0000486762911
            ],
            [
              -113.172527289904,
              37.0000413549582
            ],
            [
              -113.172817524793,
              37.0000409969625
            ],
            [
              -113.177345778528,
              37.000035758317
            ],
            [
              -113.18029914184,
              37.0000323519776
            ],
            [
              -113.181874064603,
              37.000031788798
            ],
            [
              -113.18639080014,
              37.0000248842881
            ],
            [
              -113.190602584587,
              37.0000185723717
            ],
            [
              -113.190907422489,
              37.0000180802172
            ],
            [
              -113.195424177788,
              37.0000121836901
            ],
            [
              -113.198417740709,
              37.0000082120176
            ],
            [
              -113.199607023907,
              37.0000079795714
            ],
            [
              -113.199940863918,
              37.0000079178728
            ],
            [
              -113.204133488198,
              37.0000039131985
            ],
            [
              -113.204468781683,
              37.0000036319673
            ],
            [
              -113.208718134574,
              36.9999992226642
            ],
            [
              -113.208996690465,
              36.9999991731618
            ],
            [
              -113.213524610027,
              36.9999991380079
            ],
            [
              -113.216515578614,
              36.9999990842009
            ],
            [
              -113.218052413707,
              36.9999991114631
            ],
            [
              -113.222572570028,
              36.9999989658255
            ],
            [
              -113.22682079733,
              36.9999988847563
            ],
            [
              -113.227092727248,
              36.9999990074363
            ],
            [
              -113.231612810806,
              37.0000005004008
            ],
            [
              -113.234605032542,
              37.0000014086627
            ],
            [
              -113.236132989585,
              37.0000015492783
            ],
            [
              -113.236149958761,
              37.0000015894542
            ],
            [
              -113.240656106753,
              37.0000032711018
            ],
            [
              -113.244903134804,
              37.0000049075515
            ],
            [
              -113.245179217634,
              37.0000049104212
            ],
            [
              -113.249710646015,
              37.0000067599466
            ],
            [
              -113.252708470544,
              37.0000074644593
            ],
            [
              -113.255628147931,
              37.0000064249084
            ],
            [
              -113.26015240057,
              37.0000053078754
            ],
            [
              -113.263008710797,
              37.0000046621917
            ],
            [
              -113.264676541818,
              37.0000043802431
            ],
            [
              -113.269200795355,
              37.0000035487459
            ],
            [
              -113.270808396133,
              37.0000032510139
            ],
            [
              -113.273724915942,
              37.000002186353
            ],
            [
              -113.278291975101,
              37.0000014481212
            ],
            [
              -113.281104004672,
              37.0000008569617
            ],
            [
              -113.282858914784,
              37.0000006273853
            ],
            [
              -113.287425856264,
              36.9999999903105
            ],
            [
              -113.289172111107,
              36.9999997435159
            ],
            [
              -113.291992886677,
              36.9999987247702
            ],
            [
              -113.296498576529,
              36.9999979298617
            ],
            [
              -113.299133735007,
              36.999997360225
            ],
            [
              -113.301004261889,
              36.9999971442796
            ],
            [
              -113.305509949944,
              36.9999965473808
            ],
            [
              -113.306808652435,
              36.9999963565453
            ],
            [
              -113.308141523247,
              36.9999964777904
            ],
            [
              -113.310015649678,
              36.9999965000306
            ],
            [
              -113.312659923362,
              36.999996623428
            ],
            [
              -113.314515849027,
              36.9999967489776
            ],
            [
              -113.317097085232,
              36.9999969218774
            ],
            [
              -113.319015931595,
              36.9999970101209
            ],
            [
              -113.323516121062,
              36.9999971873252
            ],
            [
              -113.324879208505,
              36.9999971593456
            ],
            [
              -113.328016235072,
              36.9999950328933
            ],
            [
              -113.332529352194,
              36.9999920003314
            ],
            [
              -113.335168386903,
              36.9999901924164
            ],
            [
              -113.337042471114,
              36.9999891571698
            ],
            [
              -113.341555590931,
              36.999986501974
            ],
            [
              -113.34295494426,
              36.9999857307404
            ],
            [
              -113.346068723326,
              36.9999843956094
            ],
            [
              -113.350589282991,
              36.9999827813995
            ],
            [
              -113.353239570895,
              36.9999818795942
            ],
            [
              -113.355109947758,
              36.9999810832506
            ],
            [
              -113.359630049282,
              36.9999794934331
            ],
            [
              -113.361028278819,
              36.9999788907947
            ],
            [
              -113.364150139129,
              36.9999776410374
            ],
            [
              -113.36719300788,
              36.9999764436522
            ],
            [
              -113.37132455301,
              36.9999750403656
            ],
            [
              -113.371696358519,
              36.9999749076416
            ],
            [
              -113.376199712752,
              36.9999736514274
            ],
            [
              -113.379102358081,
              36.9999728830634
            ],
            [
              -113.380703060696,
              36.999972314144
            ],
            [
              -113.385206402352,
              36.9999708957913
            ],
            [
              -113.389392424015,
              36.9999693891951
            ],
            [
              -113.389735465469,
              36.9999693282138
            ],
            [
              -113.394264541163,
              36.9999683087504
            ],
            [
              -113.39721605664,
              36.9999676429783
            ],
            [
              -113.398793610568,
              36.9999672067828
            ],
            [
              -113.403322782382,
              36.9999659290457
            ],
            [
              -113.407452612628,
              36.9999645623476
            ],
            [
              -113.407871831218,
              36.999964435363
            ],
            [
              -113.41242099414,
              36.9999631246242
            ],
            [
              -113.415308784029,
              36.9999623124971
            ],
            [
              -113.416486682877,
              36.9999625671836
            ],
            [
              -113.416970074417,
              36.9999629029394
            ],
            [
              -113.420993388724,
              36.9999655775066
            ],
            [
              -113.421519244525,
              36.9999656585758
            ],
            [
              -113.425445576714,
              36.999967998822
            ],
            [
              -113.426027835037,
              36.999967988778
            ],
            [
              -113.429965653086,
              36.9999676903284
            ],
            [
              -113.430547461352,
              36.9999676673708
            ],
            [
              -113.433420991385,
              36.9999675167112
            ],
            [
              -113.434485279401,
              36.999967489449
            ],
            [
              -113.43506641483,
              36.9999675475606
            ],
            [
              -113.439005347687,
              36.9999671967389
            ],
            [
              -113.43958603306,
              36.9999672426541
            ],
            [
              -113.443465275562,
              36.9999767119698
            ],
            [
              -113.443526069049,
              36.9999769020879
            ],
            [
              -113.4441122584,
              36.9999769020879
            ],
            [
              -113.448041541555,
              36.9999806850788
            ],
            [
              -113.448633463953,
              36.999980814933
            ],
            [
              -113.451507949793,
              36.9999827290274
            ],
            [
              -113.452558089343,
              36.9999831020892
            ],
            [
              -113.45315551572,
              36.9999831853107
            ],
            [
              -113.457071988001,
              36.9999871139389
            ],
            [
              -113.457673910445,
              36.9999872617288
            ],
            [
              -113.46158694667,
              36.9999857945913
            ],
            [
              -113.462189766531,
              36.9999859014879
            ],
            [
              -113.466109386508,
              36.9999900962813
            ],
            [
              -113.46671827449,
              36.9999902333097
            ],
            [
              -113.469672766984,
              36.9999926560592
            ],
            [
              -113.470628966111,
              36.9999929322685
            ],
            [
              -113.471244030908,
              36.9999930083157
            ],
            [
              -113.475151398764,
              36.9999972490239
            ],
            [
              -113.476833913646,
              36.9999980891304
            ],
            [
              -113.479672545927,
              36.9999897942446
            ],
            [
              -113.481355092251,
              36.9999916509446
            ],
            [
              -113.484189665943,
              36.9999968508522
            ],
            [
              -113.485863223724,
              36.999998741271
            ],
            [
              -113.487739491738,
              37.0000010434926
            ],
            [
              -113.488710761003,
              37.0000018491626
            ],
            [
              -113.490377566148,
              37.0000034569153
            ],
            [
              -113.493233420929,
              37.0000067319669
            ],
            [
              -113.494894158853,
              37.0000084035705
            ],
            [
              -113.497755973956,
              37.0000084702911
            ],
            [
              -113.499407035227,
              37.0000097415707
            ],
            [
              -113.50227218308,
              37.0000121521233
            ],
            [
              -113.503924590926,
              37.0000134226855
            ],
            [
              -113.506175557924,
              37.0000152736454
            ],
            [
              -113.506787581025,
              37.0000152284476
            ],
            [
              -113.508441188122,
              37.0000154192829
            ],
            [
              -113.511303791048,
              37.0000157722567
            ],
            [
              -113.512958741126,
              37.000015871979
            ],
            [
              -113.515820496042,
              37.0000144213429
            ],
            [
              -113.517479966442,
              37.0000153532797
            ],
            [
              -113.52032893923,
              37.0000182100714
            ],
            [
              -113.521996047107,
              37.0000190968103
            ],
            [
              -113.524231722084,
              37.0000208387213
            ],
            [
              -113.52483823492,
              37.0000207282377
            ],
            [
              -113.526512847323,
              37.0000209405959
            ],
            [
              -113.529346935924,
              37.0000223661219
            ],
            [
              -113.531028964819,
              37.0000226265476
            ],
            [
              -113.533861458911,
              37.000020102642
            ],
            [
              -113.535555573739,
              37.0000189590644
            ],
            [
              -113.538360203887,
              37.0000165628605
            ],
            [
              -113.540080177619,
              37.0000159731361
            ],
            [
              -113.542356888536,
              37.0000153231478
            ],
            [
              -113.542882959035,
              37.000015491743
            ],
            [
              -113.544598267815,
              37.000016558556
            ],
            [
              -113.547400034135,
              37.0000194167824
            ],
            [
              -113.549112306609,
              37.0000204835953
            ],
            [
              -113.551924154721,
              37.0000191427256
            ],
            [
              -113.55364007795,
              37.0000185329132
            ],
            [
              -113.55645124963,
              37.0000171898912
            ],
            [
              -113.5581656574,
              37.0000183492521
            ],
            [
              -113.560423350085,
              37.0000204656597
            ],
            [
              -113.560965821125,
              37.0000205610774
            ],
            [
              -113.562685847858,
              37.0000218043771
            ],
            [
              -113.565479302964,
              37.0000250449916
            ],
            [
              -113.567204945964,
              37.0000262818344
            ],
            [
              -113.570001550563,
              37.0000230390677
            ],
            [
              -113.571730363718,
              37.000021708242
            ],
            [
              -113.574527748055,
              37.0000183413604
            ],
            [
              -113.576253592277,
              37.0000189913486
            ],
            [
              -113.578534952874,
              37.0000201578838
            ],
            [
              -113.579050116927,
              37.0000202231696
            ],
            [
              -113.580771354588,
              37.0000209068768
            ],
            [
              -113.583572161507,
              37.000022569871
            ],
            [
              -113.586264539076,
              37.0000241869498
            ],
            [
              -113.588097739161,
              37.0000232248811
            ],
            [
              -113.590796731924,
              37.0000211701723
            ],
            [
              -113.592630603949,
              37.0000202131256
            ],
            [
              -113.595320283877,
              37.0000219536018
            ],
            [
              -113.596653871544,
              37.0000223266635
            ],
            [
              -113.597151282191,
              37.0000224314077
            ],
            [
              -113.599839837429,
              37.0000241840801
            ],
            [
              -113.601671853534,
              37.000024929486
            ],
            [
              -113.604359282284,
              37.0000266950719
            ],
            [
              -113.606193803791,
              37.0000251526055
            ],
            [
              -113.608878693902,
              37.0000217340693
            ],
            [
              -113.610719500921,
              37.0000200739449
            ],
            [
              -113.61339539171,
              37.0000197245583
            ],
            [
              -113.614719070959,
              37.0000196621422
            ],
            [
              -113.615235351618,
              37.00001963488
            ],
            [
              -113.6152523172,
              37.0000196212489
            ],
            [
              -113.617911922431,
              37.0000195294184
            ],
            [
              -113.619751880542,
              37.000019459828
            ],
            [
              -113.619768846124,
              37.0000194454795
            ],
            [
              -113.622094297832,
              37.0000193393004
            ],
            [
              -113.622428675934,
              37.0000194275438
            ],
            [
              -113.624269865635,
              37.0000192596661
            ],
            [
              -113.624286831218,
              37.0000192453176
            ],
            [
              -113.626952948336,
              37.0000191664007
            ],
            [
              -113.628790319299,
              37.0000191032671
            ],
            [
              -113.631222186334,
              37.0000195236789
            ],
            [
              -113.631476454475,
              37.0000196506634
            ],
            [
              -113.633312645052,
              37.0000212562635
            ],
            [
              -113.635999404557,
              37.0000236696854
            ],
            [
              -113.637835254672,
              37.0000252121519
            ],
            [
              -113.64052268432,
              37.0000275983115
            ],
            [
              -113.6423577538,
              37.000029358158
            ],
            [
              -113.645040025322,
              37.0000321173792
            ],
            [
              -113.646731155048,
              37.0000335952771
            ],
            [
              -113.648947667163,
              37.0000352123557
            ],
            [
              -113.649556546161,
              37.0000357611867
            ],
            [
              -113.651251049061,
              37.0000373696561
            ],
            [
              -113.65407241123,
              37.0000400585692
            ],
            [
              -113.655771067042,
              37.0000415996004
            ],
            [
              -113.658588605981,
              37.0000442669906
            ],
            [
              -113.660290744561,
              37.0000458446105
            ],
            [
              -113.663101650341,
              37.0000484632156
            ],
            [
              -113.664810081619,
              37.0000501054037
            ],
            [
              -113.667040196923,
              37.0000521593944
            ],
            [
              -113.667615242672,
              37.0000523853836
            ],
            [
              -113.66933240827,
              37.000053224772
            ],
            [
              -113.672128879919,
              37.0000545118342
            ],
            [
              -113.673854584004,
              37.0000553641362
            ],
            [
              -113.676642738152,
              37.0000566418719
            ],
            [
              -113.678376303394,
              37.000057430323
            ],
            [
              -113.681164794411,
              37.0000587740617
            ],
            [
              -113.682897119977,
              37.0000595252067
            ],
            [
              -113.685075056638,
              37.0000605274507
            ],
            [
              -113.68568729264,
              37.000060814421
            ],
            [
              -113.687416024946,
              37.0000616710276
            ],
            [
              -113.69021035052,
              37.0000629394366
            ],
            [
              -113.691935258697,
              37.0000637264528
            ],
            [
              -113.694494980252,
              37.0000649015964
            ],
            [
              -113.694895985499,
              37.0000651634568
            ],
            [
              -113.696447758677,
              37.0000661226552
            ],
            [
              -113.69778503842,
              37.0000668946054
            ],
            [
              -113.700971590007,
              37.0000713340365
            ],
            [
              -113.702305155216,
              37.0000719589143
            ],
            [
              -113.705481563924,
              37.0000756063071
            ],
            [
              -113.706836588089,
              37.0000762311849
            ],
            [
              -113.709991306076,
              37.0000798025303
            ],
            [
              -113.711367904181,
              37.0000805134992
            ],
            [
              -113.714501156925,
              37.0000840044927
            ],
            [
              -113.715899325376,
              37.0000847097221
            ],
            [
              -113.719014494135,
              37.0000884051818
            ],
            [
              -113.720443216984,
              37.0000889870139
            ],
            [
              -113.721379480699,
              37.0000893177472
            ],
            [
              -113.723529212056,
              37.0000907095529
            ],
            [
              -113.724973218841,
              37.0000914269785
            ],
            [
              -113.728043862603,
              37.0000943755978
            ],
            [
              -113.729503147036,
              37.0000950463907
            ],
            [
              -113.732558396369,
              37.0000980516865
            ],
            [
              -113.734032957551,
              37.0000986758467
            ],
            [
              -113.737073157408,
              37.0001019114358
            ],
            [
              -113.738567044048,
              37.0001025736196
            ],
            [
              -113.739447911354,
              37.0001028684815
            ],
            [
              -113.74158763458,
              37.0001042538301
            ],
            [
              -113.743098934163,
              37.0001049066874
            ],
            [
              -113.74610124937,
              37.0001077053641
            ],
            [
              -113.747630076881,
              37.0001084349858
            ],
            [
              -113.750614859668,
              37.0001111647897
            ],
            [
              -113.752161103715,
              37.0001119733282
            ],
            [
              -113.755076668615,
              37.0001145747127
            ],
            [
              -113.756694469763,
              37.0001151027378
            ],
            [
              -113.757501397636,
              37.0001151795023
            ],
            [
              -113.759592106984,
              37.0001160274991
            ],
            [
              -113.761229460863,
              37.0001166695949
            ],
            [
              -113.76410937073,
              37.000118346218
            ],
            [
              -113.765764583117,
              37.0001188706559
            ],
            [
              -113.768626511407,
              37.0001204963418
            ],
            [
              -113.77029992456,
              37.0001210724343
            ],
            [
              -113.771038653235,
              37.0001212080277
            ],
            [
              -113.773148791346,
              37.000121992891
            ],
            [
              -113.774809618203,
              37.0001225295252
            ],
            [
              -113.77767355333,
              37.0001238897636
            ],
            [
              -113.779315164325,
              37.0001243625469
            ],
            [
              -113.78219842401,
              37.0001257909407
            ],
            [
              -113.783820818244,
              37.0001262013079
            ],
            [
              -113.786723286605,
              37.0001276096138
            ],
            [
              -113.788326579961,
              37.0001280465258
            ],
            [
              -113.791248600154,
              37.0001296047734
            ],
            [
              -113.792834591958,
              37.0001301170151
            ],
            [
              -113.795763799572,
              37.0001316652188
            ],
            [
              -113.797346417304,
              37.0001321071527
            ],
            [
              -113.800279107686,
              37.0001337314034
            ],
            [
              -113.801858353142,
              37.0001341927078
            ],
            [
              -113.804794411308,
              37.0001358054797
            ],
            [
              -113.806370285387,
              37.0001362861546
            ],
            [
              -113.809307791637,
              37.0001376628936
            ],
            [
              -113.810906803623,
              37.0001379857349
            ],
            [
              -113.811155105154,
              37.0001380481509
            ],
            [
              -113.813824968247,
              37.0001389879779
            ],
            [
              -113.815444089918,
              37.000139312254
            ],
            [
              -113.818343270445,
              37.0001404737654
            ],
            [
              -113.819981606183,
              37.0001409106773
            ],
            [
              -113.822861683137,
              37.0001420549704
            ],
            [
              -113.824519114362,
              37.0001424251618
            ],
            [
              -113.827382900369,
              37.0001436670247
            ],
            [
              -113.82903628648,
              37.0001440702176
            ],
            [
              -113.831283130211,
              37.0001448830603
            ],
            [
              -113.831907135041,
              37.0001449440414
            ],
            [
              -113.833546924252,
              37.0001453386252
            ],
            [
              -113.836431040931,
              37.0001465969889
            ],
            [
              -113.838057346429,
              37.0001469808113
            ],
            [
              -113.84095494682,
              37.0001483467887
            ],
            [
              -113.842567767708,
              37.000148722002
            ],
            [
              -113.845477595966,
              37.000149684069
            ],
            [
              -113.84709760697,
              37.0001500951536
            ],
            [
              -113.849742169013,
              37.0001510120228
            ],
            [
              -113.849995183106,
              37.0001509696947
            ],
            [
              -113.851632377983,
              37.0001512659913
            ],
            [
              -113.854514792353,
              37.0001523952184
            ],
            [
              -113.856168164092,
              37.00015269008
            ],
            [
              -113.859034278531,
              37.0001536499947
            ],
            [
              -113.860704279882,
              37.0001540216209
            ],
            [
              -113.863423095768,
              37.0001549140976
            ],
            [
              -113.864620992912,
              37.000155183132
            ],
            [
              -113.865218029419,
              37.000155269223
            ],
            [
              -113.8679437264,
              37.0001569731074
            ],
            [
              -113.869732607202,
              37.0001577665795
            ],
            [
              -113.872464369608,
              37.0001594898343
            ],
            [
              -113.874246955916,
              37.0001602768495
            ],
            [
              -113.876985120615,
              37.000162011583
            ],
            [
              -113.878761750193,
              37.0001627849671
            ],
            [
              -113.881505758433,
              37.0001646330538
            ],
            [
              -113.883284179252,
              37.000165295237
            ],
            [
              -113.88602312279,
              37.000166981903
            ],
            [
              -113.887461451324,
              37.0001674762088
            ],
            [
              -113.887816029842,
              37.0001674934269
            ],
            [
              -113.890540250891,
              37.0001691635921
            ],
            [
              -113.892348330487,
              37.0001698681033
            ],
            [
              -113.895057719453,
              37.0001715253548
            ],
            [
              -113.896880739829,
              37.0001722463668
            ],
            [
              -113.89957203942,
              37.0001739710561
            ],
            [
              -113.901407417021,
              37.0001746805893
            ],
            [
              -113.904090620995,
              37.0001763213399
            ],
            [
              -113.905580177754,
              37.0001768730396
            ],
            [
              -113.90592834769,
              37.0001768127759
            ],
            [
              -113.908610089206,
              37.000178476484
            ],
            [
              -113.910450406644,
              37.0001791953436
            ],
            [
              -113.913129896981,
              37.0001808117017
            ],
            [
              -113.914741799791,
              37.0001813964029
            ],
            [
              -113.914741749486,
              37.000191850716
            ],
            [
              -113.917670292346,
              37.0001928300006
            ],
            [
              -113.919264307004,
              37.0001928027385
            ],
            [
              -113.92367885199,
              37.0001927295612
            ],
            [
              -113.923786818708,
              37.0001926814937
            ],
            [
              -113.928309317835,
              37.0001923873497
            ],
            [
              -113.932831808878,
              37.0001920114191
            ],
            [
              -113.935751616521,
              37.0001911368784
            ],
            [
              -113.937365403996,
              37.0001912767762
            ],
            [
              -113.941750955857,
              37.0001915185484
            ],
            [
              -113.941899028759,
              37.0001914496756
            ],
            [
              -113.946432582554,
              37.0001899186913
            ],
            [
              -113.950966243249,
              37.0001883912941
            ],
            [
              -113.95381614759,
              37.0001872785684
            ],
            [
              -113.953833113172,
              37.000187306548
            ],
            [
              -113.95549124688,
              37.0001868158295
            ],
            [
              -113.959830435791,
              37.0001856500143
            ],
            [
              -113.960016149899,
              37.000185700234
            ],
            [
              -113.962860791909,
              37.0001852224291
            ],
            [
              -113.964541167004,
              37.0001847697341
            ],
            [
              -113.96738984245,
              37.0001840817238
            ],
            [
              -113.969066070922,
              37.0001839389563
            ],
            [
              -113.971765436486,
              37.000183369321
            ],
            [
              -113.971782402068,
              37.0001833944309
            ],
            [
              -113.973586817437,
              37.0001832193792
            ],
            [
              -113.977919050692,
              37.0001828262305
            ],
            [
              -113.978107459747,
              37.0001828707108
            ],
            [
              -113.982628203566,
              37.0001823462733
            ],
            [
              -113.987148941996,
              37.0001818297275
            ],
            [
              -113.989851793023,
              37.0001816611326
            ],
            [
              -113.991674623854,
              37.0001814667105
            ],
            [
              -113.995018180291,
              37.0001810541913
            ],
            [
              -113.996200286848,
              37.0001807500032
            ],
            [
              -114.000726046861,
              37.0001797678486
            ],
            [
              -114.005251914671,
              37.0001787899987
            ],
            [
              -114.007911501935,
              37.0001786737759
            ],
            [
              -114.009770060562,
              37.0001787361918
            ],
            [
              -114.010854884066,
              37.000178772063
            ],
            [
              -114.014288216335,
              37.0001790504238
            ],
            [
              -114.018805693881,
              37.0001793890484
            ],
            [
              -114.021458880649,
              37.0001795820356
            ],
            [
              -114.023090608379,
              37.0001797169115
            ],
            [
              -114.025980831804,
              37.0001796229288
            ],
            [
              -114.027595849971,
              37.0001805727993
            ],
            [
              -114.032038465514,
              37.0001831282663
            ],
            [
              -114.032101158938,
              37.0001832373148
            ],
            [
              -114.036606401429,
              37.0001871738244
            ],
            [
              -114.041111751718,
              37.0001911167905
            ],
            [
              -114.043978405147,
              37.0001919073926
            ],
            [
              -114.043997277852,
              37.0001918736736
            ],
            [
              -114.04562811086,
              37.0001923514784
            ],
            [
              -114.050063344946,
              37.0001962219844
            ],
            [
              -114.050065871009,
              37.0013159392583
            ],
            [
              -114.050068820178,
              37.0025951380435
            ],
            [
              -114.050068858805,
              37.0026494726166
            ],
            [
              -114.050072457456,
              37.0049394948634
            ],
            [
              -114.050078234522,
              37.0085621690204
            ],
            [
              -114.050083709754,
              37.0121853892743
            ],
            [
              -114.050089087967,
              37.0158087014796
            ],
            [
              -114.050091078634,
              37.0171196406659
            ],
            [
              -114.050091384959,
              37.0171413494029
            ],
            [
              -114.050091605047,
              37.0171608970156
            ],
            [
              -114.050123152083,
              37.0194324448479
            ],
            [
              -114.050141648395,
              37.0207681893354
            ],
            [
              -114.050141923279,
              37.0207862943822
            ],
            [
              -114.050173304127,
              37.0230562233875
            ],
            [
              -114.050191932491,
              37.0243951179214
            ],
            [
              -114.050192152578,
              37.0244118723408
            ],
            [
              -114.050223540612,
              37.0266817102309
            ],
            [
              -114.050242120467,
              37.028022046906
            ],
            [
              -114.050242294741,
              37.0280376308345
            ],
            [
              -114.050273798658,
              37.0303072843649
            ],
            [
              -114.050292437801,
              37.0316489705213
            ],
            [
              -114.050292470141,
              37.0316525740881
            ],
            [
              -114.050292538413,
              37.03165707765
            ],
            [
              -114.050324072873,
              37.0339328568251
            ],
            [
              -114.050342679677,
              37.0352707586497
            ],
            [
              -114.05034292312,
              37.035285259714
            ],
            [
              -114.050374367749,
              37.0375585172144
            ],
            [
              -114.050392837111,
              37.0388928179057
            ],
            [
              -114.050393084148,
              37.0389074086278
            ],
            [
              -114.050424578183,
              37.041184448334
            ],
            [
              -114.050442999935,
              37.0425146047144
            ],
            [
              -114.050443261344,
              37.042529555404
            ],
            [
              -114.050474804787,
              37.0448103769357
            ],
            [
              -114.050493187013,
              37.0461365686372
            ],
            [
              -114.050493462796,
              37.0461518799769
            ],
            [
              -114.050493909258,
              37.0461854788745
            ],
            [
              -114.050524937068,
              37.0484363065736
            ],
            [
              -114.050543365108,
              37.0497606948709
            ],
            [
              -114.050575198707,
              37.052062231481
            ],
            [
              -114.050593556678,
              37.0533847283536
            ],
            [
              -114.050593724663,
              37.0533973390186
            ],
            [
              -114.050625429803,
              37.0556869837962
            ],
            [
              -114.050643758129,
              37.0570085794566
            ],
            [
              -114.050643900961,
              37.0570205600916
            ],
            [
              -114.050675677966,
              37.0593117342993
            ],
            [
              -114.050693976649,
              37.0606324288222
            ],
            [
              -114.050694019768,
              37.0606363019842
            ],
            [
              -114.05069514356,
              37.060717641207
            ],
            [
              -114.050726953803,
              37.0630206167923
            ],
            [
              -114.050745248892,
              37.0643410410231
            ],
            [
              -114.050777009727,
              37.0666368984841
            ],
            [
              -114.05077716783,
              37.066646445506
            ],
            [
              -114.050795346139,
              37.0679610150017
            ],
            [
              -114.05082723184,
              37.0702681321885
            ],
            [
              -114.050845427216,
              37.0715829707683
            ],
            [
              -114.050877312917,
              37.0738898157936
            ],
            [
              -114.050895536141,
              37.0752051936226
            ],
            [
              -114.050897280669,
              37.0753356251194
            ],
            [
              -114.051020667866,
              37.0775093669915
            ],
            [
              -114.051095389732,
              37.0788284252614
            ],
            [
              -114.05122596435,
              37.0811275908662
            ],
            [
              -114.051293489811,
              37.0824380036111
            ],
            [
              -114.051424761522,
              37.0847372396202
            ],
            [
              -114.051499948715,
              37.0860588981318
            ],
            [
              -114.05163131924,
              37.0883601124599
            ],
            [
              -114.051706448941,
              37.0896800596668
            ],
            [
              -114.051711215402,
              37.0897651785057
            ],
            [
              -114.051837800602,
              37.0919830751072
            ],
            [
              -114.051912888081,
              37.0933016701493
            ],
            [
              -114.052044425693,
              37.0956060315043
            ],
            [
              -114.052119357764,
              37.0969232787986
            ],
            [
              -114.052250818121,
              37.0992252071559
            ],
            [
              -114.052325852601,
              37.1005447035989
            ],
            [
              -114.052457134193,
              37.1028444728626
            ],
            [
              -114.052530294786,
              37.1041282431858
            ],
            [
              -114.052534586038,
              37.1042042734893
            ],
            [
              -114.052441116333,
              37.1064678426857
            ],
            [
              -114.052387516555,
              37.1077550591351
            ],
            [
              -114.052291075223,
              37.1100931331759
            ],
            [
              -114.052237322731,
              37.1113821555975
            ],
            [
              -114.052140581361,
              37.113729607174
            ],
            [
              -114.05208722862,
              37.1150089766215
            ],
            [
              -114.051989973414,
              37.1173660820377
            ],
            [
              -114.051946342241,
              37.1184113719691
            ],
            [
              -114.051945246296,
              37.1186361282101
            ],
            [
              -114.051935345963,
              37.1209885486681
            ],
            [
              -114.051929462897,
              37.1222647119099
            ],
            [
              -114.051919573344,
              37.124611634851
            ],
            [
              -114.051913689378,
              37.1258932942937
            ],
            [
              -114.051903843843,
              37.1282411160216
            ],
            [
              -114.051897923945,
              37.1295217843726
            ],
            [
              -114.051888011934,
              37.1318705978873
            ],
            [
              -114.051883014606,
              37.1329473293634
            ],
            [
              -114.051883293084,
              37.1331502437194
            ],
            [
              -114.051888700942,
              37.1354964094525
            ],
            [
              -114.051891243174,
              37.136777399021
            ],
            [
              -114.05189671661,
              37.1391222098282
            ],
            [
              -114.051899213028,
              37.1404047320438
            ],
            [
              -114.051904665801,
              37.142754408593
            ],
            [
              -114.051907188271,
              37.1440318832662
            ],
            [
              -114.05191262757,
              37.1463866048027
            ],
            [
              -114.051914549965,
              37.147461534371
            ],
            [
              -114.051914052298,
              37.1476590617643
            ],
            [
              -114.051909318176,
              37.1500097194378
            ],
            [
              -114.051906205514,
              37.1512840042378
            ],
            [
              -114.051901405815,
              37.15363286025
            ],
            [
              -114.051898370408,
              37.1549089454953
            ],
            [
              -114.051893610235,
              37.1572614031975
            ],
            [
              -114.051890433792,
              37.1585338869376
            ],
            [
              -114.051885714044,
              37.1608899473958
            ],
            [
              -114.051882869978,
              37.1620083389688
            ],
            [
              -114.051879238987,
              37.1621587311718
            ],
            [
              -114.051823986309,
              37.1645206883904
            ],
            [
              -114.051793899035,
              37.1657845834676
            ],
            [
              -114.051739569825,
              37.1681022738338
            ],
            [
              -114.05172455718,
              37.169410563184
            ],
            [
              -114.051698956991,
              37.1717341794292
            ],
            [
              -114.05168394794,
              37.1730368814297
            ],
            [
              -114.051658240851,
              37.175366086543
            ],
            [
              -114.051648517486,
              37.1762070346292
            ],
            [
              -114.051647276913,
              37.1766629168484
            ],
            [
              -114.051642757489,
              37.1789644522608
            ],
            [
              -114.051639540622,
              37.1802885649541
            ],
            [
              -114.05163506252,
              37.1825629765201
            ],
            [
              -114.051631818704,
              37.1839143017037
            ],
            [
              -114.051627321737,
              37.1862243945368
            ],
            [
              -114.051624221651,
              37.1875400333025
            ],
            [
              -114.051619602514,
              37.1898860808894
            ],
            [
              -114.051618175091,
              37.1904434278908
            ],
            [
              -114.051619441716,
              37.1910704478321
            ],
            [
              -114.051626418032,
              37.1935419844255
            ],
            [
              -114.051629103995,
              37.1946962716499
            ],
            [
              -114.051636189906,
              37.1971982612135
            ],
            [
              -114.051638666561,
              37.1983220973719
            ],
            [
              -114.051645768642,
              37.2008186783078
            ],
            [
              -114.051649382564,
              37.2023032711067
            ],
            [
              -114.051655015899,
              37.2044389217611
            ],
            [
              -114.051655578245,
              37.2047379714514
            ],
            [
              -114.051663699015,
              37.2080644047269
            ],
            [
              -114.051673793384,
              37.2116910213152
            ],
            [
              -114.051684012618,
              37.2153204260278
            ],
            [
              -114.051684510285,
              37.2168250108728
            ],
            [
              -114.051686660852,
              37.218946150188
            ],
            [
              -114.05168666714,
              37.2189714694716
            ],
            [
              -114.051696673474,
              37.2225753768332
            ],
            [
              -114.051706816352,
              37.2262046885029
            ],
            [
              -114.051716829872,
              37.2298276950908
            ],
            [
              -114.051717370658,
              37.2313495761093
            ],
            [
              -114.05171876664,
              37.2332054585469
            ],
            [
              -114.051719478106,
              37.2334465645846
            ],
            [
              -114.051746284732,
              37.2370689535881
            ],
            [
              -114.05177299434,
              37.2406913444597
            ],
            [
              -114.051800539382,
              37.2443229020778
            ],
            [
              -114.051808053789,
              37.2458718130244
            ],
            [
              -114.051816906686,
              37.2475878352598
            ],
            [
              -114.051813504766,
              37.2479503296004
            ],
            [
              -114.051796132247,
              37.2515825928369
            ],
            [
              -114.051778773203,
              37.2552149433817
            ],
            [
              -114.051763555742,
              37.2575014153416
            ],
            [
              -114.051743489175,
              37.2603879366582
            ],
            [
              -114.051738730799,
              37.2611271088253
            ],
            [
              -114.051731979061,
              37.2621742234346
            ],
            [
              -114.051752704093,
              37.2647529702277
            ],
            [
              -114.05178073692,
              37.2683776569368
            ],
            [
              -114.051808785018,
              37.2720023421628
            ],
            [
              -114.051831454902,
              37.2748740598137
            ],
            [
              -114.051837795212,
              37.2756114113998
            ],
            [
              -114.051846682245,
              37.2766656899806
            ],
            [
              -114.051863725082,
              37.2792220009363
            ],
            [
              -114.051887701117,
              37.2828703933197
            ],
            [
              -114.051911687932,
              37.2865186938945
            ],
            [
              -114.051930071056,
              37.2892887880915
            ],
            [
              -114.05193584902,
              37.2901458131648
            ],
            [
              -114.051942517214,
              37.2911224765326
            ],
            [
              -114.051882931961,
              37.2937714061918
            ],
            [
              -114.051799883612,
              37.2973936308984
            ],
            [
              -114.051716727464,
              37.3010158562527
            ],
            [
              -114.05165455147,
              37.3037734272277
            ],
            [
              -114.051642613758,
              37.3043204955378
            ],
            [
              -114.051648198584,
              37.3046342787168
            ],
            [
              -114.051707436189,
              37.308251564636
            ],
            [
              -114.051766567793,
              37.3118685815137
            ],
            [
              -114.05182584133,
              37.3154858623291
            ],
            [
              -114.051872281535,
              37.3182559435349
            ],
            [
              -114.051887200756,
              37.3191040799817
            ],
            [
              -114.051902125366,
              37.3199550994486
            ],
            [
              -114.051861826044,
              37.3227225520817
            ],
            [
              -114.051807969348,
              37.3263395955865
            ],
            [
              -114.051759019249,
              37.3296512341449
            ],
            [
              -114.051760806897,
              37.3299573650036
            ],
            [
              -114.051774201676,
              37.3327407283161
            ],
            [
              -114.051778825305,
              37.3335794879584
            ],
            [
              -114.05179523483,
              37.3372005699071
            ],
            [
              -114.051811546439,
              37.3408216522696
            ],
            [
              -114.051820983241,
              37.3426455852872
            ],
            [
              -114.05182376173,
              37.3444443704488
            ],
            [
              -114.051825770363,
              37.3455693695058
            ],
            [
              -114.051828325172,
              37.3472287673377
            ],
            [
              -114.051831159357,
              37.3491986591899
            ],
            [
              -114.051834028576,
              37.3528267515869
            ],
            [
              -114.051836911269,
              37.3564548414435
            ],
            [
              -114.051839805641,
              37.3600829294424
            ],
            [
              -114.051842369433,
              37.3617169144025
            ],
            [
              -114.0518451596,
              37.3637017616541
            ],
            [
              -114.051847896767,
              37.3673197589507
            ],
            [
              -114.051850750715,
              37.3709375710811
            ],
            [
              -114.051853512136,
              37.3745555642597
            ],
            [
              -114.051860430062,
              37.3762044814221
            ],
            [
              -114.051868606528,
              37.3781794548804
            ],
            [
              -114.051882913097,
              37.3818030933148
            ],
            [
              -114.051886072472,
              37.385441074808
            ],
            [
              -114.05188924083,
              37.3890789647304
            ],
            [
              -114.051891872893,
              37.3906968132281
            ],
            [
              -114.051894866978,
              37.3926936319086
            ],
            [
              -114.051898107202,
              37.3963076387812
            ],
            [
              -114.051900154462,
              37.3974572287983
            ],
            [
              -114.051904205864,
              37.3999222007336
            ],
            [
              -114.051908716305,
              37.4035362615249
            ],
            [
              -114.05191197719,
              37.4051885110576
            ],
            [
              -114.051915593807,
              37.4071721551172
            ],
            [
              -114.051919965009,
              37.4108072108237
            ],
            [
              -114.051924461975,
              37.4144422613858
            ],
            [
              -114.051928842161,
              37.4177097784475
            ],
            [
              -114.051949077611,
              37.4180772411339
            ],
            [
              -114.052036323788,
              37.4196772196054
            ],
            [
              -114.05214671955,
              37.4217078380878
            ],
            [
              -114.052341986343,
              37.4253375927116
            ],
            [
              -114.052537284577,
              37.4289673447194
            ],
            [
              -114.052672425332,
              37.4314610858946
            ],
            [
              -114.052818966606,
              37.4341542918591
            ],
            [
              -114.052859871393,
              37.4348964124525
            ],
            [
              -114.05285860926,
              37.4350821490216
            ],
            [
              -114.052831275322,
              37.4387065683467
            ],
            [
              -114.052804024928,
              37.4423299919256
            ],
            [
              -114.052776782619,
              37.4459534140679
            ],
            [
              -114.052756960394,
              37.4486475819044
            ],
            [
              -114.052751686385,
              37.4493959408761
            ],
            [
              -114.052750370353,
              37.4495747408975
            ],
            [
              -114.052723172061,
              37.4531959965444
            ],
            [
              -114.052695977362,
              37.4568170697447
            ],
            [
              -114.052668685646,
              37.4604383241536
            ],
            [
              -114.052651964405,
              37.4627357709161
            ],
            [
              -114.052643650497,
              37.4638953503842
            ],
            [
              -114.052646658056,
              37.4640498001889
            ],
            [
              -114.052689904751,
              37.4663623642899
            ],
            [
              -114.052714387436,
              37.467661026209
            ],
            [
              -114.052758046457,
              37.4699889863689
            ],
            [
              -114.052782240782,
              37.4712720670977
            ],
            [
              -114.052799932203,
              37.4722093175592
            ],
            [
              -114.052794103934,
              37.47361571554
            ],
            [
              -114.052788860468,
              37.4748836985088
            ],
            [
              -114.052778859524,
              37.4772426879198
            ],
            [
              -114.052773620549,
              37.4785023812168
            ],
            [
              -114.052771287624,
              37.4790836994538
            ],
            [
              -114.052763884608,
              37.4808593801424
            ],
            [
              -114.052758628565,
              37.4821213256764
            ],
            [
              -114.052748571027,
              37.484475809638
            ],
            [
              -114.052743410206,
              37.4857400043331
            ],
            [
              -114.052733387702,
              37.4880924140695
            ],
            [
              -114.052728096625,
              37.489358864822
            ],
            [
              -114.052718095681,
              37.4917088398511
            ],
            [
              -114.052714876119,
              37.4925097617457
            ],
            [
              -114.052715337853,
              37.4929790988004
            ],
            [
              -114.052717399487,
              37.495333536344
            ],
            [
              -114.052718642755,
              37.4965991858186
            ],
            [
              -114.052720672948,
              37.4989582187013
            ],
            [
              -114.052721850639,
              37.5002193639014
            ],
            [
              -114.052723843102,
              37.5025828120644
            ],
            [
              -114.052725063014,
              37.5038393600611
            ],
            [
              -114.052726688067,
              37.505721845251
            ],
            [
              -114.052727254904,
              37.5062074874441
            ],
            [
              -114.052728657174,
              37.5074628592001
            ],
            [
              -114.052731450934,
              37.5098316904038
            ],
            [
              -114.05273289812,
              37.5110852582511
            ],
            [
              -114.052735664033,
              37.5134559817596
            ],
            [
              -114.052737151643,
              37.5147076560809
            ],
            [
              -114.052739764842,
              37.5168774516333
            ],
            [
              -114.052739893301,
              37.5170803607548
            ],
            [
              -114.052743777617,
              37.5202854076342
            ],
            [
              -114.052745086462,
              37.5204950433296
            ],
            [
              -114.052746478851,
              37.5207039566898
            ],
            [
              -114.052768345641,
              37.5241110881701
            ],
            [
              -114.052769641012,
              37.5243203640162
            ],
            [
              -114.05279149882,
              37.5277269541885
            ],
            [
              -114.052792813055,
              37.5279366793986
            ],
            [
              -114.052814669964,
              37.5313429078104
            ],
            [
              -114.052816003962,
              37.5315530830513
            ],
            [
              -114.052837080235,
              37.5348400338571
            ],
            [
              -114.052837568021,
              37.5349490452219
            ],
            [
              -114.052838427708,
              37.5351697750991
            ],
            [
              -114.052852787278,
              37.5385552005887
            ],
            [
              -114.052853648763,
              37.5387898055845
            ],
            [
              -114.052868011926,
              37.5421611730145
            ],
            [
              -114.052868999174,
              37.5424099217357
            ],
            [
              -114.052883144945,
              37.5457673271639
            ],
            [
              -114.052884249873,
              37.5460300380396
            ],
            [
              -114.05289648313,
              37.5490547418169
            ],
            [
              -114.052896467859,
              37.5493953305384
            ],
            [
              -114.052896512775,
              37.5494352448966
            ],
            [
              -114.052896582843,
              37.5530210621116
            ],
            [
              -114.052896521758,
              37.5530472829686
            ],
            [
              -114.052896703217,
              37.5566466108913
            ],
            [
              -114.052896655607,
              37.5566593168996
            ],
            [
              -114.052896816405,
              37.5602717084085
            ],
            [
              -114.052896913423,
              37.563521977376
            ],
            [
              -114.052894957791,
              37.5638842402303
            ],
            [
              -114.052894834722,
              37.5638978493347
            ],
            [
              -114.052875241567,
              37.5674971430132
            ],
            [
              -114.052875143651,
              37.5675224644585
            ],
            [
              -114.052855535225,
              37.5711100442947
            ],
            [
              -114.052855353765,
              37.5711471709268
            ],
            [
              -114.052835843255,
              37.5747230337516
            ],
            [
              -114.052835574659,
              37.574771876139
            ],
            [
              -114.052817642489,
              37.5779567411656
            ],
            [
              -114.052819152557,
              37.5783372048688
            ],
            [
              -114.052819460679,
              37.5783973852593
            ],
            [
              -114.05283326509,
              37.5819734630515
            ],
            [
              -114.05283354806,
              37.5820219312081
            ],
            [
              -114.052847394692,
              37.5856098098756
            ],
            [
              -114.052847531235,
              37.5856463875506
            ],
            [
              -114.052861530581,
              37.5892459740894
            ],
            [
              -114.052861644667,
              37.5892709293779
            ],
            [
              -114.052873285036,
              37.5924912452503
            ],
            [
              -114.052857118056,
              37.5928823471743
            ],
            [
              -114.052856847663,
              37.5928895619178
            ],
            [
              -114.052707865667,
              37.5964684062477
            ],
            [
              -114.052706251394,
              37.5965064718573
            ],
            [
              -114.052558504581,
              37.6000546476554
            ],
            [
              -114.052555770109,
              37.6001234664851
            ],
            [
              -114.05240925848,
              37.6036409745506
            ],
            [
              -114.052361698075,
              37.6047957839757
            ],
            [
              -114.052276620431,
              37.6068497922457
            ],
            [
              -114.05227791131,
              37.6072302605601
            ],
            [
              -114.052281972594,
              37.6084204940617
            ],
            [
              -114.05228960468,
              37.610858099143
            ],
            [
              -114.052293680337,
              37.6120458095698
            ],
            [
              -114.052301322305,
              37.6144862062211
            ],
            [
              -114.052305397063,
              37.6156710330354
            ],
            [
              -114.052313041726,
              37.6181140416547
            ],
            [
              -114.05231701767,
              37.6192963473063
            ],
            [
              -114.052323769407,
              37.6213713114242
            ],
            [
              -114.052321409533,
              37.6217426826899
            ],
            [
              -114.052313779243,
              37.622918080252
            ],
            [
              -114.052297110105,
              37.6253782948893
            ],
            [
              -114.052289681936,
              37.626539180704
            ],
            [
              -114.052272933745,
              37.6290139028712
            ],
            [
              -114.052265484915,
              37.6301603715434
            ],
            [
              -114.05224865408,
              37.6326495115841
            ],
            [
              -114.052241407371,
              37.6337814684718
            ],
            [
              -114.052225658107,
              37.635881789552
            ],
            [
              -114.052223380878,
              37.6362495541892
            ],
            [
              -114.05221647463,
              37.6374118657961
            ],
            [
              -114.052201461086,
              37.639875907863
            ],
            [
              -114.052194553042,
              37.6410436257783
            ],
            [
              -114.052179552075,
              37.6435022602312
            ],
            [
              -114.052172528148,
              37.6446753867618
            ],
            [
              -114.052157652945,
              37.6471286105509
            ],
            [
              -114.052150513135,
              37.6483071451582
            ],
            [
              -114.052138084045,
              37.6503689933983
            ],
            [
              -114.052130208515,
              37.6507549225175
            ],
            [
              -114.052105856086,
              37.6519364258597
            ],
            [
              -114.0520560993,
              37.6543345979152
            ],
            [
              -114.052030716504,
              37.6555655924954
            ],
            [
              -114.051982108664,
              37.6579142685876
            ],
            [
              -114.051955687415,
              37.6591945753566
            ],
            [
              -114.051908012026,
              37.6614940305083
            ],
            [
              -114.051880556816,
              37.6628237392453
            ],
            [
              -114.05184162473,
              37.6647113830978
            ],
            [
              -114.051846273511,
              37.6650737414129
            ],
            [
              -114.051863637946,
              37.6664543676197
            ],
            [
              -114.0518918163,
              37.6687154547896
            ],
            [
              -114.051909081021,
              37.6700851810454
            ],
            [
              -114.051937377054,
              37.6723571665262
            ],
            [
              -114.051954427977,
              37.6737159953091
            ],
            [
              -114.05198295308,
              37.6759988758797
            ],
            [
              -114.05199990429,
              37.6773468039797
            ],
            [
              -114.052023756357,
              37.6792528209711
            ],
            [
              -114.052022084592,
              37.6796405707317
            ],
            [
              -114.052016495275,
              37.6809667365915
            ],
            [
              -114.052006067631,
              37.6832834219514
            ],
            [
              -114.052000457652,
              37.6845868821509
            ],
            [
              -114.05198994377,
              37.6869261838506
            ],
            [
              -114.05198453681,
              37.6882068432123
            ],
            [
              -114.051973948368,
              37.6905690312814
            ],
            [
              -114.051968519848,
              37.6918269851461
            ],
            [
              -114.051959914886,
              37.6937896121769
            ],
            [
              -114.051957166042,
              37.6942118071069
            ],
            [
              -114.051949218646,
              37.6954469396936
            ],
            [
              -114.051933225041,
              37.6978345843396
            ],
            [
              -114.051925286629,
              37.6990671034642
            ],
            [
              -114.051909296617,
              37.7014574496638
            ],
            [
              -114.051901352815,
              37.702686995223
            ],
            [
              -114.051885378074,
              37.7050803134842
            ],
            [
              -114.051869713252,
              37.7074202834782
            ],
            [
              -114.051864040391,
              37.708309908086
            ],
            [
              -114.051861923062,
              37.7087031636875
            ],
            [
              -114.051848484265,
              37.7110557792385
            ],
            [
              -114.051841649883,
              37.7123259298895
            ],
            [
              -114.051828176052,
              37.7146913389728
            ],
            [
              -114.051821390178,
              37.7159487840397
            ],
            [
              -114.051807760939,
              37.7183268105727
            ],
            [
              -114.051801024472,
              37.7195715491588
            ],
            [
              -114.051787355707,
              37.7219622799964
            ],
            [
              -114.05178277879,
              37.7228120501043
            ],
            [
              -114.051780761174,
              37.7231744883962
            ],
            [
              -114.051766993594,
              37.725595764854
            ],
            [
              -114.051746027814,
              37.7292308853409
            ],
            [
              -114.051724958727,
              37.7328660071423
            ],
            [
              -114.05170401271,
              37.7365011238321
            ],
            [
              -114.051698931838,
              37.7374019021932
            ],
            [
              -114.051698602157,
              37.7376810428471
            ],
            [
              -114.051693290418,
              37.740130748379
            ],
            [
              -114.051684176112,
              37.7437660958291
            ],
            [
              -114.0516750645,
              37.7474012611817
            ],
            [
              -114.051666085838,
              37.7510366024119
            ],
            [
              -114.051664477854,
              37.7519360276821
            ],
            [
              -114.051629598068,
              37.7522138108952
            ],
            [
              -114.051320542576,
              37.7546666086808
            ],
            [
              -114.05086264792,
              37.7582971804467
            ],
            [
              -114.050404713737,
              37.7619275712016
            ],
            [
              -114.049946757995,
              37.7655582304579
            ],
            [
              -114.049872600272,
              37.7661480569133
            ],
            [
              -114.049847613632,
              37.7667495837008
            ],
            [
              -114.049746070768,
              37.7691831236777
            ],
            [
              -114.04959404977,
              37.7728157643001
            ],
            [
              -114.049442132079,
              37.7764482214852
            ],
            [
              -114.049290102099,
              37.7800807692881
            ],
            [
              -114.049270535894,
              37.7805518696247
            ],
            [
              -114.049265087612,
              37.781280742103
            ],
            [
              -114.04924644757,
              37.7837096079313
            ],
            [
              -114.049217997026,
              37.7873435467403
            ],
            [
              -114.049189445871,
              37.7909775766213
            ],
            [
              -114.049158906745,
              37.7948611440765
            ],
            [
              -114.049158529453,
              37.7949209807976
            ],
            [
              -114.049106503523,
              37.7958118872937
            ],
            [
              -114.048950575753,
              37.7984883860106
            ],
            [
              -114.048739150064,
              37.8021178680906
            ],
            [
              -114.048527710901,
              37.8057472591254
            ],
            [
              -114.048316381332,
              37.8093767358161
            ],
            [
              -114.048313318077,
              37.8094292528157
            ],
            [
              -114.048352002228,
              37.8098449638228
            ],
            [
              -114.048645402779,
              37.8130059993411
            ],
            [
              -114.048688900104,
              37.8134723109102
            ],
            [
              -114.048982538709,
              37.8166354102014
            ],
            [
              -114.04902585098,
              37.8170998346116
            ],
            [
              -114.049319595586,
              37.820264549671
            ],
            [
              -114.049362729093,
              37.8207272666365
            ],
            [
              -114.04962434186,
              37.8235438550666
            ],
            [
              -114.049621635236,
              37.8238228742523
            ],
            [
              -114.049617044845,
              37.8242850253755
            ],
            [
              -114.049585321739,
              37.8274445655983
            ],
            [
              -114.049580762789,
              37.8279102296794
            ],
            [
              -114.049549125921,
              37.8310661622148
            ],
            [
              -114.049544489716,
              37.8315354318503
            ],
            [
              -114.049512825899,
              37.8346877598627
            ],
            [
              -114.049508116032,
              37.8351607255067
            ],
            [
              -114.049479955644,
              37.8379760791472
            ],
            [
              -114.049489713145,
              37.8383093748271
            ],
            [
              -114.049503666676,
              37.8387858204439
            ],
            [
              -114.049595824841,
              37.8419400725621
            ],
            [
              -114.049609649914,
              37.8424105747791
            ],
            [
              -114.049701958996,
              37.8455707682096
            ],
            [
              -114.049715658304,
              37.8460354169874
            ],
            [
              -114.049808115608,
              37.849201460319
            ],
            [
              -114.049821573269,
              37.8496601689817
            ],
            [
              -114.049901632924,
              37.8524010830891
            ],
            [
              -114.049904415904,
              37.852832316963
            ],
            [
              -114.049907188105,
              37.8532853556224
            ],
            [
              -114.049927642744,
              37.8564625429984
            ],
            [
              -114.049930415844,
              37.8569072922018
            ],
            [
              -114.049950993552,
              37.8600926739553
            ],
            [
              -114.049953662447,
              37.860529316786
            ],
            [
              -114.049974246443,
              37.8637228062661
            ],
            [
              -114.049976922524,
              37.8641513392627
            ],
            [
              -114.049993830615,
              37.8667733328548
            ],
            [
              -114.049980010034,
              37.8673529398984
            ],
            [
              -114.049969956988,
              37.8677731532357
            ],
            [
              -114.049894678167,
              37.8709538985477
            ],
            [
              -114.049884121165,
              37.8713949381115
            ],
            [
              -114.049809350791,
              37.8745548563537
            ],
            [
              -114.049798409311,
              37.8750168980794
            ],
            [
              -114.049724026111,
              37.8781558118671
            ],
            [
              -114.049712580675,
              37.8786386799738
            ],
            [
              -114.049653900924,
              37.8811141451625
            ],
            [
              -114.049664199211,
              37.8813966994273
            ],
            [
              -114.049695986097,
              37.8822604667154
            ],
            [
              -114.049797555911,
              37.8850129749768
            ],
            [
              -114.049829538631,
              37.8858813323407
            ],
            [
              -114.049930941358,
              37.8886293380968
            ],
            [
              -114.049962998637,
              37.8895021078399
            ],
            [
              -114.050064235177,
              37.8922456115124
            ],
            [
              -114.050096488289,
              37.8931229704224
            ],
            [
              -114.050145647694,
              37.8944592158645
            ],
            [
              -114.050147273645,
              37.8946747805913
            ],
            [
              -114.050155003648,
              37.8956602628505
            ],
            [
              -114.050156560428,
              37.8958631257841
            ],
            [
              -114.050175798748,
              37.8982971013787
            ],
            [
              -114.050182280093,
              37.8991311600942
            ],
            [
              -114.050185083735,
              37.8994990511998
            ],
            [
              -114.050193155996,
              37.9005284928852
            ],
            [
              -114.050204020221,
              37.9019199697473
            ],
            [
              -114.050213416599,
              37.9031355207092
            ],
            [
              -114.050232460883,
              37.9055422897905
            ],
            [
              -114.050242080043,
              37.9067713491172
            ],
            [
              -114.050260916816,
              37.9091646073009
            ],
            [
              -114.050264325923,
              37.9096048326
            ],
            [
              -114.050265419173,
              37.9104073146895
            ],
            [
              -114.050269027705,
              37.9127868208994
            ],
            [
              -114.050270836912,
              37.9140303182667
            ],
            [
              -114.050274416699,
              37.9164089234825
            ],
            [
              -114.05027615404,
              37.9176533227122
            ],
            [
              -114.050279704182,
              37.920031026293
            ],
            [
              -114.050281596933,
              37.921276322325
            ],
            [
              -114.050285118329,
              37.9236531250472
            ],
            [
              -114.0502851336,
              37.9237002460316
            ],
            [
              -114.050296604188,
              37.9248992518817
            ],
            [
              -114.050319318988,
              37.9272751056316
            ],
            [
              -114.050331338447,
              37.9285285161383
            ],
            [
              -114.050353992161,
              37.9308971621742
            ],
            [
              -114.050365974789,
              37.9321577812259
            ],
            [
              -114.050388564723,
              37.9345191295477
            ],
            [
              -114.050400740489,
              37.9357870414441
            ],
            [
              -114.050423265745,
              37.9381410920425
            ],
            [
              -114.050435403781,
              37.9394162124538
            ],
            [
              -114.050455352668,
              37.9414987719549
            ],
            [
              -114.050456630072,
              37.9417633585086
            ],
            [
              -114.05046264609,
              37.9430361136715
            ],
            [
              -114.050473958574,
              37.9453854081884
            ],
            [
              -114.050480003338,
              37.9466559995131
            ],
            [
              -114.050491300551,
              37.9490074557193
            ],
            [
              -114.050497367772,
              37.9502757034839
            ],
            [
              -114.050508542814,
              37.9526295039029
            ],
            [
              -114.050514638782,
              37.9538955882422
            ],
            [
              -114.050519467227,
              37.9548918609878
            ],
            [
              -114.050504429429,
              37.9562521051842
            ],
            [
              -114.050490262997,
              37.9575398879359
            ],
            [
              -114.050464457094,
              37.9598741042622
            ],
            [
              -114.050450054405,
              37.9611836059431
            ],
            [
              -114.050424602438,
              37.9634960082896
            ],
            [
              -114.050409963492,
              37.964827229574
            ],
            [
              -114.050391198584,
              37.9665314739709
            ],
            [
              -114.050385915592,
              37.9671184206344
            ],
            [
              -114.050365219306,
              37.9693393378428
            ],
            [
              -114.050354641643,
              37.9707464959178
            ],
            [
              -114.050335457222,
              37.9730037727283
            ],
            [
              -114.05032363719,
              37.9743698775842
            ],
            [
              -114.050304173392,
              37.9766669837776
            ],
            [
              -114.050292752212,
              37.9779931639538
            ],
            [
              -114.05027559439,
              37.9800023460326
            ],
            [
              -114.050275749798,
              37.9803302994837
            ],
            [
              -114.050276368738,
              37.9816420207457
            ],
            [
              -114.050278067452,
              37.983993535708
            ],
            [
              -114.050278748375,
              37.9852654323955
            ],
            [
              -114.050280449784,
              37.9875865825737
            ],
            [
              -114.050281140588,
              37.9888888414097
            ],
            [
              -114.050282733301,
              37.9911797210976
            ],
            [
              -114.050283431292,
              37.9925122512963
            ],
            [
              -114.050285025802,
              37.9947727671724
            ],
            [
              -114.050285738166,
              37.996135749805
            ],
            [
              -114.050285926812,
              37.9965742514703
            ],
            [
              -114.050290658239,
              37.9983664456677
            ],
            [
              -114.050294345823,
              37.9997598939956
            ],
            [
              -114.050300380705,
              38.0019925423404
            ],
            [
              -114.050303999119,
              38.0033841889534
            ],
            [
              -114.050310001662,
              38.0056186395033
            ],
            [
              -114.050313664093,
              38.0070084824436
            ],
            [
              -114.050315370892,
              38.007637230614
            ],
            [
              -114.050319628907,
              38.0092445545135
            ],
            [
              -114.050321123703,
              38.0098406927494
            ],
            [
              -114.050323217676,
              38.0106325068938
            ],
            [
              -114.05032927322,
              38.0128705577293
            ],
            [
              -114.050329895752,
              38.0131079492366
            ],
            [
              -114.05032892108,
              38.0142567202222
            ],
            [
              -114.050327044499,
              38.0164983094231
            ],
            [
              -114.050325979098,
              38.0178808859937
            ],
            [
              -114.050324149229,
              38.0201261667596
            ],
            [
              -114.050323052386,
              38.0215051393489
            ],
            [
              -114.050321148856,
              38.0237539350864
            ],
            [
              -114.050320134658,
              38.0251293012098
            ],
            [
              -114.050319080934,
              38.0263252835325
            ],
            [
              -114.050318049669,
              38.0273817941192
            ],
            [
              -114.050316776756,
              38.0287535626109
            ],
            [
              -114.050314158167,
              38.0310643620983
            ],
            [
              -114.050312877169,
              38.0323781966271
            ],
            [
              -114.050310168749,
              38.0347470201936
            ],
            [
              -114.050308989261,
              38.0360028295926
            ],
            [
              -114.050306073329,
              38.0384295900648
            ],
            [
              -114.050305145369,
              38.039545921414
            ],
            [
              -114.050306023024,
              38.0396274367129
            ],
            [
              -114.050332296051,
              38.0421121813501
            ],
            [
              -114.050344648784,
              38.0432519528727
            ],
            [
              -114.050370614587,
              38.0457043598001
            ],
            [
              -114.050383289816,
              38.0468764671895
            ],
            [
              -114.050409066973,
              38.0492966223391
            ],
            [
              -114.05042205751,
              38.0505008862552
            ],
            [
              -114.050447416951,
              38.0528887970321
            ],
            [
              -114.050458198531,
              38.0538806677402
            ],
            [
              -114.050457081027,
              38.0541253104967
            ],
            [
              -114.050445933832,
              38.0564433518653
            ],
            [
              -114.05043968605,
              38.0577492935592
            ],
            [
              -114.050427723185,
              38.0600640210206
            ],
            [
              -114.050421421503,
              38.0613713148042
            ],
            [
              -114.050409526911,
              38.0636847783873
            ],
            [
              -114.050403285416,
              38.0649934212845
            ],
            [
              -114.050391337823,
              38.0673054442833
            ],
            [
              -114.050388053582,
              38.068010629629
            ],
            [
              -114.050387466084,
              38.0681610166528
            ],
            [
              -114.050357028467,
              38.0709109398353
            ],
            [
              -114.05034942333,
              38.0716218229092
            ],
            [
              -114.050317164828,
              38.074514235904
            ],
            [
              -114.050309309959,
              38.0752464782335
            ],
            [
              -114.050277317359,
              38.078117710145
            ],
            [
              -114.050269204673,
              38.078871132124
            ],
            [
              -114.050237470788,
              38.0817210025902
            ],
            [
              -114.050229309593,
              38.0824759571735
            ],
            [
              -114.050229111964,
              38.0824958736412
            ],
            [
              -114.050193429982,
              38.0853246732244
            ],
            [
              -114.050183828789,
              38.086110747475
            ],
            [
              -114.050147965348,
              38.088954236289
            ],
            [
              -114.050138446799,
              38.0897258031567
            ],
            [
              -114.05010239561,
              38.0925838015528
            ],
            [
              -114.050093190573,
              38.0933409437711
            ],
            [
              -114.050056833059,
              38.0962133640342
            ],
            [
              -114.050050099287,
              38.0967640305048
            ],
            [
              -114.050051471913,
              38.0969559911232
            ],
            [
              -114.050070288923,
              38.0998417523393
            ],
            [
              -114.05007527098,
              38.1005725781576
            ],
            [
              -114.050094125719,
              38.1034589677611
            ],
            [
              -114.050099132929,
              38.1041903335038
            ],
            [
              -114.050117866396,
              38.1070762741256
            ],
            [
              -114.050122895165,
              38.1078080892562
            ],
            [
              -114.050141731938,
              38.1106934854954
            ],
            [
              -114.050143637265,
              38.110969401876
            ],
            [
              -114.050142115518,
              38.1114259612987
            ],
            [
              -114.050131099478,
              38.1143116818083
            ],
            [
              -114.050128587789,
              38.1150457638609
            ],
            [
              -114.050117334593,
              38.1179557253672
            ],
            [
              -114.050114892074,
              38.1186722366959
            ],
            [
              -114.050103588573,
              38.1215999475128
            ],
            [
              -114.050101089459,
              38.1222986206059
            ],
            [
              -114.050093966718,
              38.1242392141682
            ],
            [
              -114.050090450712,
              38.1252420797699
            ],
            [
              -114.050088138448,
              38.1259232690427
            ],
            [
              -114.050076615758,
              38.1288863905013
            ],
            [
              -114.050074331342,
              38.1295490186444
            ],
            [
              -114.050062872432,
              38.1325024969154
            ],
            [
              -114.050060526033,
              38.1331772901765
            ],
            [
              -114.050049138988,
              38.1361186022342
            ],
            [
              -114.05004672791,
              38.1368054696666
            ],
            [
              -114.050044357256,
              38.1375207156846
            ],
            [
              -114.050033599032,
              38.1397321395977
            ],
            [
              -114.050030445945,
              38.1404312792613
            ],
            [
              -114.050016009121,
              38.1433482512348
            ],
            [
              -114.050012675473,
              38.1440621713307
            ],
            [
              -114.04999820541,
              38.1469644577583
            ],
            [
              -114.049994800795,
              38.1476930642656
            ],
            [
              -114.049989879824,
              38.1487684907373
            ],
            [
              -114.049974026356,
              38.1519219999785
            ],
            [
              -114.049975728663,
              38.1524035192696
            ],
            [
              -114.049983764992,
              38.1548872622375
            ],
            [
              -114.049987970904,
              38.1560364191714
            ],
            [
              -114.050001074629,
              38.1596622675511
            ],
            [
              -114.050014081336,
              38.1632882068586
            ],
            [
              -114.050024900645,
              38.1662511847542
            ],
            [
              -114.050026369391,
              38.1669184873683
            ],
            [
              -114.05003154728,
              38.1693656306319
            ],
            [
              -114.050034069749,
              38.1705478949893
            ],
            [
              -114.050041655124,
              38.1741742406069
            ],
            [
              -114.050049139887,
              38.1778005872721
            ],
            [
              -114.050055018462,
              38.180553854861
            ],
            [
              -114.050056836652,
              38.1814235031738
            ],
            [
              -114.050062005558,
              38.1838367663507
            ],
            [
              -114.050064690622,
              38.1850471335525
            ],
            [
              -114.05007233798,
              38.1886682452338
            ],
            [
              -114.050080123679,
              38.1922896224057
            ],
            [
              -114.050086039983,
              38.1948596292008
            ],
            [
              -114.050088505859,
              38.1959140458787
            ],
            [
              -114.050094697048,
              38.1983126821979
            ],
            [
              -114.050097638132,
              38.1995397086351
            ],
            [
              -114.050107617517,
              38.203163456422
            ],
            [
              -114.050117616664,
              38.2067873824313
            ],
            [
              -114.050123774615,
              38.2091736736565
            ],
            [
              -114.05013633486,
              38.2104146833819
            ],
            [
              -114.050160869647,
              38.2127950898188
            ],
            [
              -114.050173568232,
              38.2140420421305
            ],
            [
              -114.05021165141,
              38.2176674845805
            ],
            [
              -114.050249758842,
              38.2212931049188
            ],
            [
              -114.050271816974,
              38.2234440996675
            ],
            [
              -114.05027982815,
              38.2249146088677
            ],
            [
              -114.050292813297,
              38.227277291986
            ],
            [
              -114.050299516526,
              38.2285360200369
            ],
            [
              -114.050321819898,
              38.2321568211773
            ],
            [
              -114.050344492477,
              38.2358516697533
            ],
            [
              -114.050355206684,
              38.237738706245
            ],
            [
              -114.050320474221,
              38.2394567345403
            ],
            [
              -114.050249451618,
              38.2430603174712
            ],
            [
              -114.050242214791,
              38.2434089942807
            ],
            [
              -114.050177763364,
              38.2466642770071
            ],
            [
              -114.050106750642,
              38.2502678575127
            ],
            [
              -114.050072054113,
              38.2519920085466
            ],
            [
              -114.049972630374,
              38.2538840691577
            ],
            [
              -114.049784714494,
              38.2574980749811
            ],
            [
              -114.049763939157,
              38.2578890868007
            ],
            [
              -114.049595893113,
              38.2611124632247
            ],
            [
              -114.049407849673,
              38.2647264692333
            ],
            [
              -114.049337274431,
              38.2660656740292
            ],
            [
              -114.049375211184,
              38.2683485035445
            ],
            [
              -114.049436994614,
              38.2719708734808
            ],
            [
              -114.049443275635,
              38.2723693803251
            ],
            [
              -114.049497895001,
              38.2755935352366
            ],
            [
              -114.049559596684,
              38.2792158138795
            ],
            [
              -114.049577100358,
              38.2803081180334
            ],
            [
              -114.049578125335,
              38.282835699776
            ],
            [
              -114.049579293145,
              38.2864555856836
            ],
            [
              -114.049579485385,
              38.2868586646044
            ],
            [
              -114.049580587618,
              38.2900754666345
            ],
            [
              -114.049581894666,
              38.2936953461219
            ],
            [
              -114.049582311485,
              38.2948132293386
            ],
            [
              -114.049583331971,
              38.2973235086
            ],
            [
              -114.049584550086,
              38.3009515855365
            ],
            [
              -114.049584710885,
              38.3013510605367
            ],
            [
              -114.049585890373,
              38.3045795677474
            ],
            [
              -114.049587131844,
              38.3082076406021
            ],
            [
              -114.049587530696,
              38.3092838085003
            ],
            [
              -114.049581897361,
              38.3118309250023
            ],
            [
              -114.049573802642,
              38.3154539219499
            ],
            [
              -114.049572978887,
              38.3158434213713
            ],
            [
              -114.049565719601,
              38.3190769176006
            ],
            [
              -114.049557809935,
              38.3226437773822
            ],
            [
              -114.04955547701,
              38.323719924845
            ],
            [
              -114.049570813947,
              38.3262727076053
            ],
            [
              -114.049592863994,
              38.3299015808753
            ],
            [
              -114.049592899927,
              38.3299187878948
            ],
            [
              -114.04961513862,
              38.3335299962216
            ],
            [
              -114.04963754979,
              38.3371585857205
            ],
            [
              -114.049643741877,
              38.3381894623967
            ],
            [
              -114.049659981621,
              38.3407791557507
            ],
            [
              -114.049683228224,
              38.3443997019537
            ],
            [
              -114.049683338716,
              38.3444105103771
            ],
            [
              -114.049706484708,
              38.3480201566679
            ],
            [
              -114.049729642378,
              38.3516406128649
            ],
            [
              -114.049735850635,
              38.3526605854522
            ],
            [
              -114.049752315855,
              38.3552682867878
            ],
            [
              -114.049775788834,
              38.3588955782099
            ],
            [
              -114.049775862496,
              38.3589027835574
            ],
            [
              -114.049799280677,
              38.3625229569698
            ],
            [
              -114.049822782401,
              38.3661502441209
            ],
            [
              -114.049828704994,
              38.3671303109896
            ],
            [
              -114.049847339646,
              38.3697668716514
            ],
            [
              -114.049874494819,
              38.373382347973
            ],
            [
              -114.049874533446,
              38.3733914463456
            ],
            [
              -114.049901439786,
              38.3769979183006
            ],
            [
              -114.049928628196,
              38.3806134811838
            ],
            [
              -114.049934676553,
              38.3815934521647
            ],
            [
              -114.049952348211,
              38.384241474826
            ],
            [
              -114.049977523497,
              38.3878683486112
            ],
            [
              -114.049977597159,
              38.3878755538907
            ],
            [
              -114.050002824547,
              38.3914951264169
            ],
            [
              -114.050028028579,
              38.3951219955024
            ],
            [
              -114.050033714915,
              38.3960548560668
            ],
            [
              -114.050050494546,
              38.3987432589235
            ],
            [
              -114.05007343662,
              38.4023591920426
            ],
            [
              -114.05007351118,
              38.4023636954078
            ],
            [
              -114.050096535899,
              38.405983949157
            ],
            [
              -114.0501197304,
              38.4096296938806
            ],
            [
              -114.050125016985,
              38.4105173358582
            ],
            [
              -114.050161449958,
              38.4132527011347
            ],
            [
              -114.050209868254,
              38.4168685045268
            ],
            [
              -114.05020990778,
              38.416874900316
            ],
            [
              -114.050258261396,
              38.4204969207143
            ],
            [
              -114.050306634776,
              38.4241190283483
            ],
            [
              -114.050318193399,
              38.4249811893203
            ],
            [
              -114.050313187986,
              38.4277403322456
            ],
            [
              -114.050306664421,
              38.4313526956306
            ],
            [
              -114.050306666217,
              38.4313608944199
            ],
            [
              -114.050300033956,
              38.4349812771767
            ],
            [
              -114.050293534644,
              38.4386018351387
            ],
            [
              -114.050292133273,
              38.4393409050247
            ],
            [
              -114.05029234258,
              38.4422175685192
            ],
            [
              -114.050292401869,
              38.4458328175515
            ],
            [
              -114.050292400971,
              38.4458382229815
            ],
            [
              -114.050292355156,
              38.4494479769516
            ],
            [
              -114.05029232102,
              38.4530631346365
            ],
            [
              -114.050292648007,
              38.4539000890647
            ],
            [
              -114.050266837613,
              38.4566776933435
            ],
            [
              -114.050232823803,
              38.460298958811
            ],
            [
              -114.050232593834,
              38.4603179742583
            ],
            [
              -114.050198814484,
              38.4639201325238
            ],
            [
              -114.050164818641,
              38.4675413945196
            ],
            [
              -114.05015797258,
              38.4683058293226
            ],
            [
              -114.05017164404,
              38.4711630324063
            ],
            [
              -114.050188556622,
              38.4747844054109
            ],
            [
              -114.050188632081,
              38.4748052153125
            ],
            [
              -114.050205474594,
              38.4784055972262
            ],
            [
              -114.050222415023,
              38.482026966481
            ],
            [
              -114.050225741485,
              38.4826899612787
            ],
            [
              -114.050293597527,
              38.4856486326544
            ],
            [
              -114.050376123955,
              38.4892697301115
            ],
            [
              -114.050376699775,
              38.4892915181086
            ],
            [
              -114.050458788724,
              38.4928909127866
            ],
            [
              -114.050532725462,
              38.4961228521688
            ],
            [
              -114.050527421808,
              38.4965213788057
            ],
            [
              -114.05047715478,
              38.5001483660827
            ],
            [
              -114.050426902125,
              38.5037755313719
            ],
            [
              -114.050426556273,
              38.503805360723
            ],
            [
              -114.050376649469,
              38.5074025154024
            ],
            [
              -114.050333618371,
              38.5105242520452
            ],
            [
              -114.050326872921,
              38.5110297553858
            ],
            [
              -114.050276917608,
              38.5146552866847
            ],
            [
              -114.050226980262,
              38.5182810859396
            ],
            [
              -114.050226598478,
              38.518301907177
            ],
            [
              -114.050176924337,
              38.5219066168292
            ],
            [
              -114.050135434748,
              38.5249339815068
            ],
            [
              -114.050134435821,
              38.5255319489365
            ],
            [
              -114.050124266892,
              38.5291592291419
            ],
            [
              -114.050113990165,
              38.5327864206682
            ],
            [
              -114.050114032386,
              38.5328064204592
            ],
            [
              -114.050103842796,
              38.5364136977585
            ],
            [
              -114.050096065182,
              38.5394237818995
            ],
            [
              -114.050095035713,
              38.5400398567485
            ],
            [
              -114.050084345761,
              38.543667324563
            ],
            [
              -114.050073666589,
              38.5472947906836
            ],
            [
              -114.050073594724,
              38.5473147934667
            ],
            [
              -114.050062998196,
              38.5509222550777
            ],
            [
              -114.050054582779,
              38.5539977566505
            ],
            [
              -114.050053331426,
              38.554548700498
            ],
            [
              -114.050039292554,
              38.5581773302864
            ],
            [
              -114.050025380346,
              38.5618059553223
            ],
            [
              -114.050025342616,
              38.5618240652473
            ],
            [
              -114.050011478018,
              38.565434578383
            ],
            [
              -114.050000099059,
              38.5685693422343
            ],
            [
              -114.049999145048,
              38.5690620784781
            ],
            [
              -114.049989040797,
              38.5726823104545
            ],
            [
              -114.049988151465,
              38.572978554985
            ],
            [
              -114.049978722748,
              38.5763026374164
            ],
            [
              -114.049978724545,
              38.5763189437357
            ],
            [
              -114.049968640956,
              38.5799228661985
            ],
            [
              -114.049960053062,
              38.5831090841811
            ],
            [
              -114.049959288595,
              38.5835437951985
            ],
            [
              -114.049946709486,
              38.5880614861101
            ],
            [
              -114.04994006914,
              38.5908242204313
            ],
            [
              -114.049938601293,
              38.59168679331
            ],
            [
              -114.049928856368,
              38.5953111507666
            ],
            [
              -114.049923589546,
              38.5976315888127
            ],
            [
              -114.049924000974,
              38.598936820635
            ],
            [
              -114.049922439702,
              38.6025614115805
            ],
            [
              -114.049921456047,
              38.6053077774563
            ],
            [
              -114.04992189712,
              38.6061826408577
            ],
            [
              -114.049919363871,
              38.6098026597355
            ],
            [
              -114.049918868001,
              38.6121184646917
            ],
            [
              -114.049919655823,
              38.6134240444124
            ],
            [
              -114.049918250858,
              38.6170430395637
            ],
            [
              -114.049917608563,
              38.6197884903968
            ],
            [
              -114.049918207739,
              38.6206613664536
            ],
            [
              -114.049915924222,
              38.6242780391013
            ],
            [
              -114.049915539743,
              38.6265876206561
            ],
            [
              -114.049916042799,
              38.6278968992616
            ],
            [
              -114.049912671422,
              38.6315144076785
            ],
            [
              -114.049911495527,
              38.6342680661466
            ],
            [
              -114.049912033618,
              38.6351338246593
            ],
            [
              -114.049908711648,
              38.6387519593768
            ],
            [
              -114.049908349627,
              38.6410694643148
            ],
            [
              -114.049903979323,
              38.6423717504487
            ],
            [
              -114.049887155675,
              38.6459905946488
            ],
            [
              -114.049875889903,
              38.6487519889018
            ],
            [
              -114.049873280297,
              38.6496109819465
            ],
            [
              -114.049856745007,
              38.6532307155819
            ],
            [
              -114.049847890313,
              38.6555315011377
            ],
            [
              -114.049845427133,
              38.6568513031347
            ],
            [
              -114.049833872103,
              38.6604714446374
            ],
            [
              -114.049826674801,
              38.663238583808
            ],
            [
              -114.049825399194,
              38.6640935761715
            ],
            [
              -114.049814271762,
              38.6677151450479
            ],
            [
              -114.049808820785,
              38.6699952968202
            ],
            [
              -114.049811805887,
              38.671337476877
            ],
            [
              -114.049815150315,
              38.6749447904517
            ],
            [
              -114.049819287955,
              38.6778101877482
            ],
            [
              -114.04982118879,
              38.6785692397199
            ],
            [
              -114.049825378532,
              38.6814329225112
            ],
            [
              -114.049827244333,
              38.6821937768348
            ],
            [
              -114.049831304718,
              38.6845050281536
            ],
            [
              -114.0498298746,
              38.6850556975821
            ],
            [
              -114.049827911782,
              38.6858183631835
            ],
            [
              -114.049820947143,
              38.6879105312248
            ],
            [
              -114.049816294768,
              38.6894429980241
            ],
            [
              -114.049809332825,
              38.691526966638
            ],
            [
              -114.049804588822,
              38.6930652911281
            ],
            [
              -114.049797618794,
              38.6951434933792
            ],
            [
              -114.049792898147,
              38.6966876721471
            ],
            [
              -114.049786026035,
              38.6987599256144
            ],
            [
              -114.04978549513,
              38.6989854347675
            ],
            [
              -114.04978259986,
              38.7003101059813
            ],
            [
              -114.049777100374,
              38.7023766460978
            ],
            [
              -114.04977347657,
              38.7039328673948
            ],
            [
              -114.049768221426,
              38.7060049859391
            ],
            [
              -114.049764717098,
              38.7075612032783
            ],
            [
              -114.049759360444,
              38.7096335040754
            ],
            [
              -114.049755861506,
              38.7111897202429
            ],
            [
              -114.04975061804,
              38.7132618373581
            ],
            [
              -114.049750266798,
              38.7134806747888
            ],
            [
              -114.049746986151,
              38.7148175154336
            ],
            [
              -114.049741117457,
              38.7168882965964
            ],
            [
              -114.049737142412,
              38.7184438929414
            ],
            [
              -114.049731322227,
              38.7205102572786
            ],
            [
              -114.049727313046,
              38.7220649533851
            ],
            [
              -114.049721545862,
              38.7241323967339
            ],
            [
              -114.049717498952,
              38.7256861015684
            ],
            [
              -114.049711768598,
              38.7277542635866
            ],
            [
              -114.049711381425,
              38.7279613904535
            ],
            [
              -114.049708389136,
              38.7293073199252
            ],
            [
              -114.049703181603,
              38.7313768185938
            ],
            [
              -114.049699539832,
              38.73292898051
            ],
            [
              -114.049693902006,
              38.7349990301439
            ],
            [
              -114.049690149743,
              38.7365484912807
            ],
            [
              -114.049684522696,
              38.7386213326864
            ],
            [
              -114.049680774925,
              38.7401680904987
            ],
            [
              -114.049675154166,
              38.7422436329868
            ],
            [
              -114.049674913417,
              38.7423595848285
            ],
            [
              -114.049672563425,
              38.7437877472893
            ],
            [
              -114.049668213782,
              38.7458659590371
            ],
            [
              -114.049665513446,
              38.7474073726335
            ],
            [
              -114.049660694883,
              38.749496045983
            ],
            [
              -114.049657807698,
              38.7510302563893
            ],
            [
              -114.049653084356,
              38.7531264037125
            ],
            [
              -114.049650228612,
              38.7546531356294
            ],
            [
              -114.049645477422,
              38.7567565796177
            ],
            [
              -114.049645299556,
              38.7568712679789
            ],
            [
              -114.049644050897,
              38.75827624639
            ],
            [
              -114.049641823974,
              38.760387461902
            ],
            [
              -114.049640436975,
              38.7618998295628
            ],
            [
              -114.049638144474,
              38.7640174415029
            ],
            [
              -114.049637701605,
              38.764585016484
            ],
            [
              -114.049634020309,
              38.7676475222109
            ],
            [
              -114.049633560372,
              38.7682146466726
            ],
            [
              -114.049629904228,
              38.7712775099738
            ],
            [
              -114.049629915906,
              38.7713803919351
            ],
            [
              -114.049630002145,
              38.7718441699502
            ],
            [
              -114.049629729057,
              38.7749402765133
            ],
            [
              -114.049629878177,
              38.7754945920574
            ],
            [
              -114.049629564665,
              38.778565203256
            ],
            [
              -114.049629762294,
              38.7791449225829
            ],
            [
              -114.049629523343,
              38.7821900353909
            ],
            [
              -114.049629650903,
              38.7827815582506
            ],
            [
              -114.049629425426,
              38.7858132456963
            ],
            [
              -114.049628520823,
              38.7864183081527
            ],
            [
              -114.049622578467,
              38.7894398736896
            ],
            [
              -114.049621637931,
              38.7900386309736
            ],
            [
              -114.049615824035,
              38.7930710922827
            ],
            [
              -114.049614995788,
              38.7936589456835
            ],
            [
              -114.04960908128,
              38.7967023093304
            ],
            [
              -114.049608034743,
              38.797333590483
            ],
            [
              -114.049602301695,
              38.8002946069009
            ],
            [
              -114.049602425662,
              38.8003272163069
            ],
            [
              -114.049604428905,
              38.8010083265577
            ],
            [
              -114.049611898397,
              38.8039520600092
            ],
            [
              -114.049613792944,
              38.8046440738252
            ],
            [
              -114.04962119596,
              38.8075778981392
            ],
            [
              -114.049623289035,
              38.8082799064803
            ],
            [
              -114.04963074056,
              38.8112038177362
            ],
            [
              -114.049632764464,
              38.8119230349094
            ],
            [
              -114.049639932122,
              38.8147564133334
            ],
            [
              -114.049639952783,
              38.8148270420708
            ],
            [
              -114.049639952783,
              38.8155662212983
            ],
            [
              -114.049638806533,
              38.8184500848975
            ],
            [
              -114.049638666396,
              38.8192263843442
            ],
            [
              -114.049637596502,
              38.8220821369595
            ],
            [
              -114.04963761896,
              38.8228864488588
            ],
            [
              -114.04963663261,
              38.8257142711052
            ],
            [
              -114.049636590389,
              38.826543989211
            ],
            [
              -114.049635663328,
              38.8292866744176
            ],
            [
              -114.049635834007,
              38.8293418944824
            ],
            [
              -114.049637994456,
              38.830201554407
            ],
            [
              -114.049644376986,
              38.8329695422389
            ],
            [
              -114.049646624571,
              38.8338554153957
            ],
            [
              -114.049652960388,
              38.8365951158425
            ],
            [
              -114.04965537506,
              38.8375090916184
            ],
            [
              -114.049661557266,
              38.8402206873767
            ],
            [
              -114.049664108481,
              38.8412024959824
            ],
            [
              -114.049670074193,
              38.843809052365
            ],
            [
              -114.049670085871,
              38.8438470691137
            ],
            [
              -114.049669629527,
              38.8448958919578
            ],
            [
              -114.049668026034,
              38.8474733660767
            ],
            [
              -114.049667518486,
              38.848485884241
            ],
            [
              -114.049665893434,
              38.8510949791475
            ],
            [
              -114.049665318512,
              38.8522298384041
            ],
            [
              -114.04966376802,
              38.854716500177
            ],
            [
              -114.049663036791,
              38.8561225290258
            ],
            [
              -114.049661761183,
              38.8582973864865
            ],
            [
              -114.049661697403,
              38.8583390085017
            ],
            [
              -114.04965575864,
              38.8600139069768
            ],
            [
              -114.04964866195,
              38.8619581083921
            ],
            [
              -114.049641333494,
              38.8639022265716
            ],
            [
              -114.049635371375,
              38.865576402976
            ],
            [
              -114.049626790668,
              38.8677901866514
            ],
            [
              -114.04962195863,
              38.8691942483432
            ],
            [
              -114.049613705807,
              38.8713131597599
            ],
            [
              -114.049608641106,
              38.8727629015496
            ],
            [
              -114.049608659072,
              38.8728118193731
            ],
            [
              -114.049603738999,
              38.8748360498824
            ],
            [
              -114.049600298451,
              38.8764287188493
            ],
            [
              -114.049595497855,
              38.878358622728
            ],
            [
              -114.049591614438,
              38.8800458950976
            ],
            [
              -114.049587286355,
              38.8818816440316
            ],
            [
              -114.049583053493,
              38.8836629767311
            ],
            [
              -114.049578072335,
              38.8856180186422
            ],
            [
              -114.049574261681,
              38.8872797931182
            ],
            [
              -114.049573660708,
              38.8874246705385
            ],
            [
              -114.049562059865,
              38.8894996111371
            ],
            [
              -114.049554060367,
              38.8910418568717
            ],
            [
              -114.049541492936,
              38.8932368198462
            ],
            [
              -114.049534148311,
              38.8946595910312
            ],
            [
              -114.049520599021,
              38.8969742150466
            ],
            [
              -114.049513901182,
              38.8982773317775
            ],
            [
              -114.049499934176,
              38.900579353318
            ],
            [
              -114.049494060093,
              38.9017347043703
            ],
            [
              -114.049493467205,
              38.9018958872234
            ],
            [
              -114.049479770591,
              38.9041851984691
            ],
            [
              -114.049472822123,
              38.9055146266649
            ],
            [
              -114.049459512684,
              38.907791314164
            ],
            [
              -114.049452566011,
              38.9091341644773
            ],
            [
              -114.049439399404,
              38.9113978750774
            ],
            [
              -114.04943232068,
              38.9127537015687
            ],
            [
              -114.04941811562,
              38.9151276148766
            ],
            [
              -114.049412795797,
              38.916212140344
            ],
            [
              -114.04941231969,
              38.9163733196826
            ],
            [
              -114.049400704473,
              38.9188586935045
            ],
            [
              -114.049396644987,
              38.9199940846125
            ],
            [
              -114.049383554736,
              38.9225902140438
            ],
            [
              -114.049379847389,
              38.9236153280247
            ],
            [
              -114.049365843552,
              38.9263218374466
            ],
            [
              -114.049362596142,
              38.9272364914399
            ],
            [
              -114.049348625543,
              38.9298305689944
            ],
            [
              -114.049345633255,
              38.9306972900276
            ],
            [
              -114.049345393405,
              38.9308585531625
            ],
            [
              -114.049336037451,
              38.9333394491244
            ],
            [
              -114.049333390116,
              38.9344805668895
            ],
            [
              -114.049324242571,
              38.936847765763
            ],
            [
              -114.049321067027,
              38.9381029483405
            ],
            [
              -114.049311565546,
              38.9405316852512
            ],
            [
              -114.049308528342,
              38.9417254235368
            ],
            [
              -114.049298822944,
              38.944173443399
            ],
            [
              -114.049296647224,
              38.9451558135794
            ],
            [
              -114.04929495929,
              38.9453478338345
            ],
            [
              -114.049275592511,
              38.9478125014905
            ],
            [
              -114.049269457915,
              38.9485141724212
            ],
            [
              -114.049246421518,
              38.9514500014213
            ],
            [
              -114.049240468383,
              38.9521316677318
            ],
            [
              -114.049217259509,
              38.9550874998005
            ],
            [
              -114.04921150041,
              38.9557494317785
            ],
            [
              -114.049186980894,
              38.9587041252385
            ],
            [
              -114.04918104303,
              38.9593672325773
            ],
            [
              -114.049178463967,
              38.9596621559888
            ],
            [
              -114.049172805479,
              38.9623220399153
            ],
            [
              -114.049171202885,
              38.9629866549567
            ],
            [
              -114.049164173568,
              38.9659398075705
            ],
            [
              -114.049162496413,
              38.9666053252968
            ],
            [
              -114.049155437451,
              38.9695575769574
            ],
            [
              -114.049153690228,
              38.9702240873658
            ],
            [
              -114.049145535322,
              38.9731694292148
            ],
            [
              -114.049143753065,
              38.9738431471384
            ],
            [
              -114.049143106278,
              38.9741211731104
            ],
            [
              -114.049135314291,
              38.9767816482802
            ],
            [
              -114.049133496999,
              38.9774625736719
            ],
            [
              -114.049124134757,
              38.9803928101989
            ],
            [
              -114.049122227634,
              38.981090403711
            ],
            [
              -114.049112970495,
              38.9840040602788
            ],
            [
              -114.049111093016,
              38.9847184088804
            ],
            [
              -114.049101830487,
              38.9876209830306
            ],
            [
              -114.049099849702,
              38.988346325186
            ],
            [
              -114.049099246034,
              38.9885795757812
            ],
            [
              -114.049090701259,
              38.9912379046073
            ],
            [
              -114.049088721372,
              38.9919739661881
            ],
            [
              -114.049078979143,
              38.9948542091876
            ],
            [
              -114.049076927391,
              38.9956019832838
            ],
            [
              -114.049067156415,
              38.9984706047435
            ],
            [
              -114.049065039984,
              38.9992302716623
            ],
            [
              -114.049055197144,
              39.0021426754441
            ],
            [
              -114.04905315707,
              39.0028583788833
            ],
            [
              -114.049052646827,
              39.0030346019952
            ],
            [
              -114.049039764986,
              39.0058142958837
            ],
            [
              -114.04903722455,
              39.0064860487537
            ],
            [
              -114.049023022185,
              39.0094846870977
            ],
            [
              -114.049020513191,
              39.0101087832514
            ],
            [
              -114.049006162604,
              39.0131548096801
            ],
            [
              -114.049003928494,
              39.0137315129805
            ],
            [
              -114.04899797446,
              39.0151458493034
            ],
            [
              -114.048987980703,
              39.0173553951109
            ],
            [
              -114.048987491121,
              39.017486394077
            ],
            [
              -114.048981535291,
              39.0189059547257
            ],
            [
              -114.048971673585,
              39.0211103615509
            ],
            [
              -114.048965723145,
              39.0225353265588
            ],
            [
              -114.048955777896,
              39.0247349597958
            ],
            [
              -114.048949797812,
              39.0261645190604
            ],
            [
              -114.04894001965,
              39.0283598230117
            ],
            [
              -114.048933891343,
              39.0297938902102
            ],
            [
              -114.048924395252,
              39.0319848618053
            ],
            [
              -114.04892407635,
              39.0320714434766
            ],
            [
              -114.048923049576,
              39.0334118663648
            ],
            [
              -114.048920838822,
              39.0356109343736
            ],
            [
              -114.04891985337,
              39.0370300913101
            ],
            [
              -114.048917986671,
              39.0392369869445
            ],
            [
              -114.04891702727,
              39.0406485754403
            ],
            [
              -114.048915042891,
              39.0428633104279
            ],
            [
              -114.048914096966,
              39.0442670605387
            ],
            [
              -114.048912456642,
              39.0464896228925
            ],
            [
              -114.048912391065,
              39.0465417843571
            ],
            [
              -114.04891124212,
              39.0478923884189
            ],
            [
              -114.048909191266,
              39.0501186541222
            ],
            [
              -114.048908022558,
              39.0515197060921
            ],
            [
              -114.048906001348,
              39.0537438079367
            ],
            [
              -114.048904814674,
              39.055147021634
            ],
            [
              -114.048904054699,
              39.0560527687767
            ],
            [
              -114.048903679203,
              39.0565057314649
            ],
            [
              -114.048903184231,
              39.056958608238
            ],
            [
              -114.048902823109,
              39.0573689598216
            ],
            [
              -114.048901626553,
              39.0587745156745
            ],
            [
              -114.048899664632,
              39.0609942897035
            ],
            [
              -114.048899634988,
              39.0610096958234
            ],
            [
              -114.048896934652,
              39.0624016873432
            ],
            [
              -114.048892359532,
              39.0646196371002
            ],
            [
              -114.048889595416,
              39.0660288358708
            ],
            [
              -114.048885074195,
              39.068263990001
            ],
            [
              -114.048882382843,
              39.069655980058
            ],
            [
              -114.048877797842,
              39.0719082509868
            ],
            [
              -114.048875066963,
              39.0732831247533
            ],
            [
              -114.048870616709,
              39.0754766549732
            ],
            [
              -114.048870346316,
              39.0755508934812
            ],
            [
              -114.048865101952,
              39.0769075453273
            ],
            [
              -114.048856080171,
              39.0791933521294
            ],
            [
              -114.048850872638,
              39.0805319847526
            ],
            [
              -114.048841478955,
              39.0828733838375
            ],
            [
              -114.04883653822,
              39.0841564262576
            ],
            [
              -114.048827011587,
              39.086553590348
            ],
            [
              -114.04882221099,
              39.0877807756788
            ],
            [
              -114.048813406602,
              39.0899960362698
            ],
            [
              -114.048812436421,
              39.0902337080451
            ],
            [
              -114.048807076174,
              39.0913968567054
            ],
            [
              -114.048794010178,
              39.0939127538632
            ],
            [
              -114.048788909544,
              39.095012114406
            ],
            [
              -114.048775632444,
              39.0975282862384
            ],
            [
              -114.048770635116,
              39.0986272829706
            ],
            [
              -114.048757387661,
              39.1011439943361
            ],
            [
              -114.048752251094,
              39.1022423630765
            ],
            [
              -114.048742421728,
              39.104205317191
            ],
            [
              -114.04874140214,
              39.1044498366929
            ],
            [
              -114.04874090088,
              39.104760014725
            ],
            [
              -114.04873592062,
              39.1078274707913
            ],
            [
              -114.048734885761,
              39.1083772904343
            ],
            [
              -114.04873012469,
              39.1114496041474
            ],
            [
              -114.048729130255,
              39.1120003239587
            ],
            [
              -114.048724224555,
              39.1150717395324
            ],
            [
              -114.048723266951,
              39.1156232681099
            ],
            [
              -114.04871844749,
              39.1186937793394
            ],
            [
              -114.048717840229,
              39.1189745915678
            ],
            [
              -114.048717533903,
              39.119246297104
            ],
            [
              -114.048714744634,
              39.1223234202635
            ],
            [
              -114.048713998134,
              39.1228529617693
            ],
            [
              -114.048704680808,
              39.1259527759256
            ],
            [
              -114.048703792374,
              39.1264789876701
            ],
            [
              -114.048694504693,
              39.1295819522561
            ],
            [
              -114.048693600987,
              39.1301051021639
            ],
            [
              -114.048684227067,
              39.1332112203063
            ],
            [
              -114.048683873131,
              39.1334576132061
            ],
            [
              -114.048683879419,
              39.1337311121895
            ],
            [
              -114.048680534992,
              39.1368373414415
            ],
            [
              -114.048680635603,
              39.1373568609571
            ],
            [
              -114.048677682841,
              39.1404638896632
            ],
            [
              -114.048677759197,
              39.1409774637067
            ],
            [
              -114.048674722892,
              39.1440903486183
            ],
            [
              -114.048674895368,
              39.1445980641876
            ],
            [
              -114.048671779113,
              39.1477168952392
            ],
            [
              -114.048671921945,
              39.1479559781803
            ],
            [
              -114.048671465601,
              39.1482186783895
            ],
            [
              -114.048662138393,
              39.1513408237814
            ],
            [
              -114.048661248162,
              39.1518399186071
            ],
            [
              -114.048651955091,
              39.1549653047992
            ],
            [
              -114.048651028928,
              39.1554689052077
            ],
            [
              -114.048641782569,
              39.1585897844126
            ],
            [
              -114.048640937254,
              39.1590978864522
            ],
            [
              -114.048631617233,
              39.1622141720408
            ],
            [
              -114.048631227364,
              39.1624515556809
            ],
            [
              -114.048631665742,
              39.1627268441979
            ],
            [
              -114.048631573215,
              39.1658475713911
            ],
            [
              -114.048632237969,
              39.1663557233931
            ],
            [
              -114.048632362835,
              39.1694812176436
            ],
            [
              -114.048633020401,
              39.1699784691505
            ],
            [
              -114.048633160538,
              39.1731147722705
            ],
            [
              -114.048633695934,
              39.1736011264922
            ],
            [
              -114.048633854038,
              39.1767483278698
            ],
            [
              -114.048634132516,
              39.1769421830348
            ],
            [
              -114.048633578255,
              39.1772238931671
            ],
            [
              -114.048624711883,
              39.1803655636157
            ],
            [
              -114.048623745296,
              39.1808465518684
            ],
            [
              -114.048615814969,
              39.1839828813276
            ],
            [
              -114.048614852873,
              39.1844692745648
            ],
            [
              -114.048606890206,
              39.1875992978298
            ],
            [
              -114.048605974823,
              39.1880920855817
            ],
            [
              -114.048597309674,
              39.1914277887363
            ],
            [
              -114.048594909375,
              39.1924295937597
            ],
            [
              -114.048586864962,
              39.1953377377717
            ],
            [
              -114.048585148282,
              39.1960554871994
            ],
            [
              -114.048574985641,
              39.1996825600696
            ],
            [
              -114.048574068461,
              39.2000494087214
            ],
            [
              -114.048565158071,
              39.2033090823163
            ],
            [
              -114.048560781479,
              39.2050436855998
            ],
            [
              -114.04855774697,
              39.2069349996971
            ],
            [
              -114.048551745326,
              39.2105664631753
            ],
            [
              -114.048545871242,
              39.2141979219229
            ],
            [
              -114.048545330457,
              39.2145439504784
            ],
            [
              -114.048540123821,
              39.2178293759067
            ],
            [
              -114.048537359705,
              39.219576634835
            ],
            [
              -114.048534500367,
              39.2214607346221
            ],
            [
              -114.048529480582,
              39.2250897336052
            ],
            [
              -114.048524361981,
              39.2287188240061
            ],
            [
              -114.048523843653,
              39.2290358444928
            ],
            [
              -114.04851925416,
              39.2323479125364
            ],
            [
              -114.048516828709,
              39.2340623687855
            ],
            [
              -114.048515430931,
              39.2359769657646
            ],
            [
              -114.048513323483,
              39.2396052510355
            ],
            [
              -114.048511120814,
              39.2432337180865
            ],
            [
              -114.048510856709,
              39.2435244265321
            ],
            [
              -114.04850881394,
              39.2468621859785
            ],
            [
              -114.048507722487,
              39.2485587679677
            ],
            [
              -114.04850724099,
              39.2504912640615
            ],
            [
              -114.048507220329,
              39.2541238125464
            ],
            [
              -114.048507100853,
              39.2577564524675
            ],
            [
              -114.048507051446,
              39.2580119313501
            ],
            [
              -114.04850700114,
              39.2613892700229
            ],
            [
              -114.048506604983,
              39.263026555281
            ],
            [
              -114.048499628666,
              39.265022457109
            ],
            [
              -114.048488063755,
              39.2686442213515
            ],
            [
              -114.048476393742,
              39.2722659868902
            ],
            [
              -114.048475519681,
              39.2724996871054
            ],
            [
              -114.048464511725,
              39.2758879365792
            ],
            [
              -114.048459093088,
              39.2774383296754
            ],
            [
              -114.048454203557,
              39.2795646140531
            ],
            [
              -114.048446920915,
              39.2831878809273
            ],
            [
              -114.048439658036,
              39.2868113261035
            ],
            [
              -114.048439209777,
              39.2869879925357
            ],
            [
              -114.048432170579,
              39.2904346860213
            ],
            [
              -114.048428606962,
              39.2919739476894
            ],
            [
              -114.048422981711,
              39.2940586287584
            ],
            [
              -114.048414366868,
              39.2976902123068
            ],
            [
              -114.04840564782,
              39.3013217965573
            ],
            [
              -114.048405110627,
              39.3014776549703
            ],
            [
              -114.048396712278,
              39.3049534753148
            ],
            [
              -114.048392743521,
              39.3064188760445
            ],
            [
              -114.048388603186,
              39.3085852207277
            ],
            [
              -114.048382512608,
              39.3122097946967
            ],
            [
              -114.048376317826,
              39.3158343699581
            ],
            [
              -114.048375994432,
              39.3159684225923
            ],
            [
              -114.048370018839,
              39.3194589464778
            ],
            [
              -114.04836698972,
              39.3209642272214
            ],
            [
              -114.04836373153,
              39.323083521442
            ],
            [
              -114.048358826729,
              39.3267076077009
            ],
            [
              -114.048353940792,
              39.3303318716589
            ],
            [
              -114.048353692857,
              39.3304596164574
            ],
            [
              -114.048348947057,
              39.3339560478351
            ],
            [
              -114.048346459622,
              39.3354573480262
            ],
            [
              -114.048340723879,
              39.3375803960564
            ],
            [
              -114.048330973565,
              39.3412093772076
            ],
            [
              -114.048321354405,
              39.3448384436758
            ],
            [
              -114.048320942078,
              39.3449516891627
            ],
            [
              -114.048311626549,
              39.3484674210514
            ],
            [
              -114.048307337093,
              39.349958856683
            ],
            [
              -114.048300523372,
              39.3520965232615
            ],
            [
              -114.048288963851,
              39.3557202302758
            ],
            [
              -114.048277416008,
              39.3593439361803
            ],
            [
              -114.048277071055,
              39.3594453783926
            ],
            [
              -114.04826575857,
              39.362967552736
            ],
            [
              -114.048260847481,
              39.3644549479279
            ],
            [
              -114.048254790141,
              39.366580069466
            ],
            [
              -114.048244279852,
              39.3701975271904
            ],
            [
              -114.04823377675,
              39.3738148926539
            ],
            [
              -114.048233416525,
              39.3739399372463
            ],
            [
              -114.048223253884,
              39.377439554071
            ],
            [
              -114.048218695833,
              39.3789586472133
            ],
            [
              -114.048207853167,
              39.3810638918986
            ],
            [
              -114.048189525739,
              39.384695420678
            ],
            [
              -114.048171211785,
              39.3883270375185
            ],
            [
              -114.048170641355,
              39.3884338904526
            ],
            [
              -114.048152863695,
              39.3919549608556
            ],
            [
              -114.048145031284,
              39.3934757582686
            ],
            [
              -114.048134971052,
              39.3955824199664
            ],
            [
              -114.048118068351,
              39.3992137249671
            ],
            [
              -114.048101176431,
              39.4028450276601
            ],
            [
              -114.04810081441,
              39.402924670016
            ],
            [
              -114.048084287205,
              39.406470834258
            ],
            [
              -114.048077423178,
              39.4078908916596
            ],
            [
              -114.048065452228,
              39.4100970499343
            ],
            [
              -114.048045870752,
              39.4137245455886
            ],
            [
              -114.048026419531,
              39.4173521259434
            ],
            [
              -114.048026086256,
              39.4174137511493
            ],
            [
              -114.048006864106,
              39.4209824099171
            ],
            [
              -114.047999214951,
              39.422370776043
            ],
            [
              -114.047995346805,
              39.4246130217875
            ],
            [
              -114.0479896443,
              39.4282222202107
            ],
            [
              -114.047983949879,
              39.4318313267632
            ],
            [
              -114.047983780996,
              39.4319020458281
            ],
            [
              -114.047978180899,
              39.4354704310722
            ],
            [
              -114.047975776109,
              39.4368188417214
            ],
            [
              -114.047971274651,
              39.439109833708
            ],
            [
              -114.047964687305,
              39.4427403086369
            ],
            [
              -114.047957996652,
              39.4463707844036
            ],
            [
              -114.047957973296,
              39.4463888912721
            ],
            [
              -114.047951398527,
              39.4500031477302
            ],
            [
              -114.047948737717,
              39.4513053499608
            ],
            [
              -114.047940074364,
              39.453636083869
            ],
            [
              -114.047935531584,
              39.4547752872727
            ],
            [
              -114.047922825812,
              39.4584161842678
            ],
            [
              -114.047913848948,
              39.4608752003082
            ],
            [
              -114.047909117521,
              39.4620578271132
            ],
            [
              -114.04789646475,
              39.4656941259975
            ],
            [
              -114.047896409953,
              39.4657168278524
            ],
            [
              -114.047886397331,
              39.4693308056081
            ],
            [
              -114.047875860093,
              39.4729724501275
            ],
            [
              -114.047868556789,
              39.4753599829852
            ],
            [
              -114.047864556592,
              39.4766149240253
            ],
            [
              -114.047854296034,
              39.4801453079855
            ],
            [
              -114.047853972641,
              39.4802576481819
            ],
            [
              -114.047846555252,
              39.4839007369213
            ],
            [
              -114.04783864828,
              39.4875589717086
            ],
            [
              -114.047833341034,
              39.489845196545
            ],
            [
              -114.047829971453,
              39.4912179450838
            ],
            [
              -114.047822688811,
              39.4945441200115
            ],
            [
              -114.047821469797,
              39.4948221429704
            ],
            [
              -114.047808573583,
              39.4984266343777
            ],
            [
              -114.047795297381,
              39.5021205856361
            ],
            [
              -114.047786857709,
              39.5043318504901
            ],
            [
              -114.047781126458,
              39.5058150981332
            ],
            [
              -114.047769432189,
              39.5090022076908
            ],
            [
              -114.047767680475,
              39.5095392271977
            ],
            [
              -114.047757142338,
              39.5132630984501
            ],
            [
              -114.047746526048,
              39.5169636386983
            ],
            [
              -114.047740693287,
              39.5188191011586
            ],
            [
              -114.047734894662,
              39.5206646539845
            ],
            [
              -114.047726479244,
              39.5234898156668
            ],
            [
              -114.04772329831,
              39.5242731536988
            ],
            [
              -114.047710070617,
              39.527881334271
            ],
            [
              -114.047695881727,
              39.531597545977
            ],
            [
              -114.047689396789,
              39.5333073616899
            ],
            [
              -114.047681703617,
              39.5353137555352
            ],
            [
              -114.047671519417,
              39.5379435731071
            ],
            [
              -114.047668058208,
              39.5390339124063
            ],
            [
              -114.047661362166,
              39.5427530746361
            ],
            [
              -114.04765442807,
              39.5463788279959
            ],
            [
              -114.04765010358,
              39.547797353121
            ],
            [
              -114.047644335498,
              39.5500039416846
            ],
            [
              -114.047638273666,
              39.5524534852747
            ],
            [
              -114.047634727118,
              39.5536292219859
            ],
            [
              -114.047629586059,
              39.5572552831676
            ],
            [
              -114.047625185213,
              39.5608820447364
            ],
            [
              -114.047621244304,
              39.5622929905732
            ],
            [
              -114.047616343994,
              39.5645081097386
            ],
            [
              -114.047611339479,
              39.566962485832
            ],
            [
              -114.047607869287,
              39.5681343445443
            ],
            [
              -114.047602993232,
              39.571762734335
            ],
            [
              -114.047597679697,
              39.5753861801538
            ],
            [
              -114.047593686686,
              39.5767928911403
            ],
            [
              -114.04758848544,
              39.5790084651782
            ],
            [
              -114.047583104532,
              39.5814216794498
            ],
            [
              -114.047579530135,
              39.582630652294
            ],
            [
              -114.047574258821,
              39.58625427216
            ],
            [
              -114.047567933783,
              39.5898801697729
            ],
            [
              -114.04756366948,
              39.5912935513165
            ],
            [
              -114.047558181672,
              39.5935046247035
            ],
            [
              -114.047552423471,
              39.5957864180732
            ],
            [
              -114.04755249893,
              39.5971287010438
            ],
            [
              -114.047557256408,
              39.6007516007627
            ],
            [
              -114.047561320386,
              39.6043743372743
            ],
            [
              -114.047561389556,
              39.6057878722648
            ],
            [
              -114.047561361708,
              39.6072044727431
            ],
            [
              -114.047559336906,
              39.6079969604
            ],
            [
              -114.047555274724,
              39.6116197261809
            ],
            [
              -114.047551116423,
              39.6152426733128
            ],
            [
              -114.047546985071,
              39.6188659788789
            ],
            [
              -114.04754386612,
              39.6202807659237
            ],
            [
              -114.047542962415,
              39.62061039257
            ],
            [
              -114.047538425024,
              39.6224889480814
            ],
            [
              -114.047532920148,
              39.6261122859881
            ],
            [
              -114.047527540138,
              39.6297355289558
            ],
            [
              -114.047522059516,
              39.6333588630677
            ],
            [
              -114.04751837283,
              39.6347735731156
            ],
            [
              -114.047516976849,
              39.6352192341234
            ],
            [
              -114.047512946108,
              39.6356340673971
            ],
            [
              -114.047484326681,
              39.6392607084527
            ],
            [
              -114.047455841104,
              39.6428875252768
            ],
            [
              -114.047433585342,
              39.6455421271154
            ],
            [
              -114.047424391984,
              39.6465129767023
            ],
            [
              -114.047401264857,
              39.6491661590754
            ],
            [
              -114.047392079583,
              39.6501398005097
            ],
            [
              -114.047387571837,
              39.6506073420059
            ],
            [
              -114.047378444055,
              39.6527913808964
            ],
            [
              -114.047373910258,
              39.6537700346708
            ],
            [
              -114.047363194255,
              39.6564189251969
            ],
            [
              -114.047358752086,
              39.6574022594715
            ],
            [
              -114.047347950743,
              39.6600463773293
            ],
            [
              -114.047343251656,
              39.6610344019777
            ],
            [
              -114.047331498099,
              39.6636725983284
            ],
            [
              -114.04732675679,
              39.6646675602969
            ],
            [
              -114.047324648445,
              39.6651206249116
            ],
            [
              -114.047313800389,
              39.6672967786179
            ],
            [
              -114.047308871333,
              39.6682953484094
            ],
            [
              -114.047303437424,
              39.6693990535791
            ],
            [
              -114.047295847558,
              39.6709228556264
            ],
            [
              -114.047290846637,
              39.6719250300594
            ],
            [
              -114.04727777615,
              39.6745486641904
            ],
            [
              -114.047272719533,
              39.675554802413
            ],
            [
              -114.047258634848,
              39.6781684637735
            ],
            [
              -114.047253477619,
              39.6791855040553
            ],
            [
              -114.047246089875,
              39.6805864310245
            ],
            [
              -114.047229913013,
              39.6817849100538
            ],
            [
              -114.047216336774,
              39.6827986581716
            ],
            [
              -114.047180237974,
              39.6854045170424
            ],
            [
              -114.047166644667,
              39.6864152027966
            ],
            [
              -114.047130456036,
              39.6890242163373
            ],
            [
              -114.047116955256,
              39.6900316554705
            ],
            [
              -114.047080804354,
              39.6926413874099
            ],
            [
              -114.047067160741,
              39.69364820004
            ],
            [
              -114.04704714987,
              39.6951355717793
            ],
            [
              -114.04703190007,
              39.6962542141473
            ],
            [
              -114.047018043557,
              39.697272021384
            ],
            [
              -114.046982339117,
              39.6998704790212
            ],
            [
              -114.046968280483,
              39.7008995512745
            ],
            [
              -114.046932771877,
              39.7034864728616
            ],
            [
              -114.046918503935,
              39.7045266292528
            ],
            [
              -114.046882759071,
              39.7071080609765
            ],
            [
              -114.046868465977,
              39.7081529022127
            ],
            [
              -114.046847115718,
              39.7096811123084
            ],
            [
              -114.046859066904,
              39.7107259843746
            ],
            [
              -114.046871098939,
              39.7117779701314
            ],
            [
              -114.046899329395,
              39.7143445679998
            ],
            [
              -114.046911362328,
              39.7154043905889
            ],
            [
              -114.046939500258,
              39.7179633321711
            ],
            [
              -114.046951641887,
              39.7190308083398
            ],
            [
              -114.046979746579,
              39.7215834445265
            ],
            [
              -114.046991937616,
              39.7226572240409
            ],
            [
              -114.047005986369,
              39.7238896729296
            ],
            [
              -114.047019568896,
              39.7250532241492
            ],
            [
              -114.04702144907,
              39.7252018047022
            ],
            [
              -114.047060294918,
              39.728678184582
            ],
            [
              -114.047062036751,
              39.7288236159166
            ],
            [
              -114.047100923921,
              39.732303235599
            ],
            [
              -114.047102775349,
              39.7324617258008
            ],
            [
              -114.0471417793,
              39.7359277388491
            ],
            [
              -114.04714377356,
              39.7360894674858
            ],
            [
              -114.047167095622,
              39.7381035536257
            ],
            [
              -114.047199229258,
              39.7395498224053
            ],
            [
              -114.047202991402,
              39.7397145674047
            ],
            [
              -114.047278372631,
              39.7431765590072
            ],
            [
              -114.047282203047,
              39.7433428335903
            ],
            [
              -114.04735754475,
              39.7468034735673
            ],
            [
              -114.047361314979,
              39.7469710102729
            ],
            [
              -114.047436733039,
              39.7504302952852
            ],
            [
              -114.047440528421,
              39.750598372243
            ],
            [
              -114.047469262832,
              39.7518849287279
            ],
            [
              -114.047519023211,
              39.754052890079
            ],
            [
              -114.047522951543,
              39.7542213235361
            ],
            [
              -114.047602129053,
              39.7576696971674
            ],
            [
              -114.047606222675,
              39.7578471338978
            ],
            [
              -114.047685135181,
              39.7612864144589
            ],
            [
              -114.047689401281,
              39.7614730344378
            ],
            [
              -114.047765462534,
              39.764783756411
            ],
            [
              -114.047766417443,
              39.7649032656595
            ],
            [
              -114.047768121547,
              39.7650952673465
            ],
            [
              -114.047793922959,
              39.7685230595728
            ],
            [
              -114.047795519265,
              39.7687205590819
            ],
            [
              -114.047821262286,
              39.7721414148562
            ],
            [
              -114.047823044544,
              39.7723457558948
            ],
            [
              -114.047848745344,
              39.7757600356196
            ],
            [
              -114.047850589585,
              39.7759710400315
            ],
            [
              -114.047870019247,
              39.7784629930743
            ],
            [
              -114.047867542592,
              39.7793772607617
            ],
            [
              -114.047867007196,
              39.7795951743088
            ],
            [
              -114.047856689146,
              39.7829942736963
            ],
            [
              -114.047856098953,
              39.7832188540349
            ],
            [
              -114.047848326729,
              39.7866145521295
            ],
            [
              -114.047847746418,
              39.7868446264278
            ],
            [
              -114.047839947244,
              39.7902421252422
            ],
            [
              -114.047839401069,
              39.7904703071507
            ],
            [
              -114.047838236852,
              39.7909250521269
            ],
            [
              -114.047827966413,
              39.7938645671535
            ],
            [
              -114.047827037555,
              39.7940946510263
            ],
            [
              -114.047815553493,
              39.7974875595609
            ],
            [
              -114.047814705483,
              39.7977194423562
            ],
            [
              -114.047803231302,
              39.8011123494433
            ],
            [
              -114.047802266511,
              39.8013442351999
            ],
            [
              -114.04779080311,
              39.804737140117
            ],
            [
              -114.047789835624,
              39.8049689363575
            ],
            [
              -114.047778382105,
              39.808361839077
            ],
            [
              -114.047777534993,
              39.8085937217779
            ],
            [
              -114.047768382957,
              39.8111506413718
            ],
            [
              -114.047754723175,
              39.8119857514322
            ],
            [
              -114.047750840656,
              39.8122176232896
            ],
            [
              -114.047697228302,
              39.815610280741
            ],
            [
              -114.047693341292,
              39.8158420630913
            ],
            [
              -114.047648651903,
              39.8186490697696
            ],
            [
              -114.047634725321,
              39.8194913016232
            ],
            [
              -114.047588479152,
              39.8223396037552
            ],
            [
              -114.047577022039,
              39.8230262969608
            ],
            [
              -114.047575589226,
              39.8231154213297
            ],
            [
              -114.047560116643,
              39.8240600218696
            ],
            [
              -114.047530187473,
              39.8260302665504
            ],
            [
              -114.047519376249,
              39.8267394616601
            ],
            [
              -114.047474497315,
              39.8297214899517
            ],
            [
              -114.047464718255,
              39.830364180744
            ],
            [
              -114.047418938312,
              39.8334128889097
            ],
            [
              -114.047410062957,
              39.8339888079108
            ],
            [
              -114.047364185995,
              39.837048416657
            ],
            [
              -114.047359785149,
              39.8373319158484
            ],
            [
              -114.047355851426,
              39.8376154035227
            ],
            [
              -114.047314700501,
              39.8406839844118
            ],
            [
              -114.047306898633,
              39.8412418593672
            ],
            [
              -114.047265688419,
              39.844319538335
            ],
            [
              -114.0472580734,
              39.8448684002771
            ],
            [
              -114.047216688015,
              39.8479551797764
            ],
            [
              -114.047209138574,
              39.8484949420641
            ],
            [
              -114.047168985677,
              39.8516015057376
            ],
            [
              -114.04716568347,
              39.8518384955181
            ],
            [
              -114.047165891879,
              39.8521178199598
            ],
            [
              -114.04717131411,
              39.8552478648953
            ],
            [
              -114.047171739013,
              39.8557406666385
            ],
            [
              -114.047177391213,
              39.858894124122
            ],
            [
              -114.0471778251,
              39.8593633255393
            ],
            [
              -114.047183372196,
              39.8625405647277
            ],
            [
              -114.047183815066,
              39.8629861648654
            ],
            [
              -114.047189367553,
              39.8661764636036
            ],
            [
              -114.047189552606,
              39.8663839065032
            ],
            [
              -114.047188472831,
              39.866610299462
            ],
            [
              -114.0471760653,
              39.8698118781608
            ],
            [
              -114.047173949767,
              39.8702339454678
            ],
            [
              -114.047161485643,
              39.8734472345047
            ],
            [
              -114.047159549773,
              39.8738574965838
            ],
            [
              -114.047146921257,
              39.87708267807
            ],
            [
              -114.047145047371,
              39.8774811382343
            ],
            [
              -114.047132975811,
              39.8807160325296
            ],
            [
              -114.047132010122,
              39.8809185515655
            ],
            [
              -114.047131865493,
              39.8811026727345
            ],
            [
              -114.047130743497,
              39.8843496184101
            ],
            [
              -114.047130284458,
              39.8847245308899
            ],
            [
              -114.047129329549,
              39.8879829097213
            ],
            [
              -114.047128821102,
              39.8883461136361
            ],
            [
              -114.047127822176,
              39.8916164730306
            ],
            [
              -114.047127376611,
              39.8919678744998
            ],
            [
              -114.047126395651,
              39.8952594898341
            ],
            [
              -114.047126109987,
              39.8954614496988
            ],
            [
              -114.047124908939,
              39.8955900215568
            ],
            [
              -114.047097724122,
              39.8989023212756
            ],
            [
              -114.047094849513,
              39.8992120812553
            ],
            [
              -114.047067425744,
              39.9025451940733
            ],
            [
              -114.04706479907,
              39.9028341397156
            ],
            [
              -114.047037806493,
              39.9061029244061
            ],
            [
              -114.047034874392,
              39.9064271882225
            ],
            [
              -114.047007909662,
              39.9097333524182
            ],
            [
              -114.047004886831,
              39.9100476201552
            ],
            [
              -114.047004584099,
              39.9100856401391
            ],
            [
              -114.047004040618,
              39.9133648964877
            ],
            [
              -114.047003383051,
              39.913669192622
            ],
            [
              -114.047002862028,
              39.9169961873884
            ],
            [
              -114.047002234106,
              39.9172905742936
            ],
            [
              -114.047001828966,
              39.9206278334673
            ],
            [
              -114.047001226196,
              39.9209122205586
            ],
            [
              -114.046998896865,
              39.9242533120125
            ],
            [
              -114.046998258162,
              39.9245395020778
            ],
            [
              -114.046998229416,
              39.9245784157988
            ],
            [
              -114.046997632037,
              39.9278791958435
            ],
            [
              -114.046997190964,
              39.9281671817984
            ],
            [
              -114.04699672923,
              39.9314075153206
            ],
            [
              -114.046996733721,
              39.9315051583511
            ],
            [
              -114.046996260309,
              39.9317950371284
            ],
            [
              -114.046995847983,
              39.9351311188981
            ],
            [
              -114.046995338638,
              39.9354228000616
            ],
            [
              -114.046996005188,
              39.9387776784452
            ],
            [
              -114.046995578488,
              39.9390553945463
            ],
            [
              -114.046995597353,
              39.9390689955527
            ],
            [
              -114.046992438876,
              39.9424244238624
            ],
            [
              -114.046991736393,
              39.942688005579
            ],
            [
              -114.046988646189,
              39.9460710830509
            ],
            [
              -114.046987910469,
              39.946320704057
            ],
            [
              -114.046984756484,
              39.9497179238762
            ],
            [
              -114.046984216596,
              39.9499534871766
            ],
            [
              -114.046981074289,
              39.9533507056274
            ],
            [
              -114.046980487689,
              39.9535825771366
            ],
            [
              -114.046980365519,
              39.9536377973115
            ],
            [
              -114.046974581266,
              39.9569831994114
            ],
            [
              -114.046973835665,
              39.9572114717899
            ],
            [
              -114.0469681116,
              39.960615960896
            ],
            [
              -114.046967441457,
              39.9608406283258
            ],
            [
              -114.04696165451,
              39.964248720796
            ],
            [
              -114.046960941247,
              39.964469786412
            ],
            [
              -114.046955236047,
              39.9679137250796
            ],
            [
              -114.046954568599,
              39.9681120902967
            ],
            [
              -114.046954355698,
              39.9681652409019
            ],
            [
              -114.046942261679,
              39.9715126041088
            ],
            [
              -114.046941518772,
              39.971688182025
            ],
            [
              -114.046929049258,
              39.9751085159628
            ],
            [
              -114.046928468048,
              39.9752613895177
            ],
            [
              -114.046916053331,
              39.9787037891231
            ],
            [
              -114.046915521528,
              39.9788340529385
            ],
            [
              -114.046901209569,
              39.9823178455106
            ],
            [
              -114.046900765801,
              39.982450088946
            ],
            [
              -114.04690023849,
              39.9825804419851
            ],
            [
              -114.046886521216,
              39.9859325263683
            ],
            [
              -114.046886037922,
              39.9860664821552
            ],
            [
              -114.046871820286,
              39.9895466663469
            ],
            [
              -114.046871303755,
              39.9896825139381
            ],
            [
              -114.046857132831,
              39.9931608938413
            ],
            [
              -114.04685659474,
              39.9932804386407
            ],
            [
              -114.046842335782,
              39.9967750326282
            ],
            [
              -114.046841877641,
              39.9968963768877
            ],
            [
              -114.046841341347,
              39.9970449253494
            ],
            [
              -114.046827572869,
              40.0003897088995
            ],
            [
              -114.046827194678,
              40.0005128524265
            ],
            [
              -114.046817753384,
              40.0028753360519
            ],
            [
              -114.046815497715,
              40.004006655882
            ],
            [
              -114.046815200372,
              40.0041315984805
            ],
            [
              -114.046813114484,
              40.005185088198
            ],
            [
              -114.046807993189,
              40.0076233899262
            ],
            [
              -114.046807780288,
              40.0077502222302
            ],
            [
              -114.046800073641,
              40.0112358103356
            ],
            [
              -114.046799783485,
              40.0113661572901
            ],
            [
              -114.04679948255,
              40.0115146997287
            ],
            [
              -114.046792184636,
              40.014848678031
            ],
            [
              -114.046791938498,
              40.0149826266375
            ],
            [
              -114.046784287547,
              40.0184610944266
            ],
            [
              -114.046784089019,
              40.0185987351143
            ],
            [
              -114.046776397643,
              40.0220734186574
            ],
            [
              -114.046776125454,
              40.0222146643554
            ],
            [
              -114.0467683694,
              40.0256876366432
            ],
            [
              -114.04676817716,
              40.0258306812555
            ],
            [
              -114.046767878021,
              40.0259792238532
            ],
            [
              -114.046760609752,
              40.0293023860975
            ],
            [
              -114.046760263901,
              40.0294472369973
            ],
            [
              -114.046752603068,
              40.0329166007838
            ],
            [
              -114.046752338065,
              40.0330632502135
            ],
            [
              -114.046744725741,
              40.0365308096562
            ],
            [
              -114.046744423908,
              40.0366792615503
            ],
            [
              -114.0467345101,
              40.040155437514
            ],
            [
              -114.046734239707,
              40.0402966829102
            ],
            [
              -114.046733943263,
              40.0404452242653
            ],
            [
              -114.046721839363,
              40.0437825602653
            ],
            [
              -114.046721482732,
              40.043916601298
            ],
            [
              -114.046708585619,
              40.0474095168762
            ],
            [
              -114.046708255938,
              40.0475362607871
            ],
            [
              -114.046695221383,
              40.0510363843534
            ],
            [
              -114.046694922244,
              40.0511559219971
            ],
            [
              -114.046681887689,
              40.0546663118758
            ],
            [
              -114.046681717009,
              40.0547755773293
            ],
            [
              -114.0466813487,
              40.0549277238303
            ],
            [
              -114.046685581561,
              40.0582966903107
            ],
            [
              -114.046685878904,
              40.0583954048279
            ],
            [
              -114.046690087511,
              40.0619265955176
            ],
            [
              -114.04669027975,
              40.062015044168
            ],
            [
              -114.04669461502,
              40.0655566785882
            ],
            [
              -114.046694806361,
              40.0656345888429
            ],
            [
              -114.046698983527,
              40.0691934303772
            ],
            [
              -114.046699241344,
              40.0692649431798
            ],
            [
              -114.046699443465,
              40.069377260874
            ],
            [
              -114.046705398397,
              40.0726628566173
            ],
            [
              -114.04670572179,
              40.0728330896221
            ],
            [
              -114.046712351357,
              40.0764726609149
            ],
            [
              -114.046713253266,
              40.0769318382674
            ],
            [
              -114.046718994398,
              40.0801122294645
            ],
            [
              -114.046719833425,
              40.0805542043523
            ],
            [
              -114.046725694932,
              40.0837527856419
            ],
            [
              -114.046726013834,
              40.0839176141533
            ],
            [
              -114.046725490116,
              40.0841765928576
            ],
            [
              -114.046719156095,
              40.0873933292785
            ],
            [
              -114.046718379951,
              40.087799046355
            ],
            [
              -114.046712038743,
              40.0910337957409
            ],
            [
              -114.046711354227,
              40.0914205044077
            ],
            [
              -114.046704933069,
              40.0946742599102
            ],
            [
              -114.046704222502,
              40.0950419635659
            ],
            [
              -114.046697868718,
              40.0982943653914
            ],
            [
              -114.046697605512,
              40.0984198464763
            ],
            [
              -114.046696867096,
              40.0986634272302
            ],
            [
              -114.046685538442,
              40.1019145174055
            ],
            [
              -114.046684247563,
              40.1022849379664
            ],
            [
              -114.0466729773,
              40.1055344932949
            ],
            [
              -114.046671634318,
              40.1059063562544
            ],
            [
              -114.046660321834,
              40.109154741008
            ],
            [
              -114.046659154024,
              40.1095278600185
            ],
            [
              -114.046647684335,
              40.1127961538586
            ],
            [
              -114.04664726572,
              40.1129365005126
            ],
            [
              -114.046646093418,
              40.1131492877632
            ],
            [
              -114.04662849093,
              40.1164376472269
            ],
            [
              -114.046626716758,
              40.1167708792186
            ],
            [
              -114.046608839385,
              40.120079151684
            ],
            [
              -114.046607119111,
              40.1203925656302
            ],
            [
              -114.046589201315,
              40.1237207441251
            ],
            [
              -114.046587644534,
              40.1240141566769
            ],
            [
              -114.046569549769,
              40.1273617946461
            ],
            [
              -114.046569232664,
              40.1274229633084
            ],
            [
              -114.046568301111,
              40.1276358329835
            ],
            [
              -114.046553905609,
              40.1310030079835
            ],
            [
              -114.046552840207,
              40.1312574955986
            ],
            [
              -114.046538380924,
              40.1346440365594
            ],
            [
              -114.046537466439,
              40.134878253725
            ],
            [
              -114.046522875104,
              40.1382852429738
            ],
            [
              -114.046521985772,
              40.138499012611
            ],
            [
              -114.046507237231,
              40.141949510629
            ],
            [
              -114.046507527387,
              40.1420636270636
            ],
            [
              -114.046507688186,
              40.142119739259
            ],
            [
              -114.046518287408,
              40.1457405284009
            ],
            [
              -114.046518596428,
              40.1458419438634
            ],
            [
              -114.046528863274,
              40.1493631185687
            ],
            [
              -114.046529680741,
              40.1496202585756
            ],
            [
              -114.046539568497,
              40.1529857036675
            ],
            [
              -114.046540783019,
              40.1533986611053
            ],
            [
              -114.046549818274,
              40.1564560739875
            ],
            [
              -114.046548994519,
              40.1566082307974
            ],
            [
              -114.046547444925,
              40.1569016427932
            ],
            [
              -114.046529486704,
              40.1602292664538
            ],
            [
              -114.046528540778,
              40.1604049353366
            ],
            [
              -114.046510120824,
              40.1638532689408
            ],
            [
              -114.046509891753,
              40.163908490601
            ],
            [
              -114.046490762129,
              40.1674771795751
            ],
            [
              -114.046488476815,
              40.1679246365685
            ],
            [
              -114.046472652991,
              40.1708821769421
            ],
            [
              -114.046473815411,
              40.1711022860638
            ],
            [
              -114.046490659721,
              40.1747292038679
            ],
            [
              -114.0465074672,
              40.1783497253044
            ],
            [
              -114.046522752035,
              40.1816001722141
            ],
            [
              -114.046524499258,
              40.1819696980549
            ],
            [
              -114.046539839788,
              40.1852473444651
            ],
            [
              -114.04654131033,
              40.1855896759965
            ],
            [
              -114.046555461491,
              40.1892102622972
            ],
            [
              -114.046569552464,
              40.1928344514108
            ],
            [
              -114.046582407356,
              40.1961029710342
            ],
            [
              -114.046583863525,
              40.1964580029081
            ],
            [
              -114.046596698654,
              40.1997284131378
            ],
            [
              -114.04659572488,
              40.2000816167075
            ],
            [
              -114.046585187642,
              40.2037058196827
            ],
            [
              -114.046574585725,
              40.2073309224871
            ],
            [
              -114.046565097719,
              40.2106057901356
            ],
            [
              -114.046564087114,
              40.2109554815576
            ],
            [
              -114.046555164149,
              40.214069731454
            ],
            [
              -114.046552409914,
              40.2145797089147
            ],
            [
              -114.046532205007,
              40.2182047905758
            ],
            [
              -114.046511965065,
              40.2218288799026
            ],
            [
              -114.046493789452,
              40.225108293914
            ],
            [
              -114.0464919506,
              40.2254525119991
            ],
            [
              -114.04647578901,
              40.2283835582548
            ],
            [
              -114.046466044086,
              40.229075576484
            ],
            [
              -114.046434353319,
              40.2313064420108
            ],
            [
              -114.046414614638,
              40.232697961628
            ],
            [
              -114.046388387424,
              40.2345553291807
            ],
            [
              -114.046363267834,
              40.2363220532707
            ],
            [
              -114.046316447642,
              40.2396067197786
            ],
            [
              -114.046311624587,
              40.2399472325787
            ],
            [
              -114.046268777643,
              40.2429561698076
            ],
            [
              -114.04627031466,
              40.2435720484253
            ],
            [
              -114.046279467595,
              40.2471555399829
            ],
            [
              -114.046288620529,
              40.2507780316279
            ],
            [
              -114.046297786938,
              40.2544005220374
            ],
            [
              -114.046298233401,
              40.2545545344
            ],
            [
              -114.046306576953,
              40.2573517071874
            ],
            [
              -114.046307427658,
              40.2580228171681
            ],
            [
              -114.046307567795,
              40.2581778290309
            ],
            [
              -114.046312857974,
              40.2616453118672
            ],
            [
              -114.046313151723,
              40.2618011304945
            ],
            [
              -114.046318414952,
              40.2652677120012
            ],
            [
              -114.046318632344,
              40.2654244325854
            ],
            [
              -114.0463239881,
              40.2688901998751
            ],
            [
              -114.046324124644,
              40.2690477332118
            ],
            [
              -114.046327886788,
              40.2716582109815
            ],
            [
              -114.046322733154,
              40.2725122353479
            ],
            [
              -114.046321866279,
              40.272670966541
            ],
            [
              -114.046302101546,
              40.276134599766
            ],
            [
              -114.046301158315,
              40.2762942332958
            ],
            [
              -114.046281521143,
              40.2797552500967
            ],
            [
              -114.046280573421,
              40.2799174059661
            ],
            [
              -114.04626094613,
              40.2833758086501
            ],
            [
              -114.046260002001,
              40.2835406661319
            ],
            [
              -114.046245131289,
              40.286102179906
            ],
            [
              -114.046243188234,
              40.2869960204934
            ],
            [
              -114.046242847772,
              40.2871638348943
            ],
            [
              -114.046236398767,
              40.2906166626772
            ],
            [
              -114.046235820252,
              40.2907870047361
            ],
            [
              -114.046226448128,
              40.2942426108025
            ],
            [
              -114.046225980106,
              40.2944101578074
            ],
            [
              -114.046216391489,
              40.29786855964
            ],
            [
              -114.046216033061,
              40.298033311889
            ],
            [
              -114.046209371155,
              40.3006092864964
            ],
            [
              -114.046202917658,
              40.3014941474206
            ],
            [
              -114.046201624084,
              40.3016564018611
            ],
            [
              -114.04617499712,
              40.3051200236083
            ],
            [
              -114.046173699953,
              40.3052795756721
            ],
            [
              -114.046147195161,
              40.3087404907439
            ],
            [
              -114.046145897993,
              40.3089026551665
            ],
            [
              -114.046119398591,
              40.3123608658791
            ],
            [
              -114.046118105915,
              40.3125257321127
            ],
            [
              -114.046099086784,
              40.3150617659413
            ],
            [
              -114.04610207458,
              40.3159810537849
            ],
            [
              -114.046102212921,
              40.3161489448361
            ],
            [
              -114.046104430861,
              40.3196016222529
            ],
            [
              -114.046104573694,
              40.3197722151993
            ],
            [
              -114.046106923686,
              40.3232249771738
            ],
            [
              -114.046107059332,
              40.3233953904295
            ],
            [
              -114.046109433579,
              40.326848420462
            ],
            [
              -114.046110149537,
              40.3270186382931
            ],
            [
              -114.046114517145,
              40.3296055718698
            ],
            [
              -114.046114879167,
              40.3304714247662
            ],
            [
              -114.046114953727,
              40.3306561602438
            ],
            [
              -114.046115307663,
              40.3322122350697
            ],
            [
              -114.046115726278,
              40.3338769345615
            ],
            [
              -114.046116004756,
              40.3342936902071
            ],
            [
              -114.046117790606,
              40.3375001141388
            ],
            [
              -114.046118013389,
              40.3379312829243
            ],
            [
              -114.046119867511,
              40.3411232922485
            ],
            [
              -114.046120151379,
              40.3415688705648
            ],
            [
              -114.046120958066,
              40.3427659948816
            ],
            [
              -114.046122316319,
              40.3447466386518
            ],
            [
              -114.04612256605,
              40.3451914070481
            ],
            [
              -114.046124194696,
              40.3483700889315
            ],
            [
              -114.046124409393,
              40.3488140474897
            ],
            [
              -114.046125895207,
              40.3519919212939
            ],
            [
              -114.046126029056,
              40.3524366918882
            ],
            [
              -114.046127489716,
              40.3556137542459
            ],
            [
              -114.046127710702,
              40.3559271080316
            ],
            [
              -114.046127897552,
              40.3560593285701
            ],
            [
              -114.046129448942,
              40.3592355761152
            ],
            [
              -114.046129668131,
              40.3596821457419
            ],
            [
              -114.046131068605,
              40.3628574053494
            ],
            [
              -114.046131211437,
              40.3633048770786
            ],
            [
              -114.046132399908,
              40.3664804109387
            ],
            [
              -114.046132654131,
              40.366927699828
            ],
            [
              -114.046133591972,
              40.3690887627547
            ],
            [
              -114.046127724177,
              40.3701031239245
            ],
            [
              -114.046125156792,
              40.3705504866413
            ],
            [
              -114.04610598854,
              40.373725924143
            ],
            [
              -114.046103191186,
              40.3741733832584
            ],
            [
              -114.046083795661,
              40.3773488245471
            ],
            [
              -114.046081116885,
              40.377796280134
            ],
            [
              -114.046061656681,
              40.3809727132997
            ],
            [
              -114.046058934786,
              40.3814191792853
            ],
            [
              -114.046039523989,
              40.3845965097627
            ],
            [
              -114.046036997926,
              40.3850420697285
            ],
            [
              -114.046033127984,
              40.3857086100563
            ],
            [
              -114.046045662177,
              40.3882201003347
            ],
            [
              -114.046047819931,
              40.3886649959037
            ],
            [
              -114.046063251191,
              40.3918439269966
            ],
            [
              -114.046065369418,
              40.3922879228765
            ],
            [
              -114.046080382961,
              40.3954677645902
            ],
            [
              -114.04608245807,
              40.3959107705666
            ],
            [
              -114.046097532698,
              40.3990916896987
            ],
            [
              -114.046099914132,
              40.3995336066777
            ],
            [
              -114.046111404483,
              40.4018539886979
            ],
            [
              -114.046092881222,
              40.402715197426
            ],
            [
              -114.04608320457,
              40.4031561712301
            ],
            [
              -114.046013535728,
              40.4063386017769
            ],
            [
              -114.046003935432,
              40.4067786721778
            ],
            [
              -114.045934270184,
              40.4099611010845
            ],
            [
              -114.045924557599,
              40.4104012647629
            ],
            [
              -114.045854895045,
              40.413583691994
            ],
            [
              -114.045845531007,
              40.4140237560586
            ],
            [
              -114.045792044416,
              40.4164887900248
            ],
            [
              -114.045782580665,
              40.4172060051348
            ],
            [
              -114.045775828927,
              40.4177039162415
            ],
            [
              -114.045734644765,
              40.4207599407863
            ],
            [
              -114.045726167363,
              40.4213840857705
            ],
            [
              -114.045685429663,
              40.4243846139333
            ],
            [
              -114.045683205435,
              40.4245494122039
            ],
            [
              -114.045633845705,
              40.4250642085317
            ],
            [
              -114.045352109777,
              40.4280001132527
            ],
            [
              -114.045281163531,
              40.4287443480894
            ],
            [
              -114.045081870489,
              40.4308255565859
            ],
            [
              -114.045082124712,
              40.4316170032246
            ],
            [
              -114.04508221095,
              40.4323629683231
            ],
            [
              -114.045081702504,
              40.4352416465044
            ],
            [
              -114.045081876777,
              40.4359868876576
            ],
            [
              -114.045081442891,
              40.4388670037295
            ],
            [
              -114.045081566858,
              40.4396110759124
            ],
            [
              -114.04508162974,
              40.4399256914977
            ],
            [
              -114.045118445396,
              40.4424922782741
            ],
            [
              -114.045129465927,
              40.4432348014901
            ],
            [
              -114.045160853962,
              40.4454173787788
            ],
            [
              -114.045171486421,
              40.4461173080948
            ],
            [
              -114.045182872568,
              40.4468756739272
            ],
            [
              -114.045224906536,
              40.4497425067711
            ],
            [
              -114.045236662789,
              40.4505168044151
            ],
            [
              -114.045278421873,
              40.4533641878068
            ],
            [
              -114.045290345212,
              40.4541577560868
            ],
            [
              -114.045331833005,
              40.456985780282
            ],
            [
              -114.045344175857,
              40.4577989725358
            ],
            [
              -114.045376431664,
              40.4599815231733
            ],
            [
              -114.045378301058,
              40.4606072841756
            ],
            [
              -114.045380582779,
              40.4614091217332
            ],
            [
              -114.045387654316,
              40.4642291341395
            ],
            [
              -114.045389901901,
              40.465019713893
            ],
            [
              -114.045396944693,
              40.4678518850125
            ],
            [
              -114.045399230007,
              40.4686302138034
            ],
            [
              -114.045406246748,
              40.4714746338751
            ],
            [
              -114.045408576079,
              40.4722408011697
            ],
            [
              -114.045414325297,
              40.4744597148415
            ],
            [
              -114.045418150324,
              40.475097222158
            ],
            [
              -114.04542273263,
              40.4758688243257
            ],
            [
              -114.045438322892,
              40.4787197707957
            ],
            [
              -114.045443034555,
              40.4794967737612
            ],
            [
              -114.045458589783,
              40.482344117056
            ],
            [
              -114.045463232276,
              40.4831247246105
            ],
            [
              -114.045478871945,
              40.4859684616753
            ],
            [
              -114.045483562049,
              40.4867526693222
            ],
            [
              -114.045496089056,
              40.4889641942165
            ],
            [
              -114.045491846313,
              40.4895926365532
            ],
            [
              -114.045486582185,
              40.4903940399064
            ],
            [
              -114.045466732113,
              40.4932169135768
            ],
            [
              -114.045461308983,
              40.4940356146036
            ],
            [
              -114.045441557725,
              40.4968396593624
            ],
            [
              -114.045436049256,
              40.4976772772158
            ],
            [
              -114.045416507305,
              40.5004623106386
            ],
            [
              -114.04541079941,
              40.5013189375274
            ],
            [
              -114.045394971993,
              40.5035993896103
            ],
            [
              -114.045391815313,
              40.5040848605549
            ],
            [
              -114.045385864872,
              40.504977791559
            ],
            [
              -114.045381505348,
              40.505624339864
            ],
            [
              -114.04537297854,
              40.506890408671
            ],
            [
              -114.045361046218,
              40.50863637088
            ],
            [
              -114.045348193123,
              40.5105079145965
            ],
            [
              -114.045335887102,
              40.5122950477114
            ],
            [
              -114.045323303501,
              40.5141255115402
            ],
            [
              -114.04531085375,
              40.5159302106571
            ],
            [
              -114.045297833568,
              40.5177431216009
            ],
            [
              -114.045294580768,
              40.518234178709
            ],
            [
              -114.04528601084,
              40.5195172700704
            ],
            [
              -114.045273324832,
              40.5213608854114
            ],
            [
              -114.045261304475,
              40.5231045049322
            ],
            [
              -114.045248340887,
              40.5249810016237
            ],
            [
              -114.045236618771,
              40.5266920073595
            ],
            [
              -114.045223359638,
              40.5286009359764
            ],
            [
              -114.045211933965,
              40.5302793280082
            ],
            [
              -114.045198394558,
              40.5322210489586
            ],
            [
              -114.045195382506,
              40.5327068745936
            ],
            [
              -114.045187523146,
              40.5339011363675
            ],
            [
              -114.045174016976,
              40.5358408742084
            ],
            [
              -114.045162527523,
              40.5375228691223
            ],
            [
              -114.04514897464,
              40.5394640483857
            ],
            [
              -114.045137549867,
              40.5411447795181
            ],
            [
              -114.045124058968,
              40.5430872170749
            ],
            [
              -114.045112574007,
              40.5447665077454
            ],
            [
              -114.045099034599,
              40.5467103870672
            ],
            [
              -114.045096035124,
              40.5471885553098
            ],
            [
              -114.045088018559,
              40.5483920967863
            ],
            [
              -114.045074508795,
              40.5503339023428
            ],
            [
              -114.045062902561,
              40.5520181489053
            ],
            [
              -114.04504930117,
              40.5539630190085
            ],
            [
              -114.045037691343,
              40.5556444728866
            ],
            [
              -114.045023972272,
              40.5575918666393
            ],
            [
              -114.04501237053,
              40.559270797023
            ],
            [
              -114.044998678409,
              40.5612212519114
            ],
            [
              -114.044995801105,
              40.5616681624283
            ],
            [
              -114.044987483604,
              40.5629012521087
            ],
            [
              -114.044973742973,
              40.5648505366354
            ],
            [
              -114.044961926534,
              40.5665323537512
            ],
            [
              -114.044948181412,
              40.5684736209384
            ],
            [
              -114.04493638743,
              40.5701636330216
            ],
            [
              -114.044922512052,
              40.5720967069854
            ],
            [
              -114.044910735139,
              40.5737948237454
            ],
            [
              -114.044896964864,
              40.575719697852
            ],
            [
              -114.044894207934,
              40.5761509317322
            ],
            [
              -114.044885697295,
              40.5774159091231
            ],
            [
              -114.044871912647,
              40.5793429442076
            ],
            [
              -114.044859883307,
              40.5810379140104
            ],
            [
              -114.044846042964,
              40.5829688222126
            ],
            [
              -114.044834204965,
              40.5846600932365
            ],
            [
              -114.044820297248,
              40.5865946060074
            ],
            [
              -114.044808304739,
              40.5882823676038
            ],
            [
              -114.044794446429,
              40.590220480438
            ],
            [
              -114.044791708364,
              40.5906390138329
            ],
            [
              -114.0447831043,
              40.5919042609222
            ],
            [
              -114.044768959427,
              40.5938463438167
            ],
            [
              -114.044757010936,
              40.5955270774134
            ],
            [
              -114.044755450562,
              40.5957789517556
            ],
            [
              -114.044732114128,
              40.5991422043466
            ],
            [
              -114.044730477397,
              40.5993975934234
            ],
            [
              -114.044707043945,
              40.6027663419246
            ],
            [
              -114.044705513216,
              40.6030162336004
            ],
            [
              -114.044691666584,
              40.6051102519016
            ],
            [
              -114.044682496581,
              40.6063861398643
            ],
            [
              -114.044680754748,
              40.6066365779266
            ],
            [
              -114.044654282295,
              40.6100056735636
            ],
            [
              -114.044652561123,
              40.6102565604313
            ],
            [
              -114.0446260725,
              40.6136251148751
            ],
            [
              -114.044624372888,
              40.6138764518613
            ],
            [
              -114.044597877078,
              40.6172446437968
            ],
            [
              -114.044596193635,
              40.6174963408409
            ],
            [
              -114.044580055401,
              40.6195810486813
            ],
            [
              -114.044570378749,
              40.6208689275563
            ],
            [
              -114.044568618949,
              40.6211189145038
            ],
            [
              -114.044539986946,
              40.6244943660422
            ],
            [
              -114.044538260384,
              40.624742461028
            ],
            [
              -114.044509604127,
              40.6281198027354
            ],
            [
              -114.044507795818,
              40.628366098002
            ],
            [
              -114.04447910812,
              40.631745151019
            ],
            [
              -114.044477455219,
              40.6319896406241
            ],
            [
              -114.044461098695,
              40.634063902831
            ],
            [
              -114.044451267532,
              40.6353688961253
            ],
            [
              -114.044449529292,
              40.6356114971006
            ],
            [
              -114.044420748169,
              40.6389933409506
            ],
            [
              -114.044419009929,
              40.6392333295685
            ],
            [
              -114.044390156042,
              40.6426159844447
            ],
            [
              -114.044388536379,
              40.642855970263
            ],
            [
              -114.044359613322,
              40.6462395259733
            ],
            [
              -114.044357953236,
              40.6464786120136
            ],
            [
              -114.044341660491,
              40.6485434109772
            ],
            [
              -114.044331727819,
              40.6498640771295
            ],
            [
              -114.044330011139,
              40.6501019029417
            ],
            [
              -114.044301032386,
              40.6534890604663
            ],
            [
              -114.044299368706,
              40.653725443537
            ],
            [
              -114.044270459124,
              40.657113949092
            ],
            [
              -114.044268812512,
              40.6573480799781
            ],
            [
              -114.044239900234,
              40.6607389256133
            ],
            [
              -114.0442382653,
              40.6609707146065
            ],
            [
              -114.044222010285,
              40.6630228997102
            ],
            [
              -114.044211926696,
              40.6643607696461
            ],
            [
              -114.044210316915,
              40.6645930986734
            ],
            [
              -114.044181380383,
              40.6679830404654
            ],
            [
              -114.04417978767,
              40.6682157289016
            ],
            [
              -114.04415083407,
              40.6716051302157
            ],
            [
              -114.044149148831,
              40.6718383612984
            ],
            [
              -114.044120187146,
              40.6752274006595
            ],
            [
              -114.044118522568,
              40.6754610809893
            ],
            [
              -114.044102496623,
              40.6775022679701
            ],
            [
              -114.044092274694,
              40.6788471648425
            ],
            [
              -114.044090611014,
              40.679083458051
            ],
            [
              -114.044061669092,
              40.6824673598891
            ],
            [
              -114.044059725138,
              40.6827390562263
            ],
            [
              -114.044039071073,
              40.6860865306802
            ],
            [
              -114.044037133407,
              40.6863609288224
            ],
            [
              -114.044016226915,
              40.6897546137169
            ],
            [
              -114.044014669236,
              40.6899827966777
            ],
            [
              -114.044001297813,
              40.6919804973064
            ],
            [
              -114.043991868198,
              40.6933762596647
            ],
            [
              -114.043990335672,
              40.6936049826029
            ],
            [
              -114.043968004452,
              40.6969981609978
            ],
            [
              -114.043966370417,
              40.6972272467727
            ],
            [
              -114.043943325935,
              40.7006201725777
            ],
            [
              -114.04394171795,
              40.7008497982164
            ],
            [
              -114.04391866179,
              40.7042422718776
            ],
            [
              -114.043917074467,
              40.7044723474271
            ],
            [
              -114.043903610518,
              40.7064519429091
            ],
            [
              -114.043893824271,
              40.7078655456645
            ],
            [
              -114.043893522437,
              40.7079134691161
            ],
            [
              -114.043869240077,
              40.7114889907066
            ],
            [
              -114.043867685991,
              40.7117171734467
            ],
            [
              -114.043844548084,
              40.7151124367178
            ],
            [
              -114.043843071254,
              40.7153397171211
            ],
            [
              -114.043819860584,
              40.7187357917469
            ],
            [
              -114.043818344228,
              40.7189621719522
            ],
            [
              -114.043804903634,
              40.7209236596246
            ],
            [
              -114.043795117388,
              40.7223603173229
            ],
            [
              -114.043793499522,
              40.7225844480513
            ],
            [
              -114.043770396649,
              40.7259851105072
            ],
            [
              -114.043768912632,
              40.7262069858734
            ],
            [
              -114.043757804964,
              40.7278533547047
            ],
            [
              -114.043745922049,
              40.72960989552
            ],
            [
              -114.043744449711,
              40.7298294293137
            ],
            [
              -114.043731041457,
              40.7318380189698
            ],
            [
              -114.04372944515,
              40.732062599727
            ],
            [
              -114.043722181373,
              40.7331311726014
            ],
            [
              -114.043721443856,
              40.7332344088943
            ],
            [
              -114.043719988585,
              40.7334516905411
            ],
            [
              -114.043709001291,
              40.7350927402828
            ],
            [
              -114.043707024099,
              40.7353816385986
            ],
            [
              -114.043706926183,
              40.7353950616422
            ],
            [
              -114.043704074032,
              40.7355921146051
            ],
            [
              -114.043700660434,
              40.7358209757226
            ],
            [
              -114.04369637008,
              40.7361084945526
            ],
            [
              -114.043695257067,
              40.7361801273218
            ],
            [
              -114.043685200428,
              40.7368551785576
            ],
            [
              -114.043682029375,
              40.737073766146
            ],
            [
              -114.043632623831,
              40.7404759267684
            ],
            [
              -114.043629399777,
              40.7406959569602
            ],
            [
              -114.043580052624,
              40.744096673912
            ],
            [
              -114.04357666328,
              40.744320851214
            ],
            [
              -114.04352737811,
              40.7477176016609
            ],
            [
              -114.043527116701,
              40.7477430074758
            ],
            [
              -114.043524055242,
              40.7479458303411
            ],
            [
              -114.043496426657,
              40.7498291469357
            ],
            [
              -114.043474139455,
              40.751341605556
            ],
            [
              -114.043470719569,
              40.7515702865906
            ],
            [
              -114.043421507163,
              40.7549657719176
            ],
            [
              -114.043418104344,
              40.7551948127094
            ],
            [
              -114.043367771739,
              40.7585889745478
            ],
            [
              -114.043364388684,
              40.7588158533407
            ],
            [
              -114.043313936602,
              40.7622124485072
            ],
            [
              -114.043310565225,
              40.7624369852264
            ],
            [
              -114.043282796503,
              40.7642728372286
            ],
            [
              -114.043261017747,
              40.7658403099544
            ],
            [
              -114.043257931136,
              40.7660580838082
            ],
            [
              -114.043209856895,
              40.7694675835407
            ],
            [
              -114.04320694276,
              40.769678777595
            ],
            [
              -114.043158705924,
              40.77309494486
            ],
            [
              -114.043105622678,
              40.7768510612583
            ],
            [
              -114.043105010027,
              40.7768998941928
            ],
            [
              -114.043078522302,
              40.7787349881638
            ],
            [
              -114.043056258456,
              40.780470536378
            ],
            [
              -114.0430073928,
              40.7840878349471
            ],
            [
              -114.04300678464,
              40.7841367577872
            ],
            [
              -114.042958661891,
              40.7877053092308
            ],
            [
              -114.042909810607,
              40.7913226041475
            ],
            [
              -114.042886140898,
              40.7931594222067
            ],
            [
              -114.042886141796,
              40.7940645040163
            ],
            [
              -114.042886426562,
              40.7949991198787
            ],
            [
              -114.042890035993,
              40.7985321657483
            ],
            [
              -114.042889991077,
              40.7986063820356
            ],
            [
              -114.042893783764,
              40.8022105738285
            ],
            [
              -114.042897584536,
              40.8058146739498
            ],
            [
              -114.042892340171,
              40.8074007067433
            ],
            [
              -114.042883912177,
              40.8094304022231
            ],
            [
              -114.042860115806,
              40.812819337787
            ],
            [
              -114.042860010703,
              40.813034779946
            ],
            [
              -114.042833241805,
              40.8166358991451
            ],
            [
              -114.042806360619,
              40.8202369296034
            ],
            [
              -114.042800133497,
              40.8217907419938
            ],
            [
              -114.042802923665,
              40.8238500392882
            ],
            [
              -114.042810510836,
              40.8272529111661
            ],
            [
              -114.04281053509,
              40.827468530084
            ],
            [
              -114.04281925324,
              40.8310876200528
            ],
            [
              -114.042827862694,
              40.83470662124
            ],
            [
              -114.042823826563,
              40.8363000919274
            ],
            [
              -114.042817381151,
              40.8383254044949
            ],
            [
              -114.042798680023,
              40.8417643606419
            ],
            [
              -114.042798633311,
              40.8419472862179
            ],
            [
              -114.042777914567,
              40.8455699390752
            ],
            [
              -114.042757201213,
              40.8491924999187
            ],
            [
              -114.042747980007,
              40.8508199697152
            ],
            [
              -114.042740807858,
              40.8528262936008
            ],
            [
              -114.042717178572,
              40.8564650503902
            ],
            [
              -114.042693440591,
              40.8601038077444
            ],
            [
              -114.042678675881,
              40.8629773958319
            ],
            [
              -114.042678102756,
              40.8635864381238
            ],
            [
              -114.042670168835,
              40.8653581562239
            ],
            [
              -114.042658791672,
              40.8665522821244
            ],
            [
              -114.042658251785,
              40.8666026434664
            ],
            [
              -114.042652224988,
              40.8672117386949
            ],
            [
              -114.04262524858,
              40.8701784148342
            ],
            [
              -114.042624810202,
              40.8702284133893
            ],
            [
              -114.042618802269,
              40.8708378678993
            ],
            [
              -114.042591682131,
              40.8738064377083
            ],
            [
              -114.042591250939,
              40.8738540037999
            ],
            [
              -114.042585269058,
              40.8744639989091
            ],
            [
              -114.042557830916,
              40.8774798602635
            ],
            [
              -114.042557765339,
              40.8774887784984
            ],
            [
              -114.042551867001,
              40.8780902138734
            ],
            [
              -114.04253538561,
              40.8798329739797
            ],
            [
              -114.04253147704,
              40.8811043567227
            ],
            [
              -114.042531426735,
              40.881111022959
            ],
            [
              -114.042523011317,
              40.8847305413962
            ],
            [
              -114.042522980774,
              40.8847350455284
            ],
            [
              -114.042514376711,
              40.8883579895239
            ],
            [
              -114.042505887631,
              40.8919831812056
            ],
            [
              -114.04250395805,
              40.8925882034622
            ],
            [
              -114.042498781957,
              40.8943493053323
            ],
            [
              -114.042494426925,
              40.8956106106615
            ],
            [
              -114.042484391845,
              40.8992404322995
            ],
            [
              -114.042474368443,
              40.9028702523372
            ],
            [
              -114.042464347736,
              40.9064998908223
            ],
            [
              -114.042462156745,
              40.907088707515
            ],
            [
              -114.042456422798,
              40.9088553148708
            ],
            [
              -114.042445207332,
              40.9101297686606
            ],
            [
              -114.042416072272,
              40.9137615292804
            ],
            [
              -114.042387064774,
              40.9173932852261
            ],
            [
              -114.042357951274,
              40.9210251321698
            ],
            [
              -114.042352815605,
              40.9215884469768
            ],
            [
              -114.042337820028,
              40.9233313387742
            ],
            [
              -114.042337250496,
              40.9239346115728
            ],
            [
              -114.042336393503,
              40.9246480421181
            ],
            [
              -114.042333858458,
              40.9275211038819
            ],
            [
              -114.042333226044,
              40.9282264225148
            ],
            [
              -114.042330719744,
              40.9311050662227
            ],
            [
              -114.042329939108,
              40.931804534486
            ],
            [
              -114.042327460656,
              40.9346887601951
            ],
            [
              -114.042326773445,
              40.9353824608335
            ],
            [
              -114.042324620183,
              40.9376890893004
            ],
            [
              -114.042325319971,
              40.9382784574444
            ],
            [
              -114.042325362192,
              40.9389698871328
            ],
            [
              -114.042315014498,
              40.9419771670673
            ],
            [
              -114.042315080973,
              40.942617348714
            ],
            [
              -114.04230439731,
              40.9456766038971
            ],
            [
              -114.042304479056,
              40.946265357953
            ],
            [
              -114.042293349828,
              40.9493767711654
            ],
            [
              -114.042293442355,
              40.9498959037343
            ],
            [
              -114.042288333636,
              40.9523030280873
            ],
            [
              -114.042286767872,
              40.9530626783657
            ],
            [
              -114.042286006999,
              40.9535295959911
            ],
            [
              -114.042272464896,
              40.9566811491457
            ],
            [
              -114.04227163126,
              40.9571645502293
            ],
            [
              -114.042258294871,
              40.9602997044714
            ],
            [
              -114.042257490879,
              40.9607992263037
            ],
            [
              -114.042244238033,
              40.9639178952327
            ],
            [
              -114.042243357684,
              40.9644338100865
            ],
            [
              -114.04223410324,
              40.9668224861622
            ],
            [
              -114.04223270097,
              40.9675286325297
            ],
            [
              -114.042231609517,
              40.9680709414825
            ],
            [
              -114.042214862225,
              40.9711804235821
            ],
            [
              -114.04221389474,
              40.9717047164753
            ],
            [
              -114.042196916581,
              40.9748322159926
            ],
            [
              -114.042195949993,
              40.9753384059633
            ],
            [
              -114.042178747256,
              40.9784841033139
            ],
            [
              -114.042177895653,
              40.9789720967315
            ],
            [
              -114.042166192401,
              40.9813017505254
            ],
            [
              -114.04216394302,
              40.9821340083168
            ],
            [
              -114.042163079739,
              40.9825777799494
            ],
            [
              -114.042139407335,
              40.9857994795088
            ],
            [
              -114.042138701259,
              40.9861768694449
            ],
            [
              -114.042114152099,
              40.9894646079638
            ],
            [
              -114.04211360233,
              40.9897756160547
            ],
            [
              -114.042088058735,
              40.9931293964132
            ],
            [
              -114.042087652696,
              40.9933737526534
            ],
            [
              -114.04207137163,
              40.9957816093545
            ],
            [
              -114.042067789149,
              40.9967939397963
            ],
            [
              -114.042067499891,
              40.9969917290868
            ],
            [
              -114.042040951081,
              40.9999022360642
            ],
            [
              -114.04203629152,
              41.0004054593972
            ],
            [
              -114.042035936685,
              41.0006018100652
            ],
            [
              -114.042004684296,
              41.0040169811059
            ],
            [
              -114.042004382463,
              41.0042118885615
            ],
            [
              -114.041973196549,
              41.0076283171108
            ],
            [
              -114.041972836325,
              41.007821965218
            ],
            [
              -114.041959146898,
              41.0101977762585
            ],
            [
              -114.041941774379,
              41.0114165362224
            ],
            [
              -114.041940939844,
              41.0114732993323
            ],
            [
              -114.041889337919,
              41.015070933446
            ],
            [
              -114.041888365044,
              41.0151376064001
            ],
            [
              -114.041836907747,
              41.0187253279015
            ],
            [
              -114.041835796531,
              41.0188019123094
            ],
            [
              -114.04180394856,
              41.0210309442471
            ],
            [
              -114.041838076456,
              41.0223788459491
            ],
            [
              -114.041840271938,
              41.0224652492155
            ],
            [
              -114.041856196373,
              41.0230924868486
            ],
            [
              -114.041872906834,
              41.023754828622
            ],
            [
              -114.041857935512,
              41.0260324988248
            ],
            [
              -114.041857606728,
              41.0260924900956
            ],
            [
              -114.0418338939,
              41.0296777628391
            ],
            [
              -114.041833604642,
              41.0297205510685
            ],
            [
              -114.041809861271,
              41.0333230249492
            ],
            [
              -114.041809787609,
              41.0333317629137
            ],
            [
              -114.041809731015,
              41.0333486066158
            ],
            [
              -114.04180342574,
              41.0343166924613
            ],
            [
              -114.041786055018,
              41.0369678291023
            ],
            [
              -114.041784028418,
              41.0372697773306
            ],
            [
              -114.041762025084,
              41.04061272754
            ],
            [
              -114.04176047549,
              41.0408553114009
            ],
            [
              -114.041738016709,
              41.0442578943301
            ],
            [
              -114.041736812967,
              41.0444408459502
            ],
            [
              -114.04172099094,
              41.0468464239247
            ],
            [
              -114.041719340735,
              41.0479023775396
            ],
            [
              -114.041719206886,
              41.0480259493928
            ],
            [
              -114.041713557381,
              41.0515475998619
            ],
            [
              -114.041713416345,
              41.0516116392726
            ],
            [
              -114.041707782112,
              41.0551927299685
            ],
            [
              -114.041707652754,
              41.0552183119413
            ],
            [
              -114.041701900842,
              41.0588249826363
            ],
            [
              -114.04170191252,
              41.0588381315806
            ],
            [
              -114.0416961642,
              41.0624317407288
            ],
            [
              -114.041696160607,
              41.0624832573382
            ],
            [
              -114.041690434745,
              41.0660384080419
            ],
            [
              -114.041690305388,
              41.0661284750166
            ],
            [
              -114.041684651392,
              41.0696668698934
            ],
            [
              -114.041684457356,
              41.0697736003516
            ],
            [
              -114.041681076097,
              41.0718776687892
            ],
            [
              -114.041678875224,
              41.0732952398697
            ],
            [
              -114.041678903072,
              41.0733087489068
            ],
            [
              -114.041678625493,
              41.0734188141368
            ],
            [
              -114.041678559017,
              41.0734457447972
            ],
            [
              -114.041673110735,
              41.0769236080134
            ],
            [
              -114.041673069413,
              41.0769304542553
            ],
            [
              -114.041672915801,
              41.0770638427422
            ],
            [
              -114.041667238448,
              41.0805519776739
            ],
            [
              -114.041666988717,
              41.0807090552006
            ],
            [
              -114.041666380557,
              41.0811498423686
            ],
            [
              -114.041636085772,
              41.0841920010364
            ],
            [
              -114.041634506534,
              41.0843537966898
            ],
            [
              -114.041599825276,
              41.0878320678851
            ],
            [
              -114.041598158003,
              41.0879971085324
            ],
            [
              -114.041563449795,
              41.0914720454787
            ],
            [
              -114.041561813963,
              41.0916403273738
            ],
            [
              -114.041527205468,
              41.095112108458
            ],
            [
              -114.041525481601,
              41.0952836353014
            ],
            [
              -114.041513101918,
              41.0965214345401
            ],
            [
              -114.041518905934,
              41.0987641304802
            ],
            [
              -114.041519233819,
              41.0988898508525
            ],
            [
              -114.041528749672,
              41.1024143208044
            ],
            [
              -114.041529179067,
              41.1025783148684
            ],
            [
              -114.041538483817,
              41.1060644219752
            ],
            [
              -114.041539022806,
              41.1062668702389
            ],
            [
              -114.041548358997,
              41.1097146979364
            ],
            [
              -114.041548999496,
              41.1099554201229
            ],
            [
              -114.041551992682,
              41.1111235516316
            ],
            [
              -114.041553494665,
              41.1133265500442
            ],
            [
              -114.041553056287,
              41.1136341272392
            ],
            [
              -114.0415593948,
              41.1169263120438
            ],
            [
              -114.041558887252,
              41.1172658634801
            ],
            [
              -114.041565082034,
              41.1205263483185
            ],
            [
              -114.041564516994,
              41.1208981438643
            ],
            [
              -114.041573033023,
              41.124525573058
            ],
            [
              -114.041572950378,
              41.1245650224092
            ],
            [
              -114.041571955044,
              41.1254970225045
            ],
            [
              -114.041557463422,
              41.1281856989778
            ],
            [
              -114.041557222674,
              41.1282268641341
            ],
            [
              -114.041537607061,
              41.131835309213
            ],
            [
              -114.041537254023,
              41.1318946701491
            ],
            [
              -114.04151776148,
              41.1354849180523
            ],
            [
              -114.041517288068,
              41.1355622941235
            ],
            [
              -114.041497912305,
              41.1391342541682
            ],
            [
              -114.04149745147,
              41.1392299133013
            ],
            [
              -114.041493767479,
              41.1399180019585
            ],
            [
              -114.041441638243,
              41.1427659992595
            ],
            [
              -114.041440527925,
              41.1428270009544
            ],
            [
              -114.041374641889,
              41.1464208114008
            ],
            [
              -114.04137431041,
              41.1464419852357
            ],
            [
              -114.041308755853,
              41.1500145304136
            ],
            [
              -114.041306884662,
              41.150118331987
            ],
            [
              -114.041242903952,
              41.1536088769691
            ],
            [
              -114.041239472388,
              41.1537948574678
            ],
            [
              -114.041227336148,
              41.1544649748583
            ],
            [
              -114.0412407992,
              41.1572287364571
            ],
            [
              -114.041242043366,
              41.1574745747258
            ],
            [
              -114.041258269635,
              41.1608464557148
            ],
            [
              -114.041259865942,
              41.1611642449001
            ],
            [
              -114.04127576702,
              41.164464442591
            ],
            [
              -114.041277714568,
              41.1648541827813
            ],
            [
              -114.041293295847,
              41.1680827876203
            ],
            [
              -114.041295590144,
              41.1685443882856
            ],
            [
              -114.041298202445,
              41.1690565950943
            ],
            [
              -114.041317270983,
              41.1717139293676
            ],
            [
              -114.04132108523,
              41.1722366417436
            ],
            [
              -114.041343336499,
              41.1753435729919
            ],
            [
              -114.041347057321,
              41.1758513377215
            ],
            [
              -114.041369286133,
              41.1789729485728
            ],
            [
              -114.041372921615,
              41.179465944449
            ],
            [
              -114.041395382192,
              41.1826025881975
            ],
            [
              -114.04139879579,
              41.1830804591999
            ],
            [
              -114.041402047691,
              41.1835239313608
            ],
            [
              -114.041393489442,
              41.1862427825864
            ],
            [
              -114.04139149608,
              41.1868715615488
            ],
            [
              -114.041382366502,
              41.1898842104656
            ],
            [
              -114.041380445006,
              41.1905196516285
            ],
            [
              -114.04137251378,
              41.1935167766155
            ],
            [
              -114.041370569826,
              41.1941594234703
            ],
            [
              -114.041362552362,
              41.1971493446618
            ],
            [
              -114.041360594933,
              41.1977993761985
            ],
            [
              -114.041360252675,
              41.1978949409333
            ],
            [
              -114.041354164792,
              41.200761604513
            ],
            [
              -114.041352220838,
              41.2014401856367
            ],
            [
              -114.041346125768,
              41.2043734041183
            ],
            [
              -114.041344032694,
              41.2051130503386
            ],
            [
              -114.041337872048,
              41.2079854774614
            ],
            [
              -114.041335621768,
              41.2087860096373
            ],
            [
              -114.041328878115,
              41.2123531900658
            ],
            [
              -114.041328829606,
              41.2124550520652
            ],
            [
              -114.041328986811,
              41.212895812048
            ],
            [
              -114.041320452816,
              41.2161205316551
            ],
            [
              -114.041320361188,
              41.2165096022687
            ],
            [
              -114.041311733768,
              41.2197680963911
            ],
            [
              -114.041311628665,
              41.2201233942039
            ],
            [
              -114.041302771276,
              41.2234153056868
            ],
            [
              -114.041302639224,
              41.223736560804
            ],
            [
              -114.041295070918,
              41.2267731111484
            ],
            [
              -114.041294894848,
              41.2270650965116
            ],
            [
              -114.041294752016,
              41.2273526680756
            ],
            [
              -114.041274422242,
              41.2307362936661
            ],
            [
              -114.041274222816,
              41.2310174722332
            ],
            [
              -114.041249440993,
              41.2344618245406
            ],
            [
              -114.041249184973,
              41.2347366105967
            ],
            [
              -114.041224359132,
              41.2381875375994
            ],
            [
              -114.041224169587,
              41.238456016983
            ],
            [
              -114.041205507985,
              41.2414353050457
            ],
            [
              -114.041205080387,
              41.2418992248753
            ],
            [
              -114.04120495642,
              41.2421613983581
            ],
            [
              -114.041200968798,
              41.2448524601958
            ],
            [
              -114.041200746914,
              41.245063661237
            ],
            [
              -114.041200333689,
              41.2454430123533
            ],
            [
              -114.041200227688,
              41.2455692816698
            ],
            [
              -114.041200092941,
              41.2457592251956
            ],
            [
              -114.041199436272,
              41.2462670110712
            ],
            [
              -114.041198206479,
              41.2470915593206
            ],
            [
              -114.041197543522,
              41.2476017764639
            ],
            [
              -114.041197242586,
              41.247896106355
            ],
            [
              -114.041196881464,
              41.2481865648329
            ],
            [
              -114.041196827565,
              41.2482599667754
            ],
            [
              -114.041195229462,
              41.2492385298907
            ],
            [
              -114.041195105494,
              41.2493566938768
            ],
            [
              -114.041180611177,
              41.2529264929152
            ],
            [
              -114.041180505176,
              41.2529730575466
            ],
            [
              -114.041169902361,
              41.2559760840254
            ],
            [
              -114.041168499192,
              41.2565936740986
            ],
            [
              -114.041168459666,
              41.2566185319854
            ],
            [
              -114.041110176971,
              41.2606174585718
            ],
            [
              -114.041110132953,
              41.2606242140667
            ],
            [
              -114.041070717574,
              41.2637621017189
            ],
            [
              -114.041070722065,
              41.2638572966075
            ],
            [
              -114.041033073672,
              41.2669251577827
            ],
            [
              -114.04103297845,
              41.2670644853824
            ],
            [
              -114.041007494144,
              41.2695896741846
            ],
            [
              -114.041006960545,
              41.2702566836086
            ],
            [
              -114.041007047681,
              41.270441037126
            ],
            [
              -114.040993649309,
              41.2738482372138
            ],
            [
              -114.040993544206,
              41.2740541202742
            ],
            [
              -114.040980378497,
              41.2774404182051
            ],
            [
              -114.040980235665,
              41.2776891718091
            ],
            [
              -114.040967390655,
              41.2810333108269
            ],
            [
              -114.040967219077,
              41.2813251138397
            ],
            [
              -114.040959519616,
              41.2839267398775
            ],
            [
              -114.040952330399,
              41.2846404864244
            ],
            [
              -114.040949090176,
              41.2849741587789
            ],
            [
              -114.040912122705,
              41.2882612939246
            ],
            [
              -114.040908374934,
              41.2886456847214
            ],
            [
              -114.040872041674,
              41.2918820962355
            ],
            [
              -114.04086784744,
              41.2923108086858
            ],
            [
              -114.040832092695,
              41.2955029837605
            ],
            [
              -114.040827451998,
              41.2959760183089
            ],
            [
              -114.040800911273,
              41.2984235023476
            ],
            [
              -114.040792684502,
              41.2992457980221
            ],
            [
              -114.040788802881,
              41.2996400987615
            ],
            [
              -114.040751731206,
              41.3029372269821
            ],
            [
              -114.040748183759,
              41.3033053102279
            ],
            [
              -114.040710781504,
              41.3066285637348
            ],
            [
              -114.040707271786,
              41.3069794443932
            ],
            [
              -114.040669605426,
              41.3103199951666
            ],
            [
              -114.040666370593,
              41.3106536664049
            ],
            [
              -114.040642063978,
              41.3129201545879
            ],
            [
              -114.040639021384,
              41.3132194178981
            ],
            [
              -114.040638247935,
              41.3140091832934
            ],
            [
              -114.040637912863,
              41.3143255768918
            ],
            [
              -114.040630404744,
              41.3175411326655
            ],
            [
              -114.040629992417,
              41.3179996439754
            ],
            [
              -114.040623057423,
              41.3210732468719
            ],
            [
              -114.040622475315,
              41.3216384850124
            ],
            [
              -114.040615956241,
              41.3246052634255
            ],
            [
              -114.040615212436,
              41.3252774075637
            ],
            [
              -114.040611722481,
              41.3273103541535
            ],
            [
              -114.040608103169,
              41.3281363073766
            ],
            [
              -114.040604919539,
              41.3289151481036
            ],
            [
              -114.040589543975,
              41.3318529784382
            ],
            [
              -114.040586683739,
              41.3325539975136
            ],
            [
              -114.040570752117,
              41.3355695636007
            ],
            [
              -114.040568179342,
              41.3362099634153
            ],
            [
              -114.040551856055,
              41.3392862395488
            ],
            [
              -114.040549445876,
              41.3398659345551
            ],
            [
              -114.040540863371,
              41.3417016885954
            ],
            [
              -114.040541221799,
              41.341912150739
            ],
            [
              -114.040542969022,
              41.3430046309214
            ],
            [
              -114.040543802659,
              41.3435256100959
            ],
            [
              -114.040549192551,
              41.3466212126249
            ],
            [
              -114.040550105239,
              41.3471874895462
            ],
            [
              -114.040555427757,
              41.3502377923924
            ],
            [
              -114.040556469803,
              41.3509453705275
            ],
            [
              -114.04056155786,
              41.3538543728846
            ],
            [
              -114.040562967317,
              41.3547032463357
            ],
            [
              -114.040565902113,
              41.3564983453621
            ],
            [
              -114.040569387577,
              41.3574712676036
            ],
            [
              -114.040572838904,
              41.3584613913573
            ],
            [
              -114.040582570353,
              41.3611334987896
            ],
            [
              -114.040586412448,
              41.3622191663363
            ],
            [
              -114.040595890572,
              41.3647958158268
            ],
            [
              -114.040599535037,
              41.3658360971472
            ],
            [
              -114.040609101197,
              41.3684580433802
            ],
            [
              -114.040612679187,
              41.3694532057875
            ],
            [
              -114.040618299047,
              41.3710283030913
            ],
            [
              -114.040614939348,
              41.3721208245423
            ],
            [
              -114.040612104265,
              41.3730706755501
            ],
            [
              -114.040603571168,
              41.375999032903
            ],
            [
              -114.040601494263,
              41.3766880493131
            ],
            [
              -114.04059193529,
              41.3798763461084
            ],
            [
              -114.040590454867,
              41.3803216428758
            ],
            [
              -114.04058016736,
              41.3837531201476
            ],
            [
              -114.040579550217,
              41.383955321907
            ],
            [
              -114.040574700213,
              41.3855669876636
            ],
            [
              -114.040569435187,
              41.387262059564
            ],
            [
              -114.040568413803,
              41.387588915168
            ],
            [
              -114.040559189003,
              41.390655527396
            ],
            [
              -114.040557399559,
              41.3912223228946
            ],
            [
              -114.040548840411,
              41.3940491766166
            ],
            [
              -114.040546327823,
              41.3948824790937
            ],
            [
              -114.040538617583,
              41.3974427308833
            ],
            [
              -114.04053527585,
              41.3985428126253
            ],
            [
              -114.040530553407,
              41.4001029578801
            ],
            [
              -114.040528288754,
              41.4008363768308
            ],
            [
              -114.040524111588,
              41.4022030579387
            ],
            [
              -114.040517158628,
              41.404510038833
            ],
            [
              -114.040513680351,
              41.405630116588
            ],
            [
              -114.040512958105,
              41.4058633012541
            ],
            [
              -114.04050593328,
              41.4081839715158
            ],
            [
              -114.040501934878,
              41.4095235391648
            ],
            [
              -114.040494831001,
              41.4118577200381
            ],
            [
              -114.040490743667,
              41.4131901737999
            ],
            [
              -114.04048634282,
              41.4146389038682
            ],
            [
              -114.04048601763,
              41.4155315855254
            ],
            [
              -114.040485543319,
              41.4168439507933
            ],
            [
              -114.04048470609,
              41.4192044409245
            ],
            [
              -114.040484249745,
              41.4205042861118
            ],
            [
              -114.040483411617,
              41.4228773843344
            ],
            [
              -114.04048296246,
              41.4241516520334
            ],
            [
              -114.040482120738,
              41.4265501456037
            ],
            [
              -114.04048169853,
              41.4277992852501
            ],
            [
              -114.040481268237,
              41.4291583876839
            ],
            [
              -114.040480377108,
              41.4302231874348
            ],
            [
              -114.040479483285,
              41.4314467620412
            ],
            [
              -114.040477653416,
              41.4338929207417
            ],
            [
              -114.040476805407,
              41.4350943389882
            ],
            [
              -114.040474936911,
              41.4375625624281
            ],
            [
              -114.040474140105,
              41.4387188593173
            ],
            [
              -114.040472241965,
              41.4412323825079
            ],
            [
              -114.04047148199,
              41.4423432870026
            ],
            [
              -114.040470368978,
              41.4436797104383
            ],
            [
              -114.040468593907,
              41.4449020455737
            ],
            [
              -114.040466919447,
              41.4459676738713
            ],
            [
              -114.040464908119,
              41.4473514019296
            ],
            [
              -114.040463073759,
              41.4485621202463
            ],
            [
              -114.040461499911,
              41.4495939731996
            ],
            [
              -114.040457449407,
              41.4522222860458
            ],
            [
              -114.040455782134,
              41.4532520696848
            ],
            [
              -114.040451828649,
              41.4558822695763
            ],
            [
              -114.040450208986,
              41.4569104304887
            ],
            [
              -114.040448334202,
              41.4581661780079
            ],
            [
              -114.040444569363,
              41.4595453568101
            ],
            [
              -114.040442461915,
              41.4605732603845
            ],
            [
              -114.040429019525,
              41.4631793927119
            ],
            [
              -114.040426721635,
              41.4642441351274
            ],
            [
              -114.040413586469,
              41.4668131536138
            ],
            [
              -114.040411267917,
              41.4678927556564
            ],
            [
              -114.040398398652,
              41.4704468165513
            ],
            [
              -114.040395953438,
              41.4715415511648
            ],
            [
              -114.040393321374,
              41.4726962705561
            ],
            [
              -114.040385567117,
              41.4742535090611
            ],
            [
              -114.040382705982,
              41.4751882190605
            ],
            [
              -114.040358579929,
              41.4779262960302
            ],
            [
              -114.040355868813,
              41.4788334441241
            ],
            [
              -114.040331243296,
              41.4815990909081
            ],
            [
              -114.040328727115,
              41.4824821870995
            ],
            [
              -114.040303685678,
              41.4852720699681
            ],
            [
              -114.040301244057,
              41.4861311176355
            ],
            [
              -114.040297484608,
              41.4872179603489
            ],
            [
              -114.040292680418,
              41.4889428079609
            ],
            [
              -114.040294082688,
              41.4897764472098
            ],
            [
              -114.040308987535,
              41.492582652181
            ],
            [
              -114.040310350279,
              41.4934102580961
            ],
            [
              -114.040371448295,
              41.4962127180842
            ],
            [
              -114.040376696253,
              41.4970311244515
            ],
            [
              -114.040438188629,
              41.4998416776516
            ],
            [
              -114.040443305433,
              41.5006520723107
            ],
            [
              -114.040451308524,
              41.5016648431479
            ],
            [
              -114.040476779356,
              41.503477955361
            ],
            [
              -114.040481871007,
              41.5042800646261
            ],
            [
              -114.040545287574,
              41.507133612562
            ],
            [
              -114.04054981688,
              41.5079006139058
            ],
            [
              -114.040614764176,
              41.5107890620216
            ],
            [
              -114.040619011411,
              41.5115243698645
            ],
            [
              -114.04068544542,
              41.5144442082209
            ],
            [
              -114.040689301887,
              41.5151480951786
            ],
            [
              -114.040696138965,
              41.5160869566067
            ],
            [
              -114.040704194158,
              41.5181004562558
            ],
            [
              -114.040705091575,
              41.518771820083
            ],
            [
              -114.04072261052,
              41.5217314054164
            ],
            [
              -114.040723439665,
              41.5223807965193
            ],
            [
              -114.040741143662,
              41.5253619894487
            ],
            [
              -114.040741789551,
              41.5259690575552
            ],
            [
              -114.04076002086,
              41.5289919319803
            ],
            [
              -114.040760717952,
              41.5295565809378
            ],
            [
              -114.040762373547,
              41.5304536100851
            ],
            [
              -114.040734360484,
              41.5326686212757
            ],
            [
              -114.040733620272,
              41.5331923314684
            ],
            [
              -114.040707917675,
              41.5363411867728
            ],
            [
              -114.040707142429,
              41.5368947970989
            ],
            [
              -114.040681954566,
              41.5400135585387
            ],
            [
              -114.040681160456,
              41.5405462749208
            ],
            [
              -114.040655645607,
              41.5436860270204
            ],
            [
              -114.040654952107,
              41.5441978471119
            ],
            [
              -114.040653305495,
              41.5449935567703
            ],
            [
              -114.040638855196,
              41.547354189902
            ],
            [
              -114.040638265901,
              41.547845203496
            ],
            [
              -114.040612654932,
              41.550987656647
            ],
            [
              -114.040611961433,
              41.5514968650116
            ],
            [
              -114.040586703502,
              41.5546211161431
            ],
            [
              -114.040585907595,
              41.5551459970506
            ],
            [
              -114.040560873344,
              41.5582543902228
            ],
            [
              -114.040560107081,
              41.5587952101062
            ],
            [
              -114.040558756913,
              41.5595229165417
            ],
            [
              -114.040542532441,
              41.5620292160563
            ],
            [
              -114.040541969197,
              41.5624414270274
            ],
            [
              -114.040506940291,
              41.5657428068288
            ],
            [
              -114.04050648754,
              41.5661292583161
            ],
            [
              -114.040504841827,
              41.5694135422612
            ],
            [
              -114.040504871471,
              41.5697770164724
            ],
            [
              -114.040503325471,
              41.5730836302943
            ],
            [
              -114.040503279656,
              41.5734250417832
            ],
            [
              -114.040503282351,
              41.5740817450098
            ],
            [
              -114.040417264171,
              41.5775431518043
            ],
            [
              -114.040416773691,
              41.5778597184735
            ],
            [
              -114.040371208445,
              41.5809410889061
            ],
            [
              -114.040370858102,
              41.5812376590505
            ],
            [
              -114.040324787104,
              41.5843362428558
            ],
            [
              -114.040324521203,
              41.5846090350091
            ],
            [
              -114.040277855521,
              41.587728075881
            ],
            [
              -114.040277561772,
              41.5879772739537
            ],
            [
              -114.040275887312,
              41.5885546800652
            ],
            [
              -114.040257984787,
              41.591381801079
            ],
            [
              -114.040257838361,
              41.591608570261
            ],
            [
              -114.040231091024,
              41.5950543518658
            ],
            [
              -114.04023102365,
              41.5952495990195
            ],
            [
              -114.040203735527,
              41.5987270934039
            ],
            [
              -114.040203696001,
              41.5988922603579
            ],
            [
              -114.040175954228,
              41.6024033567482
            ],
            [
              -114.040175910211,
              41.6025352024371
            ],
            [
              -114.040175329001,
              41.6030540401515
            ],
            [
              -114.040142604273,
              41.606075802988
            ],
            [
              -114.040142635714,
              41.6061811697136
            ],
            [
              -114.040097242046,
              41.609745234023
            ],
            [
              -114.04009714413,
              41.6098299809612
            ],
            [
              -114.040051180032,
              41.6134149513354
            ],
            [
              -114.040051190812,
              41.6134611506324
            ],
            [
              -114.040004289771,
              41.6170847795549
            ],
            [
              -114.040004294262,
              41.6170925242217
            ],
            [
              -114.040003384269,
              41.6175761577484
            ],
            [
              -114.039968099343,
              41.6207216317229
            ],
            [
              -114.039968107428,
              41.6207524313504
            ],
            [
              -114.039920376343,
              41.6244066083236
            ],
            [
              -114.039920309868,
              41.6244256118935
            ],
            [
              -114.039873128553,
              41.6280606809503
            ],
            [
              -114.039873060281,
              41.6280745514277
            ],
            [
              -114.039872533868,
              41.6281118493463
            ],
            [
              -114.0398256472,
              41.6317147573098
            ],
            [
              -114.03982571098,
              41.631723761833
            ],
            [
              -114.039825137855,
              41.6320995865879
            ],
            [
              -114.039783552146,
              41.6355087294073
            ],
            [
              -114.039783618621,
              41.6355126906005
            ],
            [
              -114.039767312402,
              41.6384586283689
            ],
            [
              -114.039767372589,
              41.638480330683
            ],
            [
              -114.039769001235,
              41.6421953327401
            ],
            [
              -114.039769047049,
              41.6422345961651
            ],
            [
              -114.039770767323,
              41.645930861848
            ],
            [
              -114.039770692762,
              41.6459879602389
            ],
            [
              -114.039770797865,
              41.6462938824043
            ],
            [
              -114.039772140847,
              41.6497266484942
            ],
            [
              -114.039772197441,
              41.6497788803872
            ],
            [
              -114.0397795241,
              41.6535222739218
            ],
            [
              -114.039779494456,
              41.6535828833459
            ],
            [
              -114.039797954835,
              41.6570803049109
            ],
            [
              -114.039798025802,
              41.6571532496522
            ],
            [
              -114.039816437672,
              41.6606391433528
            ],
            [
              -114.039816355925,
              41.6607241596339
            ],
            [
              -114.039816398146,
              41.6608806774301
            ],
            [
              -114.039818274726,
              41.6642038242644
            ],
            [
              -114.039818294489,
              41.6643011751483
            ],
            [
              -114.039820298631,
              41.6677237398673
            ],
            [
              -114.039820293241,
              41.6677644459307
            ],
            [
              -114.039823813738,
              41.6714383185007
            ],
            [
              -114.039823783196,
              41.6716136596671
            ],
            [
              -114.039826786264,
              41.6749982810659
            ],
            [
              -114.039826877892,
              41.6751226472391
            ],
            [
              -114.039826843756,
              41.6754330748302
            ],
            [
              -114.039829155121,
              41.6784048917372
            ],
            [
              -114.039829268309,
              41.6787694388136
            ],
            [
              -114.039829270106,
              41.6792157605729
            ],
            [
              -114.039830086674,
              41.681000396731
            ],
            [
              -114.039830507086,
              41.6824705638589
            ],
            [
              -114.03983054212,
              41.6828971618084
            ],
            [
              -114.039832248021,
              41.6860979167873
            ],
            [
              -114.039832347734,
              41.6864927229166
            ],
            [
              -114.039833980871,
              41.6896483598453
            ],
            [
              -114.039834017702,
              41.6897256273711
            ],
            [
              -114.039834319536,
              41.6900889987651
            ],
            [
              -114.039854425628,
              41.6933533835969
            ],
            [
              -114.039854672665,
              41.6936849662544
            ],
            [
              -114.039875303374,
              41.6969857190046
            ],
            [
              -114.039875510885,
              41.6972807387553
            ],
            [
              -114.039846748626,
              41.7008385587826
            ],
            [
              -114.039846655201,
              41.7011042282543
            ],
            [
              -114.039820760365,
              41.7044779849647
            ],
            [
              -114.039819918643,
              41.7046742400815
            ],
            [
              -114.039818842462,
              41.7049088660545
            ],
            [
              -114.039774892386,
              41.708536698746
            ],
            [
              -114.039774018326,
              41.7087373676013
            ],
            [
              -114.039733796259,
              41.7115877317531
            ],
            [
              -114.03973256916,
              41.7118446049034
            ],
            [
              -114.039592008869,
              41.7152815506176
            ],
            [
              -114.03959047814,
              41.7155192505938
            ],
            [
              -114.039472197865,
              41.7186564368248
            ],
            [
              -114.039473998987,
              41.7189698755323
            ],
            [
              -114.039474864065,
              41.7191844572188
            ],
            [
              -114.039634929475,
              41.7225015005368
            ],
            [
              -114.039635686755,
              41.7226933901162
            ],
            [
              -114.039795242821,
              41.7260041411977
            ],
            [
              -114.03979596327,
              41.7262028762686
            ],
            [
              -114.039838547007,
              41.7297016084743
            ],
            [
              -114.03983882818,
              41.729898644029
            ],
            [
              -114.039875555801,
              41.7331353755941
            ],
            [
              -114.039875368951,
              41.7333887088833
            ],
            [
              -114.03987541207,
              41.7335832293112
            ],
            [
              -114.039796501361,
              41.737169197727
            ],
            [
              -114.039796545378,
              41.7372032376787
            ],
            [
              -114.039719069278,
              41.740755846021
            ],
            [
              -114.039719122279,
              41.7408232062339
            ],
            [
              -114.039776482404,
              41.7443332482534
            ],
            [
              -114.039776553371,
              41.7444187994043
            ],
            [
              -114.039819138007,
              41.7474270777822
            ],
            [
              -114.03981942996,
              41.7479248098947
            ],
            [
              -114.039819385942,
              41.7480282858629
            ],
            [
              -114.039866099236,
              41.7515031242465
            ],
            [
              -114.039865956403,
              41.7516248836012
            ],
            [
              -114.03991209747,
              41.755082173985
            ],
            [
              -114.039912028299,
              41.7552232936056
            ],
            [
              -114.039957435442,
              41.7586519643445
            ],
            [
              -114.039957198287,
              41.7588226269784
            ],
            [
              -114.039988674356,
              41.7617065565583
            ],
            [
              -114.039989063327,
              41.7622367056884
            ],
            [
              -114.039988881867,
              41.7624365441418
            ],
            [
              -114.040032712466,
              41.7658082482042
            ],
            [
              -114.040032600177,
              41.7660375339605
            ],
            [
              -114.040075580072,
              41.7693807108007
            ],
            [
              -114.040075474969,
              41.7696330502002
            ],
            [
              -114.040117488276,
              41.7729376170815
            ],
            [
              -114.040117337359,
              41.773229672675
            ],
            [
              -114.040146092431,
              41.7759989372251
            ],
            [
              -114.040139130488,
              41.7765082972721
            ],
            [
              -114.040134238263,
              41.776840012303
            ],
            [
              -114.040127477542,
              41.7800666190031
            ],
            [
              -114.04012217299,
              41.7804379696727
            ],
            [
              -114.040114919993,
              41.7836259543749
            ],
            [
              -114.040107569977,
              41.784045628084
            ],
            [
              -114.040025189076,
              41.7872070537811
            ],
            [
              -114.04001732163,
              41.7876615926753
            ],
            [
              -114.039952372537,
              41.7903162627729
            ],
            [
              -114.039951606274,
              41.7907988007387
            ],
            [
              -114.03995091547,
              41.7912880012288
            ],
            [
              -114.03992054882,
              41.7943812253889
            ],
            [
              -114.039919702607,
              41.7949052812123
            ],
            [
              -114.039882609372,
              41.7983191888204
            ],
            [
              -114.039882472828,
              41.7985096604417
            ],
            [
              -114.039815876225,
              41.802055379132
            ],
            [
              -114.039815655239,
              41.8022745796383
            ],
            [
              -114.039779408217,
              41.8048920122394
            ],
            [
              -114.03978847132,
              41.8057399146749
            ],
            [
              -114.039791136622,
              41.8059870460739
            ],
            [
              -114.039825463045,
              41.809355560765
            ],
            [
              -114.039828401435,
              41.8096313231756
            ],
            [
              -114.039862484415,
              41.8129714754894
            ],
            [
              -114.039865315006,
              41.8132296792009
            ],
            [
              -114.039898978473,
              41.8165403030672
            ],
            [
              -114.039902127967,
              41.8168281263266
            ],
            [
              -114.039928350688,
              41.8193556450293
            ],
            [
              -114.039926816366,
              41.8201116096357
            ],
            [
              -114.03992619024,
              41.8204289814977
            ],
            [
              -114.03991978076,
              41.823685999904
            ],
            [
              -114.039918977666,
              41.8241572806644
            ],
            [
              -114.039912889784,
              41.8272606551983
            ],
            [
              -114.0399119214,
              41.8277513016574
            ],
            [
              -114.039905803873,
              41.8308640408853
            ],
            [
              -114.039904875015,
              41.8313453203598
            ],
            [
              -114.039900964648,
              41.8333145701239
            ],
            [
              -114.039900365472,
              41.8336375236023
            ],
            [
              -114.039928473757,
              41.8344674479617
            ],
            [
              -114.039944422447,
              41.8349389144023
            ],
            [
              -114.040050335615,
              41.838069756021
            ],
            [
              -114.040066080387,
              41.83853177194
            ],
            [
              -114.040172347492,
              41.8416721484227
            ],
            [
              -114.04018102971,
              41.8419291161078
            ],
            [
              -114.040188319538,
              41.8421439740352
            ],
            [
              -114.040295011546,
              41.8452979366632
            ],
            [
              -114.040310592825,
              41.8457563536663
            ],
            [
              -114.040386977472,
              41.8480162411334
            ],
            [
              -114.040380385634,
              41.8489241698639
            ],
            [
              -114.040377019647,
              41.8493690405821
            ],
            [
              -114.040353435277,
              41.8525511262666
            ],
            [
              -114.040350277699,
              41.8529825733335
            ],
            [
              -114.040326614278,
              41.8561780777459
            ],
            [
              -114.040323404597,
              41.8566134880674
            ],
            [
              -114.040299910958,
              41.8597768373023
            ],
            [
              -114.040296424596,
              41.8602444943977
            ],
            [
              -114.040279788695,
              41.8624877506824
            ],
            [
              -114.040289129378,
              41.8633758037773
            ],
            [
              -114.040294389912,
              41.8638754685049
            ],
            [
              -114.040326775974,
              41.8669744760389
            ],
            [
              -114.040332367089,
              41.8675064618671
            ],
            [
              -114.040364447724,
              41.8705733263675
            ],
            [
              -114.040370552675,
              41.8711440212463
            ],
            [
              -114.040402257815,
              41.8741798256039
            ],
            [
              -114.040408646633,
              41.874781851894
            ],
            [
              -114.04043186449,
              41.8769933392853
            ],
            [
              -114.040407388093,
              41.8777880001748
            ],
            [
              -114.040387928787,
              41.8784191678241
            ],
            [
              -114.040296370697,
              41.8813937565737
            ],
            [
              -114.04027598433,
              41.8820561984895
            ],
            [
              -114.04018299702,
              41.8850717982462
            ],
            [
              -114.040163314932,
              41.8857135080975
            ],
            [
              -114.040070843255,
              41.8887145946811
            ],
            [
              -114.040050644636,
              41.8893708163338
            ],
            [
              -114.039983600671,
              41.8915465087641
            ],
            [
              -114.039983439873,
              41.8916167552243
            ],
            [
              -114.039982325064,
              41.8923576628658
            ],
            [
              -114.03998126056,
              41.8930285069935
            ],
            [
              -114.039976527337,
              41.8960014199644
            ],
            [
              -114.039975430494,
              41.896686763185
            ],
            [
              -114.039970625405,
              41.8996452680652
            ],
            [
              -114.039969522274,
              41.9003279097254
            ],
            [
              -114.039964718982,
              41.9032964091867
            ],
            [
              -114.039963672445,
              41.9039700434179
            ],
            [
              -114.039960233694,
              41.9061038819434
            ],
            [
              -114.03997786942,
              41.9069474939662
            ],
            [
              -114.039991822951,
              41.9076119947666
            ],
            [
              -114.04005431605,
              41.9105983405384
            ],
            [
              -114.040068980149,
              41.9112980337251
            ],
            [
              -114.040131012413,
              41.9142489081283
            ],
            [
              -114.040140698947,
              41.9147066676558
            ],
            [
              -114.040207603672,
              41.9178892109343
            ],
            [
              -114.040212307251,
              41.9181151222266
            ],
            [
              -114.040246250094,
              41.9197254722663
            ],
            [
              -114.040265559381,
              41.9215251432979
            ],
            [
              -114.04026559172,
              41.9215309055827
            ],
            [
              -114.04026584774,
              41.9215515210699
            ],
            [
              -114.040299316273,
              41.9249382003225
            ],
            [
              -114.040302164831,
              41.9251757776623
            ],
            [
              -114.040336142708,
              41.928562711654
            ],
            [
              -114.040338964316,
              41.9288098352139
            ],
            [
              -114.040393183034,
              41.9321985731227
            ],
            [
              -114.040396075609,
              41.9324420925615
            ],
            [
              -114.040421356896,
              41.9342475456174
            ],
            [
              -114.040396038778,
              41.9358308252861
            ],
            [
              -114.040392247887,
              41.9360707396892
            ],
            [
              -114.040338057018,
              41.9394618068003
            ],
            [
              -114.040334336196,
              41.9396981172484
            ],
            [
              -114.040280078851,
              41.9430978300937
            ],
            [
              -114.040276429894,
              41.9433254929414
            ],
            [
              -114.040221977615,
              41.9467336741122
            ],
            [
              -114.040218222657,
              41.9469717862946
            ],
            [
              -114.04018880912,
              41.9488111951971
            ],
            [
              -114.040253241682,
              41.9503688591534
            ],
            [
              -114.040263495053,
              41.9506174061151
            ],
            [
              -114.040403443591,
              41.9540034120141
            ],
            [
              -114.040414186543,
              41.9542622115195
            ],
            [
              -114.040552427384,
              41.9576066558231
            ],
            [
              -114.040564788202,
              41.9579070175932
            ],
            [
              -114.040701685163,
              41.9612099811428
            ],
            [
              -114.040717350884,
              41.9615873408673
            ],
            [
              -114.040784427188,
              41.9632097710458
            ],
            [
              -114.040850846823,
              41.9648132162597
            ],
            [
              -114.040869573103,
              41.9652674909927
            ],
            [
              -114.041000038127,
              41.9684164493159
            ],
            [
              -114.041021988461,
              41.9689485346024
            ],
            [
              -114.041174662533,
              41.97262929873
            ],
            [
              -114.041187050301,
              41.9729300197886
            ],
            [
              -114.041324864442,
              41.9762448378596
            ],
            [
              -114.041374456836,
              41.9774433058309
            ],
            [
              -114.041385957966,
              41.9777227971252
            ],
            [
              -114.04139961146,
              41.979861835875
            ],
            [
              -114.041412953239,
              41.9819587374364
            ],
            [
              -114.041426136016,
              41.9834795706506
            ],
            [
              -114.041445324929,
              41.9864591089259
            ],
            [
              -114.041449437416,
              41.9870977488966
            ],
            [
              -114.041453864314,
              41.9883636920971
            ],
            [
              -114.041465894552,
              41.9902527828497
            ],
            [
              -114.04146891379,
              41.9907316061905
            ],
            [
              -114.041477929282,
              41.9921418729574
            ],
            [
              -114.041488998323,
              41.99387888764
            ],
            [
              -114.038637413234,
              41.9938232669811
            ],
            [
              -114.038598509894,
              41.9938225866527
            ],
            [
              -114.035785738314,
              41.9937682070942
            ],
            [
              -114.03373298638,
              41.99372859845
            ],
            [
              -114.030914425158,
              41.9936741627291
            ],
            [
              -114.028867598512,
              41.9936346701966
            ],
            [
              -114.028586188673,
              41.9936292242151
            ],
            [
              -114.026043277293,
              41.9935706309788
            ],
            [
              -114.024137609215,
              41.9935267886669
            ],
            [
              -114.02117886769,
              41.9934586987266
            ],
            [
              -114.019407831921,
              41.9934179856009
            ],
            [
              -114.016314475155,
              41.9933468303716
            ],
            [
              -114.014678068101,
              41.9933091669931
            ],
            [
              -114.012777245536,
              41.9932653685659
            ],
            [
              -114.011449531055,
              41.9932562017444
            ],
            [
              -114.009947200251,
              41.9932457483616
            ],
            [
              -114.006583292482,
              41.9932224040027
            ],
            [
              -114.004986290028,
              41.9932113056648
            ],
            [
              -114.001683123642,
              41.9931883872539
            ],
            [
              -114.000025384295,
              41.9931769183644
            ],
            [
              -113.99678296199,
              41.9931544305755
            ],
            [
              -113.995064601632,
              41.9931424923217
            ],
            [
              -113.991882800337,
              41.9931204438346
            ],
            [
              -113.990164442674,
              41.9931085222658
            ],
            [
              -113.990103925868,
              41.993105146624
            ],
            [
              -113.986983875664,
              41.9929322235266
            ],
            [
              -113.985300465161,
              41.9928389003273
            ],
            [
              -113.982110965304,
              41.9926620680524
            ],
            [
              -113.980497040386,
              41.9925726308843
            ],
            [
              -113.977237856416,
              41.9923919802003
            ],
            [
              -113.975693532966,
              41.9923063423005
            ],
            [
              -113.972364905631,
              41.9921218611574
            ],
            [
              -113.970890427992,
              41.992040111357
            ],
            [
              -113.970881958675,
              41.9920397000773
            ],
            [
              -113.970873485765,
              41.9920391993308
            ],
            [
              -113.967492166849,
              41.9918502674341
            ],
            [
              -113.96602941402,
              41.9917686020782
            ],
            [
              -113.961543261628,
              41.9915180056564
            ],
            [
              -113.961164081848,
              41.9914968172301
            ],
            [
              -113.956714514243,
              41.9912482394404
            ],
            [
              -113.956298545758,
              41.9912250111912
            ],
            [
              -113.95188580369,
              41.9909784473773
            ],
            [
              -113.951433167771,
              41.9909531739465
            ],
            [
              -113.951145247841,
              41.9909370783452
            ],
            [
              -113.94704290784,
              41.9907195332796
            ],
            [
              -113.946588520206,
              41.9906954555536
            ],
            [
              -113.942199782021,
              41.9904626705721
            ],
            [
              -113.941743458518,
              41.9904384438567
            ],
            [
              -113.93735669483,
              41.9902058722609
            ],
            [
              -113.936898437254,
              41.9901814952194
            ],
            [
              -113.932513519603,
              41.9899489614105
            ],
            [
              -113.932053576788,
              41.9899246076396
            ],
            [
              -113.931497197132,
              41.9898952428885
            ],
            [
              -113.927397392176,
              41.9897117789882
            ],
            [
              -113.926218823185,
              41.9896576523093
            ],
            [
              -113.922280393384,
              41.9894811450408
            ],
            [
              -113.921112473021,
              41.9894274141056
            ],
            [
              -113.917163426032,
              41.9892504608487
            ],
            [
              -113.916247843331,
              41.9892082734392
            ],
            [
              -113.912048221175,
              41.9890205830621
            ],
            [
              -113.91138400326,
              41.9889898958602
            ],
            [
              -113.906893645854,
              41.9887921954105
            ],
            [
              -113.906487934332,
              41.9887734792233
            ],
            [
              -113.901737951232,
              41.9885649547128
            ],
            [
              -113.901590617644,
              41.9885581455251
            ],
            [
              -113.899924762018,
              41.9884822128172
            ],
            [
              -113.896702309261,
              41.9884475578851
            ],
            [
              -113.896586968273,
              41.9884461483714
            ],
            [
              -113.891804149953,
              41.9883989673681
            ],
            [
              -113.891430345692,
              41.9883943428774
            ],
            [
              -113.886913199625,
              41.988349536179
            ],
            [
              -113.882398469128,
              41.9883046706913
            ],
            [
              -113.882019838219,
              41.9883000461937
            ],
            [
              -113.877884269535,
              41.9882580825021
            ],
            [
              -113.877129185233,
              41.9882489283135
            ],
            [
              -113.873371332075,
              41.9882099345269
            ],
            [
              -113.872239806059,
              41.988196488342
            ],
            [
              -113.872137867935,
              41.9881951689625
            ],
            [
              -113.868732202878,
              41.9882115930987
            ],
            [
              -113.867483300291,
              41.9882158944349
            ],
            [
              -113.8640934366,
              41.9882321456311
            ],
            [
              -113.862726741523,
              41.9882369050093
            ],
            [
              -113.859454653253,
              41.9882524210607
            ],
            [
              -113.857970168382,
              41.9882577186048
            ],
            [
              -113.854815972315,
              41.9882724160492
            ],
            [
              -113.854723760251,
              41.9882726397291
            ],
            [
              -113.853213950974,
              41.9882947159358
            ],
            [
              -113.850274464836,
              41.9883412299834
            ],
            [
              -113.848399175985,
              41.9883694416651
            ],
            [
              -113.845391051373,
              41.9884171748781
            ],
            [
              -113.843584269843,
              41.9884442387506
            ],
            [
              -113.840507748404,
              41.9884931784397
            ],
            [
              -113.838769356514,
              41.9885191933252
            ],
            [
              -113.835624321466,
              41.9885694276236
            ],
            [
              -113.833954434201,
              41.9885942165844
            ],
            [
              -113.833100235181,
              41.9886065816824
            ],
            [
              -113.83062294124,
              41.9886128974363
            ],
            [
              -113.829135533251,
              41.9886151916459
            ],
            [
              -113.825622568026,
              41.9886274866316
            ],
            [
              -113.824317050915,
              41.9886293802221
            ],
            [
              -113.820622103183,
              41.9886428503527
            ],
            [
              -113.819498595529,
              41.9886442658713
            ],
            [
              -113.815621796444,
              41.9886591622003
            ],
            [
              -113.814680302738,
              41.9886602051435
            ],
            [
              -113.813103062322,
              41.9886812456176
            ],
            [
              -113.812649213677,
              41.9886872415371
            ],
            [
              -113.810814947292,
              41.9887185151227
            ],
            [
              -113.80825395013,
              41.9887623300325
            ],
            [
              -113.806008367634,
              41.9888007138745
            ],
            [
              -113.803404904413,
              41.9888452792173
            ],
            [
              -113.801202257794,
              41.9888829692742
            ],
            [
              -113.798544753723,
              41.9889285641444
            ],
            [
              -113.796396498298,
              41.9889652853279
            ],
            [
              -113.793684466489,
              41.9890118255932
            ],
            [
              -113.792757733899,
              41.9890276379115
            ],
            [
              -113.791409941173,
              41.989048556744
            ],
            [
              -113.788823895387,
              41.9890889448273
            ],
            [
              -113.786423372369,
              41.9891263883614
            ],
            [
              -113.783963500355,
              41.98916486279
            ],
            [
              -113.781436418189,
              41.9892040128992
            ],
            [
              -113.779102218686,
              41.9892401450201
            ],
            [
              -113.776448953765,
              41.9892813415554
            ],
            [
              -113.774240926238,
              41.9893154919272
            ],
            [
              -113.772615183084,
              41.9893406598455
            ],
            [
              -113.771650015177,
              41.9893556094266
            ],
            [
              -113.769379374176,
              41.9893907285763
            ],
            [
              -113.766851066707,
              41.9894299473186
            ],
            [
              -113.764518055676,
              41.9894661140311
            ],
            [
              -113.762051473247,
              41.989503648149
            ],
            [
              -113.759655463365,
              41.9895402428077
            ],
            [
              -113.757251484528,
              41.9895768881895
            ],
            [
              -113.754792855782,
              41.9896143454581
            ],
            [
              -113.752467766095,
              41.9896498063207
            ],
            [
              -113.752285246396,
              41.9896525645354
            ],
            [
              -113.749930576085,
              41.9896879639495
            ],
            [
              -113.747318948975,
              41.9897272172284
            ],
            [
              -113.745067900231,
              41.9897611149758
            ],
            [
              -113.7423517739,
              41.9898014051249
            ],
            [
              -113.740256442721,
              41.989832565992
            ],
            [
              -113.737384563791,
              41.9898751075283
            ],
            [
              -113.735445094805,
              41.989904082361
            ],
            [
              -113.732895673334,
              41.9899418839619
            ],
            [
              -113.732303956649,
              41.9899508462818
            ],
            [
              -113.730633850195,
              41.9899754844759
            ],
            [
              -113.728063532114,
              41.990013135138
            ],
            [
              -113.725822553484,
              41.9900459651084
            ],
            [
              -113.723232096072,
              41.9900842567039
            ],
            [
              -113.72095553697,
              41.9901179259139
            ],
            [
              -113.718401261901,
              41.9901556098758
            ],
            [
              -113.71608850249,
              41.9901897697939
            ],
            [
              -113.7136483467,
              41.9902258165598
            ],
            [
              -113.712164374766,
              41.9902478533636
            ],
            [
              -113.711234874467,
              41.9902620809691
            ],
            [
              -113.708895490787,
              41.9902977164031
            ],
            [
              -113.70638129675,
              41.9903358963446
            ],
            [
              -113.704144714475,
              41.9903705402334
            ],
            [
              -113.701035937229,
              41.9904188354669
            ],
            [
              -113.699396735516,
              41.9904441818868
            ],
            [
              -113.696154287159,
              41.9904945895978
            ],
            [
              -113.694507962704,
              41.9905200334684
            ],
            [
              -113.692798544177,
              41.9905464841867
            ],
            [
              -113.691269716666,
              41.9905701139576
            ],
            [
              -113.689617237853,
              41.9905957220466
            ],
            [
              -113.68638695538,
              41.990645928667
            ],
            [
              -113.684601050697,
              41.9906736879782
            ],
            [
              -113.681545818432,
              41.9907215523309
            ],
            [
              -113.679584263465,
              41.9907520784559
            ],
            [
              -113.676704429954,
              41.9907972473461
            ],
            [
              -113.674673744237,
              41.990828852397
            ],
            [
              -113.671830213444,
              41.9908734123139
            ],
            [
              -113.671734427882,
              41.9908749225927
            ],
            [
              -113.66976292048,
              41.990901550097
            ],
            [
              -113.666951946429,
              41.9909396482202
            ],
            [
              -113.664853635537,
              41.9909680583847
            ],
            [
              -113.662050740934,
              41.9910061184107
            ],
            [
              -113.65994458236,
              41.9910346206843
            ],
            [
              -113.657149387217,
              41.9910722026174
            ],
            [
              -113.655027529685,
              41.9911007075321
            ],
            [
              -113.652289396427,
              41.9911375703442
            ],
            [
              -113.651622082918,
              41.9911465131332
            ],
            [
              -113.650110287465,
              41.9911625352377
            ],
            [
              -113.647429021158,
              41.9911910341029
            ],
            [
              -113.645193003923,
              41.991214877289
            ],
            [
              -113.642574725687,
              41.9912428900668
            ],
            [
              -113.640275594617,
              41.9912673708584
            ],
            [
              -113.637720414944,
              41.9912946311494
            ],
            [
              -113.637645483772,
              41.9912954537184
            ],
            [
              -113.635389790737,
              41.9913195579241
            ],
            [
              -113.632805525412,
              41.9913471066259
            ],
            [
              -113.631508507263,
              41.9913610161753
            ],
            [
              -113.630503976078,
              41.9913775710254
            ],
            [
              -113.62789101497,
              41.9914207958892
            ],
            [
              -113.625565283886,
              41.9914592796137
            ],
            [
              -113.622999369346,
              41.9915018567845
            ],
            [
              -113.62062634286,
              41.9915411416606
            ],
            [
              -113.618205295135,
              41.9915811128737
            ],
            [
              -113.615970745747,
              41.9916179507039
            ],
            [
              -113.613249547529,
              41.9916628599253
            ],
            [
              -113.611408390167,
              41.9916932587425
            ],
            [
              -113.610971539444,
              41.991696898187
            ],
            [
              -113.608333792919,
              41.9917192582992
            ],
            [
              -113.606032129498,
              41.9917387868363
            ],
            [
              -113.603446996401,
              41.9917607396582
            ],
            [
              -113.601094402995,
              41.9917806941525
            ],
            [
              -113.59856938875,
              41.9918057669555
            ],
            [
              -113.596231118083,
              41.991824756661
            ],
            [
              -113.593676805285,
              41.9918448914046
            ],
            [
              -113.591515059859,
              41.9918618654218
            ],
            [
              -113.591354969296,
              41.9918644005409
            ],
            [
              -113.588784810216,
              41.991904686688
            ],
            [
              -113.58648174183,
              41.9919406042915
            ],
            [
              -113.583975388289,
              41.9919797046219
            ],
            [
              -113.581609216847,
              41.9920165856195
            ],
            [
              -113.579044586,
              41.9920566186266
            ],
            [
              -113.576677684228,
              41.9920935042532
            ],
            [
              -113.574147788538,
              41.9921329176226
            ],
            [
              -113.571746377086,
              41.992170385405
            ],
            [
              -113.571585319037,
              41.9921729151705
            ],
            [
              -113.569250736852,
              41.9922032496487
            ],
            [
              -113.566814921722,
              41.9922349007377
            ],
            [
              -113.564393947658,
              41.9922664383088
            ],
            [
              -113.56188343851,
              41.9922990234214
            ],
            [
              -113.559537144989,
              41.9923296015351
            ],
            [
              -113.557003585071,
              41.9923625044208
            ],
            [
              -113.554676712228,
              41.9923928201143
            ],
            [
              -113.552123723547,
              41.9924260474491
            ],
            [
              -113.551670169549,
              41.9924319034754
            ],
            [
              -113.549816177957,
              41.9924568251312
            ],
            [
              -113.547243791954,
              41.9924911854468
            ],
            [
              -113.544955788315,
              41.9925217013759
            ],
            [
              -113.542363848683,
              41.9925562953362
            ],
            [
              -113.540095267519,
              41.9925866443202
            ],
            [
              -113.53749547751,
              41.9926213023401
            ],
            [
              -113.535234851826,
              41.9926514690231
            ],
            [
              -113.532627215033,
              41.9926862805684
            ],
            [
              -113.532087517092,
              41.9926935106048
            ],
            [
              -113.530374102858,
              41.9927112321691
            ],
            [
              -113.527758780079,
              41.9927380865754
            ],
            [
              -113.525505351697,
              41.9927612388275
            ],
            [
              -113.522890508619,
              41.9927881519663
            ],
            [
              -113.520636351703,
              41.9928113135474
            ],
            [
              -113.517900105806,
              41.9928394297765
            ],
            [
              -113.51576734093,
              41.9928613628569
            ],
            [
              -113.512909811689,
              41.9928906681539
            ],
            [
              -113.512031315935,
              41.9928997302066
            ],
            [
              -113.510898089407,
              41.9929147216816
            ],
            [
              -113.507919589437,
              41.9929532145177
            ],
            [
              -113.505972620416,
              41.9929785585931
            ],
            [
              -113.502929801072,
              41.9930178759403
            ],
            [
              -113.501047141544,
              41.9930424535262
            ],
            [
              -113.49858120141,
              41.9930744814207
            ],
            [
              -113.49620394386,
              41.9931053375721
            ],
            [
              -113.493864452382,
              41.9931357730888
            ],
            [
              -113.492336286032,
              41.9931557431757
            ],
            [
              -113.491360710243,
              41.9931645047481
            ],
            [
              -113.489147186823,
              41.9931840935979
            ],
            [
              -113.486595503394,
              41.9932063764079
            ],
            [
              -113.484429525107,
              41.9932255639875
            ],
            [
              -113.481830411529,
              41.9932483181433
            ],
            [
              -113.479657913269,
              41.9932675564516
            ],
            [
              -113.477017882328,
              41.9932906350698
            ],
            [
              -113.474885926834,
              41.9933094480731
            ]
          ]
        ]
      },
      "properties": {
        "OBJECTID": 2,
        "STATE": "Utah",
        "Shape__Area": 368285903203.79297,
        "Shape__Length": 2556957.0507793794,
        "GlobalID": "597d8031-a1f2-4099-affc-5066251702c1"
      }
    }
  ]
}